Rank,TeamId,TeamName,LastSubmissionDate,Score,SubmissionCount,TeamMemberUserNames
1,16913247,"Team Alicia","2026-09-30 23:11:44",0.94945,139,"krno1legend,lowasitgoes,uradkr"
2,16954601,Gigrise,"2026-09-30 20:50:43",0.94705,8,gigrais
3,16798949,"Chris Deotte","2026-09-30 18:59:48",0.94705,35,cdeotte
4,16823911,"Team A.Ş","2026-09-30 21:44:53",0.94704,231,"abanzdoan,ahmetbugrahanaltunok"
5,16960341,"Daniel Mineev","2026-09-30 21:03:28",0.94698,45,nilpotent1
6,16809885,"Paul Bryan Elefante","2026-09-30 23:52:58",0.94697,38,heuljax
7,16800007,Rapha,"2026-09-30 18:09:56",0.94695,126,raphaabels
8,16848954,Prior,"2026-09-30 19:08:34",0.94694,176,"anuraggarg1209,philippsinger,theklem1234"
9,16798852,"M & M","2026-09-30 23:50:50",0.94692,109,"mahoganybuttstrings,masayakawamata"
10,16855478,"CHEN Xiang","2026-09-30 15:25:57",0.94691,56,intoxicatinglips
11,16942458,"Syed Haris","2026-09-30 19:44:16",0.94690,31,syeharis
12,16799295,ikevayansky,"2026-09-30 23:18:19",0.94688,200,ikevayansky
13,16802221,"Maher el Ouahabi","2026-09-30 22:04:10",0.94688,100,maherelouahabi
14,16799811,"Ohm My Car","2026-09-30 20:30:16",0.94687,154,"aditya2909rb,aryankaisth,wguesdon"
15,16803825,"Laura Liepa","2026-09-30 21:20:18",0.94686,170,lauraliepa
16,16865368,F1star,"2026-09-30 23:58:18",0.94686,40,fistar
17,16798610,MILANFX,"2026-09-30 22:29:32",0.94686,26,milanfx
18,16937828,whycs123,"2026-09-30 15:19:39",0.94686,90,whycs123
19,16801830,Tilii,"2026-09-30 19:50:16",0.94686,192,tilii7
20,16922102,"Prabhat Agnihotri","2026-09-30 13:26:55",0.94685,24,agnihotriprabhat
21,16832536,"Md. Hamid Hosen","2026-09-30 15:31:57",0.94685,32,hosen42
22,16924966,SynthReaper,"2026-09-30 21:24:06",0.94684,32,synthreaper
23,16801950,haukesteffen,"2026-09-30 18:26:40",0.94684,67,haukesteffen
24,16843730,"Kaggler Sergio","2026-09-30 21:29:39",0.94684,61,kagglersergio
25,16798679,Don-Ravi,"2026-09-30 21:28:14",0.94684,152,"donmarch14,ravi20076"
26,16805636,Optimistix,"2026-09-30 23:57:49",0.94683,249,optimistix
27,16868144,"firat yavas","2026-09-30 22:11:58",0.94683,12,firatyavas
28,16863351,"GeunMo Yi","2026-09-30 23:47:45",0.94683,64,geunmoyi
29,16943178,sergeicu,"2026-09-30 22:40:59",0.94683,11,sergeicu
30,16798594,bostonkaggle,"2026-09-30 18:41:53",0.94683,104,"isthereanycode,lynnkim0"
31,16798625,haya,"2026-09-30 21:39:29",0.94683,76,yhay81
32,16984058,"Oguz Enver Uzan","2026-09-30 21:02:40",0.94682,20,oguzuzan
33,16799042,F.A.Nina,"2026-09-30 23:50:21",0.94682,168,nina2025
34,16932351,"Amr Yasser","2026-09-30 19:23:46",0.94682,4,amryasswe
35,16807826,"rupsa roy","2026-09-30 19:28:26",0.94682,27,rupsarroy
36,16849043,xinghan,"2026-09-30 20:01:37",0.94682,71,xinghan0220
37,16798730,"K.THARUN KUMAR","2026-09-30 23:23:48",0.94682,34,tharunkumar369
38,16946511,"Roustoum Abdel Moula","2026-09-30 20:34:49",0.94682,6,roustoumabdelmoula
39,16804847,"Vladimir Demidov","2026-09-30 19:59:53",0.94682,138,yekenot
40,16894204,"Team 青葱","2026-09-30 20:01:51",0.94682,45,"mingzezhang1,tonyhuangnb"
41,16918504,"Adnan Zaman","2026-09-30 20:12:56",0.94682,30,adnanzamanniloy
42,16798803,AnthonyTherrien,"2026-09-30 20:09:22",0.94682,47,anthonytherrien
43,16807961,"Arivu Chezhiyan","2026-09-30 20:15:09",0.94682,85,"arivuchezhiyan,jeevag2006"
44,16799115,kglctf,"2026-09-30 21:56:30",0.94682,299,kglctf
45,16924463,Matterhorn3838,"2026-09-30 23:26:18",0.94682,10,matterhorn3838
46,16798563,"M.N. Mohamed Aman","2026-09-30 23:20:18",0.94682,111,mnmohamedaman
47,16805518,"Santiago Maniches","2026-09-30 23:42:14",0.94682,110,santmani
48,16847802,IchikaHoshino,"2026-09-30 23:27:28",0.94682,218,"htunkhi,kaxa1910,ratatatat2107"
49,16920770,"Nikitas Rafael Nikitas","2026-09-30 22:01:24",0.94682,31,rafanikitas
50,16798882,Solid,"2026-09-30 23:53:45",0.94682,78,nizhen
51,16822859,Jeeva2470041,"2026-09-30 20:21:54",0.94682,9,jeeva2470041
52,16798784,yalpha,"2026-09-30 20:40:07",0.94682,121,yusukeimura
53,16799720,"Krizsó Gergely","2026-09-30 21:56:15",0.94681,46,lucifer19
54,16926809,62326368,"2026-09-30 21:58:37",0.94681,58,mooniim
55,16905828,"Gaurav Vyas","2026-09-30 17:12:41",0.94681,50,ctogaurav
56,16929647,Gaelaw,"2026-09-30 17:20:38",0.94681,64,"gaelaw,mathieuw"
57,16840013,ajikajadeh,"2026-09-30 17:07:51",0.94681,54,ajikajadeh
58,16949062,"Eason Gao","2026-09-30 17:16:34",0.94681,13,easongao2
59,16862526,"Javier Hernáez","2026-09-30 17:18:32",0.94681,12,javierhernaez
60,16993039,"Lakhindar Pal","2026-09-30 17:41:18",0.94681,2,lakhindarpal
61,16976313,"fake conquerors","2026-09-30 20:00:53",0.94681,18,samanyu1808
62,16811824,"Hammad Farooq","2026-09-30 18:11:23",0.94681,52,malikhammadfarooq
63,16939536,"I D E N T I T Y","2026-09-30 19:22:56",0.94681,26,slimypunk03
64,16968874,Uddeshay-ml,"2026-09-30 18:41:02",0.94681,24,uddeshayml
65,16880110,"papa chany pa","2026-09-30 19:06:25",0.94681,7,affansaied
66,16799914,tomasa2,"2026-09-30 22:03:08",0.94681,91,tomasa2
67,16798911,Chiranjeev,"2026-09-30 15:00:20",0.94681,43,abhirajhiwale
68,16879439,vizeno,"2026-09-30 18:04:38",0.94681,60,vizeno
69,16802848,Soham,"2026-09-30 16:56:49",0.94681,6,soham308
70,16942826,Layer_0,"2026-09-30 17:58:08",0.94681,22,"himanshux,uddeshayanand"
71,16810673,"BT boilerplate","2026-09-30 20:47:07",0.94681,7,btboilerplate
72,16804907,jvachier,"2026-09-30 17:42:53",0.94681,50,jvachier
73,16993681,"batuhan kalem","2026-09-30 23:22:53",0.94681,10,batuhankalem
74,16805583,jazivxt,"2026-09-30 19:23:27",0.94681,271,jazivxt
75,16993022,"Cameron Warrennn","2026-09-30 17:49:47",0.94681,5,cameronwarrennn
76,16866220,"Kydyrbek Kozykorpesh","2026-09-30 18:14:19",0.94680,11,kozykappa
77,16886396,"Rajan Nagarajan","2026-09-30 14:44:27",0.94680,9,narajan
78,16992280,Chloe,"2026-09-30 15:19:27",0.94680,1,baytree1238
79,16830559,guansuo,"2026-09-30 15:31:24",0.94680,7,guansuo
80,16875526,CHENJUNFENG,"2026-09-30 15:38:33",0.94680,17,fcjjpp
81,16803030,"Hoai Vo","2026-09-30 15:57:33",0.94680,50,vkhoai
82,16895859,"Tadeáš Tkadlec","2026-09-30 20:24:31",0.94680,48,tadetkadlec
83,16934946,"T.Ashwath Ram","2026-09-30 16:54:58",0.94680,190,"kavinn25,naveeen142007,tashwathram"
84,16954890,"HUANG PENGYU","2026-09-30 17:02:25",0.94680,22,huangpengyu
85,16865509,Danush_Kalyan,"2026-09-30 18:03:43",0.94680,9,danushkalyan
86,16801847,QuedboX,"2026-09-30 19:05:50",0.94680,7,asdfassdf
87,16809986,"Guru Prasaath S","2026-09-30 19:17:50",0.94680,8,guruprasaathas111
88,16928229,"Gao Yingbo","2026-09-30 18:16:47",0.94680,38,gaoyingbo
89,16845946,lucataco,"2026-09-30 16:16:37",0.94680,13,lucataco
90,16800764,"Mizushima Toshihiko","2026-09-30 16:23:42",0.94680,153,mizushimatoshihiko
91,16800029,BhuvanNR,"2026-09-30 23:53:41",0.94680,42,bhuvannr2006
92,16799788,"Timofej Golobokov","2026-09-30 21:34:36",0.94680,43,"dymy1ry,felixcumarav"
93,16799620,"Ismail Ucuran","2026-09-30 19:23:09",0.94679,40,ismailucuran
94,16882606,"Clare Laurent","2026-09-30 21:50:41",0.94679,9,clarelaurent
95,16798831,Naji,"2026-09-30 23:50:38",0.94679,222,"najiama,nathaliach"
96,16962692,Haarinii,"2026-09-30 11:55:50",0.94679,32,haarinii
97,16937293,dipper13579,"2026-09-30 14:53:00",0.94679,20,dipper13579
98,16839908,"Mehran Kazeminia","2026-09-30 09:06:12",0.94679,138,mehrankazeminia
99,16799982,"Talha Tursun","2026-09-30 09:00:56",0.94679,106,talhatursun
100,16820688,"Umair Zia","2026-09-30 09:24:22",0.94679,25,stealthtechnologies
101,16828688,"All over the golf","2026-09-30 14:01:00",0.94679,30,alloverthegolf
102,16985272,"benkerrouche abdelbasset","2026-09-30 10:31:49",0.94679,3,bassetkerouche
103,16990319,"Iason Malkotsis","2026-09-30 11:59:14",0.94679,10,jasonthird
104,16798870,"Jenny He","2026-09-30 11:07:14",0.94679,137,jennyheeeeee
105,16894434,"Zhenrui.Weng & Zhouyi.Wang","2026-09-30 12:41:50",0.94679,11,"zhenruiweng,zhouyiwang25"
106,16846969,"Ashwathram T","2026-09-30 14:50:33",0.94679,1,ashwathramt
107,16799231,"Omkar Kadam","2026-09-30 19:10:46",0.94679,172,itzzomkar
108,16799336,Souvik_D_Biswas,"2026-09-30 12:37:46",0.94679,8,souvikdbiswas
109,16802581,AI6102,"2026-09-30 15:22:53",0.94679,12,"liudiandian,lymhhh666"
110,16975568,sadanamaru,"2026-09-30 15:29:57",0.94679,8,sadanamaru
111,16966025,"Minato Namikaze","2026-09-30 15:19:03",0.94679,25,arunklenin
112,16980707,"Arhan canli","2026-09-30 16:54:58",0.94678,16,arhancanli12
113,16885983,"Mohamed el.harery","2026-09-30 07:33:25",0.94678,122,mohamedelharery
114,16823835,kakuteki,"2026-09-30 08:56:31",0.94678,6,kakuteki
115,16866443,goodpjw2008,"2026-09-30 18:20:29",0.94678,24,goodpjw2008
116,16813926,"인공저능연구소( Artificial Idiocy Lab )","2026-09-30 03:36:58",0.94678,243,megayak
117,16807114,jdw0899,"2026-09-30 10:21:24",0.94678,22,jdw0899
118,16944452,"Teddy Tennant","2026-09-30 22:36:22",0.94678,21,thtennant
119,16970854,Tarekswd,"2026-09-30 19:22:02",0.94677,18,tarekswd
120,16926841,"Oleksandr Zalievskyi","2026-09-30 13:52:48",0.94677,9,sashaworker
121,16898754,Lone_Sailors,"2026-09-30 15:58:26",0.94677,8,"ansarirexan,krushdev"
122,16806889,dagentui,"2026-09-30 17:58:29",0.94677,16,xuyang2024
123,16870701,"Võ Xuân Thùy","2026-09-30 17:38:31",0.94677,10,thyvxun
124,16799998,"Hemanth Raja Guttikonda","2026-09-30 14:41:31",0.94677,5,hemanthrajg
125,16881257,"minghao ma","2026-09-30 07:37:17",0.94677,48,minghaoma1
126,16965445,"Mohamed Salah","2026-09-30 22:37:14",0.94677,21,mosalah7
127,16809348,Mrsalty,"2026-09-30 07:52:59",0.94677,8,mrsaltyx
128,16802434,"Arko Bera","2026-09-30 14:41:43",0.94677,11,cartoonistbeard
129,16810341,datatuu,"2026-09-30 18:38:09",0.94677,26,yaoguang516
130,16991734,"Patrick Joël MAIRLOT-MBEZELE","2026-09-30 18:27:32",0.94676,10,pigenesis75
131,16799414,"Laurent Pourchot","2026-09-30 12:05:59",0.94676,62,pourchot
132,16809769,"Machine Learners","2026-09-30 18:18:48",0.94676,24,"adityakumaru,arvindlol,chashin"
133,16978739,"Hasan Cömert","2026-09-30 12:30:55",0.94676,19,hasancmert
134,16960466,"Phantom F5","2026-09-30 08:09:44",0.94676,57,phantomf5
135,16842264,"ML Player 1","2026-09-30 18:35:46",0.94676,42,"lihong0907,nemonade,stuartchu666"
136,16803084,"Satyam Kumar0725","2026-09-30 13:39:10",0.94676,37,satyamkumar0725
137,16805966,CAPRICORNUS0908,"2026-09-30 13:30:21",0.94676,172,capricornus0908
138,16906909,BobtheBot369,"2026-09-30 00:04:45",0.94676,78,bobthebot369
139,16839803,AreJain,"2026-09-30 00:33:35",0.94676,28,arejain
140,16971631,"Abdülbaki Bayır","2026-09-30 13:41:03",0.94675,31,abdlbakibayr
141,16806112,"Dariush Afshar","2026-09-30 00:39:50",0.94675,15,dariushafshar
142,16802295,Ajanraj,"2026-09-30 18:47:05",0.94675,42,ajanraj25
143,16916842,Anon,"2026-09-30 13:24:06",0.94675,50,anwarsadique
144,16926930,"Aleksei Martyniuk","2026-09-30 17:37:59",0.94675,13,alekseimartyniuk
145,16806696,米津玄師.,"2026-09-30 07:40:05",0.94675,77,useikawa
146,16800681,"Mikhail Naumov","2026-09-30 20:28:25",0.94675,169,mikhailnaumov
147,16849526,"hajiev nail","2026-09-30 20:12:54",0.94675,14,hajievnail
148,16989731,"Koumei Maki","2026-09-30 18:45:38",0.94675,9,"del=78bae1890bb1eae2,koumeimaki"
149,16840897,"Kiran Kunapuli","2026-09-30 20:41:28",0.94675,14,kirankunapuli
150,16805147,Hemingweb,"2026-09-30 22:21:53",0.94675,42,"hemingweb,nassimdev0x"
151,16917967,"Thái Văn Tài","2026-09-30 06:19:00",0.94675,39,thivnti
152,16823003,gulfan,"2026-09-30 15:31:39",0.94675,22,gulfan
153,16799525,BOB,"2026-09-30 14:46:48",0.94675,185,hotpotbro
154,16805610,"Marie Victoire IPOUK","2026-09-30 08:22:02",0.94675,11,marydata
155,16802736,"Joe Young","2026-09-30 13:32:51",0.94675,69,jsphyg
156,16958343,Andrewy,"2026-09-30 14:14:11",0.94675,43,youmingdeng
157,16989782,ShubhSeth007,"2026-09-30 23:36:17",0.94675,9,shubhseth007
158,16823053,XAVI,"2026-09-30 22:47:12",0.94675,16,xx1263
159,16947206,"Aron Bakes","2026-09-30 22:16:29",0.94675,33,aronbakes
160,16845336,onlynor,"2026-09-30 13:55:29",0.94675,2,onlynor
161,16961208,"Nada Youssef Amrawy","2026-09-30 17:13:16",0.94675,7,nadayoussefamrawy
162,16831551,"Wenbo Qin","2026-09-30 15:02:17",0.94674,50,wenboqin
163,16847429,scikit-learn,"2026-09-30 15:57:03",0.94674,42,scikitlearning
164,16803764,"lionel W509","2026-09-30 03:56:26",0.94674,36,lionelw509
165,16810298,"Jared Floersch","2026-09-30 18:13:18",0.94674,55,jaredfloersch
166,16799429,yuurei,"2026-09-30 22:58:00",0.94674,23,nyhalcyon
167,16903815,"HyeongSeok Lee_KR","2026-09-30 03:38:19",0.94674,13,hyeongseokleekr
168,16840371,CG,"2026-09-30 16:32:41",0.94674,107,alexanderwang2001
169,16889447,Exposed,"2026-09-30 07:15:30",0.94674,103,erickeller2
170,16989382,"Tatsuya Wakabayashi","2026-09-30 20:29:39",0.94673,8,tatsuyawakabayashi
171,16823555,"Bulşah Keçici","2026-09-30 20:47:37",0.94673,13,bulsahkecici
172,16848028,Kirderf,"2026-09-30 20:46:07",0.94673,142,kirderf
173,16947490,"IITH & NITA","2026-09-30 17:18:47",0.94673,26,"shivsatyam,toodumb"
174,16798714,"Sung Heo","2026-09-30 21:34:32",0.94673,55,kmmmvs
175,16823977,"Guilherme Raiuga","2026-09-30 14:20:56",0.94673,79,guilhermeraiuga
176,16798866,"Huzaifa Mankda","2026-09-30 21:11:17",0.94673,39,huzaifa242
177,16802405,"Toshifumi Komiya","2026-09-30 10:59:29",0.94672,72,toshifumikomiya
178,16799543,Finezza,"2026-09-30 19:03:00",0.94672,44,finezza
179,16965556,"Duc Trung Hoang","2026-09-30 15:41:58",0.94672,6,ductrunghoang
180,16803972,"Pradeep Sriramula","2026-09-30 15:49:48",0.94672,13,pradeep0245
181,16930522,"Shinonome Seiga","2026-09-30 17:49:57",0.94672,1,shinonomeseiga
182,16966993,Hironori,"2026-09-30 13:42:34",0.94671,10,hironoritakagishi
183,16975158,yuanshi789,"2026-09-30 02:12:27",0.94671,26,yuanshi789
184,16809944,"Brejesh Balakrishnan","2026-09-30 04:46:17",0.94671,7,brejeshbalakrishnan
185,16854578,"Asuu Dane","2026-09-30 01:22:57",0.94670,30,asuudane
186,16885753,"Rabia Naz","2026-09-30 22:01:37",0.94670,23,rabianaz22
187,16798880,Hermengardo,"2026-09-30 17:33:41",0.94670,87,hermengardo
188,16847933,weichy7,"2026-09-30 09:23:33",0.94670,29,weichy7
189,16980610,"Adisak Sukul","2026-09-30 00:02:02",0.94669,21,adisak
190,16886121,"Kota Fuchiwaki","2026-09-30 10:30:19",0.94669,45,kotafuchiwaki
191,16832427,ASHML,"2026-09-30 17:17:48",0.94669,21,ashml
192,16840935,miki,"2026-09-28 00:29:40",0.94669,109,miki2025lee
193,16802394,"LEVAN KANKADZE","2026-09-30 21:49:01",0.94668,12,synchrocyclotron
194,16806545,mochi0601,"2026-09-30 04:36:49",0.94667,43,mochi0601
195,16947779,"SHUBH SETH","2026-09-30 23:58:15",0.94667,18,sethshubh
196,16962037,"Ömer Faruk Yüce","2026-09-30 20:34:47",0.94667,5,merfarukyce
197,16803041,nkmr,"2026-09-30 03:52:36",0.94666,26,nicomugilove
198,16988606,naren_v,"2026-09-30 05:52:09",0.94666,7,varuthakari
199,16932982,"Francisco Angulo de Lafuente","2026-09-30 10:25:04",0.94666,40,franciscoangulo
200,16948518,muqsithanif,"2026-09-30 06:08:02",0.94666,79,meguminksdj
201,16993067,Shozyfrenia,"2026-09-30 18:04:17",0.94666,1,shozyfrenia
202,16798965,"Hussaan Haroon","2026-09-30 17:22:11",0.94666,6,hussaanharoon
203,16841803,JasonDTao,"2026-09-30 05:03:11",0.94666,7,jasondtao
204,16983574,"Bohan Shao","2026-09-30 13:02:34",0.94665,8,bohanshao
205,16968608,"Teo Benarous","2026-09-30 22:29:39",0.94665,5,teobenarous
206,16962422,zengpu,"2026-09-30 17:34:34",0.94665,7,zengpu
207,16805476,KuziJA,"2026-09-30 00:14:30",0.94665,113,kuzija
208,16822665,Leo,"2026-09-08 10:52:33",0.94664,28,nanaresudo
209,16867753,Varangians,"2026-09-30 09:22:33",0.94663,53,"rishabhp97,s171004,saachishetty28"
210,16957086,"Richard (Ryszard) Cieplechowicz","2026-09-30 12:47:37",0.94663,8,richardcieplechowicz
211,16806230,yukiZ,"2026-09-29 23:25:02",0.94663,7,hideyukizushi
212,16988202,Karina,"2026-09-30 02:02:54",0.94663,4,karinajoey
213,16848963,DefiAudit,"2026-09-30 00:16:18",0.94663,188,defiaudit
214,16863564,"Saki Tenma","2026-09-30 06:14:48",0.94663,23,sakitenma
215,16807998,"Md Abdul Al Hasib","2026-09-29 16:35:13",0.94663,18,mdabdulalhasib
216,16806374,"Ronit Agarwal","2026-09-30 00:11:53",0.94663,52,"boandme,ronitagarwal1,shauryasahdev2"
217,16970067,LEEKANG,"2026-09-30 02:15:57",0.94663,1,poby7722
218,16928153,anngle,"2026-09-30 04:52:20",0.94663,10,anngle
219,16798605,"Pavlo Ivanin","2026-09-30 23:37:33",0.94663,15,pavloivanin
220,16986735,"Ryan Fernandes","2026-09-30 05:58:49",0.94663,15,ryanfernandes1
221,16865334,Rohitt_94,"2026-09-30 14:16:15",0.94663,22,rohitt94
222,16889922,Simonlolita,"2026-09-30 11:07:09",0.94663,30,simonlolita
223,16948839,Celibistrial,"2026-09-27 13:37:13",0.94663,32,celibistrial
224,16966234,Silita,"2026-09-27 06:17:31",0.94663,11,silita
225,16962962,"Muhammed Ashiq Abdul Khader","2026-09-26 18:14:33",0.94663,13,ashiqabdulkhader
226,16817920,"Juan Oliver","2026-09-25 15:17:56",0.94662,26,juanmaoliver
227,16930652,D_EXIST,"2026-09-30 02:41:07",0.94662,89,dexist
228,16969120,"Arnab G.","2026-09-29 00:20:14",0.94662,27,brokenrib
229,16977594,"Hitarth Jain","2026-09-29 11:22:40",0.94662,4,hitarthjain0
230,16969033,"Umut Büdün","2026-09-29 19:42:03",0.94662,20,umutbdn
231,16853354,"Eduardo Molina","2026-09-26 01:31:49",0.94662,20,eduardomolinaai
232,16921192,"Heval Önay","2026-09-29 14:04:17",0.94662,16,hevalnay
233,16798984,sABHI,"2026-09-29 17:27:07",0.94662,85,"abhijeet000000007,clashingarena"
234,16992627,"Adam Vajda","2026-09-30 22:20:15",0.94662,10,vajdad4m
235,16832257,Jack,"2026-09-30 20:24:43",0.94661,21,jackg12345
236,16972808,Yoyo,"2026-09-29 10:32:52",0.94661,19,"hitishagoyal,navneetprabhat"
237,16799685,starkhushi,"2026-09-22 05:05:34",0.94661,130,starkhushi
238,16810015,shawncsx,"2026-09-30 00:47:10",0.94661,42,shawncsx
239,16970174,pioneerqaz,"2026-09-30 00:44:56",0.94661,12,pioneerqaz
240,16847628,"Kunal Desale","2026-09-29 09:24:30",0.94661,17,kunaldesale2408
241,16978397,"Vasu Soni","2026-09-28 12:39:36",0.94661,1,vasusoni
242,16933215,ashark.0027,"2026-09-28 12:43:40",0.94661,3,ashark0027
243,16968806,"Ayaan Mustafa","2026-09-29 12:34:20",0.94661,19,ayaanmustafa
244,16897877,"Mitansh kanani ","2026-09-30 16:47:38",0.94661,44,"aadithire,mitanshkanani"
245,16798636,"Jeki Wan Taufik","2026-09-29 00:29:46",0.94661,15,jek1wantaufik
246,16984469,"Phoenix #3","2026-09-29 10:28:25",0.94661,1,chetanagrawall
247,16865714,"UTE AI Lab","2026-09-29 10:43:35",0.94661,20,nguynchutncng
248,16920408,"Artur Markosyan","2026-09-29 13:47:58",0.94661,23,arturmarkosyan2
249,16799732,camurberkayy,"2026-09-30 11:08:30",0.94661,13,camurberkayy
250,16889144,"YASH JAMINE","2026-09-30 12:35:42",0.94661,14,yashjamine
251,16952788,"Aarav C","2026-09-30 17:03:21",0.94661,24,roboplayz
252,16946640,Stefan,"2026-09-30 18:06:28",0.94661,3,stefanbschneider
253,16933154,"Atlas Black","2026-09-30 06:21:47",0.94661,28,"atlasblack,gongbai"
254,16919982,"Nao Matsuda","2026-09-30 22:43:54",0.94661,14,machi70
255,16907199,N.N.,"2026-09-30 06:42:58",0.94660,15,wilsonping
256,16949191,"Sarun P M","2026-09-30 17:14:18",0.94660,4,sarunpm
257,16848410,takemo,"2026-09-26 12:23:38",0.94660,78,takemoriyuto
258,16872029,devsungyeon,"2026-09-22 06:27:01",0.94660,74,devsungyeon
259,16897049,"Sammy Anagavah","2026-09-30 09:43:54",0.94660,3,sammyanagavah
260,16944232,"Jimin Wang","2026-09-30 06:22:16",0.94660,3,jimmy987654
261,16989173,"Diyorbek Islomov","2026-09-30 08:30:32",0.94660,1,diyorislomov
262,16855994,Vanshika,"2026-09-30 09:02:32",0.94660,13,crystalbaby
263,16991391,"Riddy Mazumder","2026-09-30 12:52:44",0.94660,1,riddymazumder
264,16880417,Dazai_is_not_here,"2026-09-30 16:17:04",0.94660,26,minmattral
265,16804877,"Code by Nadiia","2026-09-30 16:43:05",0.94660,14,codebynadiia
266,16928334,"Vaibhav Nhayade","2026-09-30 19:33:34",0.94660,1,nhayadevaibhav
267,16861020,"VIKASH YADAV","2026-09-29 04:45:36",0.94660,20,vikashyadav05
268,16799784,"Mathurin Ache","2026-09-29 07:48:44",0.94660,12,mathurinache
269,16971795,"Lewis Roy","2026-09-29 08:24:15",0.94660,8,lewisroy
270,16839897,kenchanhodgkin,"2026-09-30 21:56:05",0.94660,78,kenchanhodgkin
271,16848218,"Thiago L.","2026-09-30 10:45:37",0.94660,21,thaago
272,16963295,"Kwaku Bonsu Wiredu","2026-09-29 15:56:22",0.94660,7,kwakubonsuwiredu
273,16817026,kif,"2026-09-29 23:34:04",0.94659,23,echigobran
274,16944934,Orange,"2026-09-30 13:22:06",0.94659,5,ou20040313
275,16942023,hr15de,"2026-09-30 13:21:18",0.94659,14,hr15de
276,16809987,ManuelArt,"2026-09-25 01:45:58",0.94659,87,manuelart
277,16943698,"Akil Al-Sharafi","2026-09-25 10:16:53",0.94659,28,akilalsharafi
278,16839884,"MN Kaggler","2026-09-30 10:12:45",0.94659,30,mnkaggler
279,16868621,"Code Master","2026-09-30 22:19:46",0.94658,103,abdullahmathar
280,16926400,Kizabgd123,"2026-09-21 06:18:57",0.94658,27,kiza123123
281,16929633,snehitha28,"2026-09-30 17:29:06",0.94658,28,andapallysnehitha
282,16876270,"Asem Adnan","2026-09-26 17:29:14",0.94658,140,asemadnan
283,16872249,Farazsha,"2026-09-20 05:42:04",0.94658,9,farazsha
284,16798830,Juyong,"2026-09-29 01:29:55",0.94658,114,kimdoong
285,16918435,"Roxy CAT22","2026-09-22 09:53:42",0.94658,33,roxycat22
286,16917128,Here,"2026-09-28 21:56:04",0.94658,7,here78682
287,16968833,"Priyanshu Kumar","2026-09-28 11:02:17",0.94658,18,priyanshu2090
288,16953361,"Dheerendra Singh Tomar","2026-09-28 07:23:09",0.94657,8,tomardheerendra
289,16802297,"Aman Atar","2026-09-25 14:19:12",0.94657,140,amanatar
290,16897007,"RUSHMANTH NALLURI","2026-09-24 00:08:14",0.94657,25,rushmanthnalluri
291,16913372,"Devansh Gupta","2026-09-30 14:01:58",0.94657,40,hedwigarch27
292,16920308,VicenteCardoso,"2026-09-27 09:06:41",0.94657,10,vicentescardoso
293,16885493,Briano,"2026-09-28 03:49:08",0.94657,8,woominyo
294,16799328,CyberRacoon,"2026-09-24 10:20:21",0.94657,110,racoontw
295,16801189,Keanan,"2026-09-28 07:55:27",0.94657,27,citerne
296,16921149,Soren-ABT,"2026-09-24 08:50:11",0.94657,36,"infinitescope,niscondermoriarty,sorenabt"
297,16856887,Aamod06,"2026-09-26 14:14:13",0.94657,11,aamod06
298,16805281,SC,"2026-09-26 14:45:57",0.94657,44,ryosketchbook2007
299,16916561,"Prinshu Dewangan","2026-09-26 16:09:43",0.94657,4,prinshudewangan
300,16881380,"GAURAV PARKHEDKAR","2026-09-27 09:16:10",0.94657,10,gauravparkhedkar
301,16947748,k1nyua,"2026-09-28 12:25:24",0.94657,25,k1nyua
302,16799216,"Ilya Sevastyanov","2026-09-30 03:14:52",0.94657,29,sev1lya
303,16974617,ianchute,"2026-09-27 22:22:55",0.94657,1,ianchute
304,16799121,thisray,"2026-09-24 05:45:49",0.94657,15,thisray
305,16871921,"Md Arafat","2026-09-30 11:51:23",0.94657,126,arafat362
306,16955085,pinion05,"2026-09-25 08:20:41",0.94657,9,pinion05
307,16807117,shisan92,"2026-09-27 02:29:51",0.94657,30,shisan92
308,16932088,"HuaXiang Liang","2026-09-27 03:09:10",0.94657,37,rakanl
309,16925978,herens,"2026-09-29 06:04:21",0.94657,44,herens
310,16890917,"Jiatong Ji","2026-09-20 07:21:51",0.94657,23,jiatongji
311,16943604,"Wael El Ghazzawi","2026-09-22 21:11:31",0.94657,10,waelelghazzawi
312,16841137,"Görkem Ege Akıncı","2026-09-25 02:56:41",0.94657,18,grkemegeaknc
313,16967441,"Ahmet Kağan Koral","2026-09-29 18:10:03",0.94657,8,kagankoral
314,16824841,"Faraz Shamim","2026-09-28 11:22:06",0.94657,51,mrimperium
315,16802907,YUYA,"2026-09-30 10:07:08",0.94657,24,yuyaizumikawa
316,16808782,"Semih Temiz","2026-09-22 20:50:13",0.94657,27,semhtemiz
317,16804794,avg,"2026-09-25 14:02:26",0.94657,45,alexgagloev
318,16953249,"Thomas Tschinkel","2026-09-24 12:45:21",0.94657,5,thomastschinkel
319,16831056,"Alexey Kuznetsov","2026-09-26 14:44:31",0.94657,167,legtarrr
320,16799087,easonyanyan,"2026-09-28 04:56:58",0.94657,30,easonyanyan
321,16961288,HyperNeonByte,"2026-09-30 15:50:13",0.94657,10,hyperneonbyte
322,16969409,explise,"2026-09-28 12:44:36",0.94657,18,explise
323,16799681,S-as-H,"2026-09-30 10:38:03",0.94657,74,sasha1111
324,16876094,Nihil1337,"2026-09-30 18:03:06",0.94657,38,nihil1337
325,16814691,"Chinzorigt Ganbat","2026-09-29 13:50:04",0.94657,67,chinzorigtganbat
326,16876854,MPEVP,"2026-09-25 17:55:26",0.94657,12,manojmandal
327,16886880,"Elvis GEM","2026-09-24 12:06:38",0.94657,25,elvisgem
328,16953096,"Harish Yadav","2026-09-24 11:49:43",0.94657,1,harishyadav0506
329,16954083,TomaszBoguslawski,"2026-09-24 13:49:09",0.94657,1,tomaszboguslawski
330,16937097,etsuko,"2026-09-28 14:23:32",0.94657,5,etsukonaganawa
331,16955169,SibamSamanta07,"2026-09-24 17:16:41",0.94657,1,sibamsamanta07
332,16802111,"Nazar Koval","2026-09-30 20:23:45",0.94657,52,miickey
333,16948162,DovyDigital,"2026-09-25 00:08:28",0.94657,4,dovydigital
334,16853864,"Ritanshu Prasad","2026-09-28 09:58:44",0.94657,5,ritanshuprasad
335,16961274,河瀬　蒼央,"2026-09-25 13:10:55",0.94657,1,aomaru07
336,16820934,"Nilav Kashyap","2026-09-25 14:28:39",0.94657,7,nilavkashyap
337,16967958,"Wai Wai","2026-09-27 03:14:52",0.94657,5,leavewaimemory
338,16967877,ISeeData,"2026-09-29 06:59:04",0.94657,6,deepon73
339,16954730,"Lio Kingo","2026-09-28 06:43:08",0.94657,21,liokingo
340,16843671,Soni-KR,"2026-09-29 13:11:51",0.94657,11,mouradkraiem
341,16979056,"Panagiotis Anagnostou","2026-09-29 19:02:55",0.94657,3,panosanag
342,16839989,awei,"2026-09-28 16:27:32",0.94657,13,awei666
343,16931489,Zuoqinghua,"2026-09-29 00:13:00",0.94657,12,zqh666
344,16981924,K1taIkuyo,"2026-09-29 05:19:23",0.94657,6,k1taikuyo
345,16980381,"Navya Nawal","2026-09-30 13:43:14",0.94657,9,navyanawal
346,16959044,"Punit Kanzariya","2026-09-30 12:40:37",0.94657,14,punitkanzariya
347,16804031,JusteME😅,"2026-09-22 18:27:50",0.94657,37,degnonguidi
348,16943450,"green algeria","2026-09-22 19:08:46",0.94657,1,greenalgeria
349,16944869,"Sahil Sharma","2026-09-23 10:03:33",0.94657,1,sahilsharma099
350,16809918,aliemirkoca,"2026-09-23 14:06:10",0.94657,33,aliemirkoca
351,16926155,"Samer Elhamy ","2026-09-21 16:15:16",0.94657,19,samerelhamy
352,16887398,ymtezo,"2026-09-20 16:03:42",0.94657,8,ymtezo
353,16843656,"Raju Sah","2026-09-22 01:13:18",0.94657,62,rajucode
354,16807946,"Supanat Khaodhiar","2026-09-28 20:16:24",0.94657,31,supanatkhaodhiar
355,16971606,azamat1ch,"2026-09-27 20:48:31",0.94656,5,azamat1ch
356,16916970,Zuki,"2026-09-19 10:51:39",0.94656,19,zulkarneyn
357,16933056,"WANG DONGYANG","2026-09-27 23:39:48",0.94656,9,wangdongyang
358,16962707,"Dragos XI","2026-09-29 21:00:14",0.94656,5,dragosxi
359,16941384,Shaun2024,"2026-09-23 07:28:50",0.94656,7,shaun2024
360,16805739,"Gerald Schwartz","2026-09-30 00:30:54",0.94656,13,geraldschwartz
361,16989373,"Md Jahidul Islam Jihad","2026-09-30 06:53:12",0.94656,1,shouvroo
362,16847692,"Aryaveer Gupta","2026-09-30 07:01:14",0.94656,25,aryaveergupta
363,16991170,"AbdUlaziz Mohammed","2026-09-30 12:49:17",0.94656,2,i0nlyaziz
364,16858192,"Igor A","2026-09-20 10:08:43",0.94656,27,igorarapov
365,16955421,kalizo,"2026-09-27 03:16:44",0.94656,8,parzival110606
366,16799518,"Danish Adam","2026-09-29 08:55:48",0.94656,24,danishpythonian
367,16798614,cstdy,"2026-09-20 12:21:22",0.94656,73,kirill0212
368,16925603,梦里真的什么都有,"2026-09-30 01:50:56",0.94656,110,junquanshenhua
369,16926330,"Mitudru Dutta","2026-09-24 11:18:46",0.94656,13,mitudru
370,16935708,"potter xu","2026-09-22 05:27:55",0.94656,6,potterxu
371,16886721,"Harsh Kumar","2026-09-23 02:55:31",0.94656,19,harsh778190
372,16881329,"Den Pugovkin","2026-09-24 13:30:41",0.94656,78,denpugovkin
373,16913726,suxing-star,"2026-09-19 05:19:35",0.94656,3,suxingstar
374,16924943,"Web wizard","2026-09-19 10:06:40",0.94656,1,mayankthakur4274
375,16844504,Grace7523,"2026-09-19 12:40:39",0.94656,2,grace7523
376,16926639,Diganta,"2026-09-21 18:15:31",0.94656,2,digantabhattacharya
377,16935533,sztszt0726,"2026-09-22 08:53:43",0.94656,1,sztszt0726
378,16942220,matelong,"2026-09-22 14:36:22",0.94656,3,matelong
379,16907290,"Juno Leong","2026-09-29 17:36:51",0.94656,13,leongbeeching
380,16807259,"Manoj L9865988","2026-09-29 19:45:10",0.94656,36,"manojl9865988,navyashettynsagae"
381,16924866,"Abhishek Mahto","2026-09-19 09:57:48",0.94656,1,abhishek3115
382,16877418,"Kostiantyn Kazanin","2026-09-30 09:34:22",0.94656,65,kostya876
383,16926041,"[KGZ] Aruke Sulaimanova","2026-09-19 15:16:49",0.94656,1,arukesulaimanova1
384,16860962,"Suraj Kumar Nanda","2026-09-30 15:52:07",0.94656,53,surajkumarnanda
385,16906698,"GeniusLab Coding Club","2026-09-27 09:33:06",0.94656,23,"nathanleeqingdao,vincentcq,zhanyunze"
386,16931360,"Elon Peep","2026-09-21 16:07:32",0.94656,12,elonpeep
387,16798611,"Samuel martinez perez","2026-09-19 13:15:40",0.94656,12,samuelmartinezperez
388,16799484,"Charismatic Pizza Party🍕","2026-09-28 05:28:46",0.94656,8,debugendless
389,16930331,borealisalastor,"2026-09-20 11:23:33",0.94656,1,"alexliang817,andrewshiyangwang,borealis27"
390,16798971,daoviet,"2026-09-20 13:53:34",0.94656,26,daoviet
391,16932313,"ادم عبده","2026-09-20 21:29:45",0.94656,6,"abdh778,mazenalsharq,mohyaldeen77"
392,16866332,Mantis,"2026-09-22 13:17:05",0.94656,10,orchidmantis
393,16806736,"Heet Limbani","2026-09-21 15:50:13",0.94656,12,heetlimbani69
394,16933854,m_meles,"2026-09-21 16:34:30",0.94656,4,mmeles
395,16933838,MYOUCER,"2026-09-24 08:00:11",0.94656,16,myoucer
396,16814708,maronist,"2026-09-22 05:11:41",0.94656,10,emikonandate
397,16939610,"K Wayne","2026-09-22 07:04:18",0.94656,1,kikikukikii
398,16931887,"Dalton Omondi","2026-09-26 06:46:45",0.94656,23,daltongabrielomondi
399,16875499,"Berat Erol ÇELİK","2026-09-29 13:02:59",0.94656,101,beraterolelk
400,16925075,"Killer Codm","2026-09-19 13:02:10",0.94656,1,killercodm
401,16978899,casper2080,"2026-09-29 03:10:08",0.94656,7,casper2080
402,16907304,swamyksk@2004,"2026-09-25 17:01:49",0.94655,45,swamyksk2004
403,16916705,paugibertacarreta,"2026-09-20 19:59:36",0.94655,23,paugibertacarreta
404,16947885,"Syed Mohammad Ali","2026-09-24 12:19:39",0.94655,8,syedmohdali121
405,16870782,e3k,"2026-09-23 08:10:24",0.94655,44,ekleezhya
406,16953989,lockcole,"2026-09-25 03:26:46",0.94655,13,lockcole
407,16936562,mukdam,"2026-09-29 12:47:11",0.94655,8,"damianonicolussi,guptamukund"
408,16989621,"jvnhong lei","2026-09-30 16:13:39",0.94655,10,jvnhonglei
409,16805488,"Meryem Kevser Keskin","2026-09-27 16:31:46",0.94655,13,meryemkevserkeskin
410,16922728,"Dhyanesh Anchula","2026-09-21 13:56:37",0.94655,5,dhyaneshanchula
411,16882163,"Oleksii Zhukov","2026-09-19 04:22:25",0.94655,31,zhukovoleksiy
412,16946750,"Kefei Yan","2026-09-24 18:24:02",0.94655,8,kefeiyan
413,16969657,"Anand B","2026-09-28 00:05:04",0.94655,12,anandb71
414,16802586,"Rob Schieber","2026-09-30 22:32:21",0.94655,44,robschieber
415,16798705,shushushun,"2026-09-26 11:43:39",0.94655,9,shushushun
416,16866334,"Zihang Yu","2026-09-30 19:21:41",0.94655,10,zihangyu26
417,16807474,"Tamerlan Omralinov","2026-09-29 08:55:27",0.94654,36,tamerlanomralinov
418,16842110,nick.ai007,"2026-09-25 04:17:31",0.94654,9,nickai007
419,16802720,shimizuYY,"2026-09-27 16:09:10",0.94654,37,shimizuyy
420,16976448,"chen yibo","2026-09-29 00:58:34",0.94653,11,chyibo
421,16843266,Jim879793123,"2026-09-30 12:49:44",0.94653,62,jim879793123
422,16822208,"Jasper Dekoninck","2026-09-05 18:28:21",0.94653,16,jasperdekoninck
423,16889701,"Rahul Balakrishnan Adhi","2026-09-29 12:46:13",0.94653,15,rahuladhi
424,16889558,"Sharath S","2026-09-29 12:48:08",0.94653,4,akicodes
425,16882307,"Yadunandan Raman","2026-09-29 12:48:35",0.94653,13,yadunandanraman
426,16889676,rowhit,"2026-09-29 12:52:10",0.94653,5,rohitsrinivasan31
427,16798792,Allan,"2026-09-29 23:42:10",0.94653,10,bayntuna
428,16802882,"Adithya Giridharan","2026-09-23 13:59:16",0.94653,66,adithyagiri
429,16805319,サポタン,"2026-09-30 02:10:30",0.94653,51,sapotan
430,16802953,Ole-Jakob,"2026-09-30 08:47:41",0.94653,58,olejakobrosenvold
431,16865969,"SAURABH VISHWAKARMA","2026-09-18 06:54:02",0.94652,28,surabhv21
432,16857288,Jerry,"2026-09-30 01:42:55",0.94652,19,jerry34
433,16977750,kojikojikeio,"2026-09-29 00:06:43",0.94652,12,kojikojikeio
434,16904645,"Longyu Qin","2026-09-17 22:53:15",0.94651,17,longyuqin
435,16952534,"Nolan BONHOMME","2026-09-29 00:02:30",0.94651,26,nolanbonhomme
436,16811459,GCarnovale,"2026-09-29 00:21:14",0.94651,110,gcarno
437,16970980,Yoyo0125,"2026-09-29 23:05:49",0.94651,15,yoyo20120125
438,16858954,"Khoi Ng","2026-09-17 08:37:42",0.94651,3,khoingt
439,16894248,"Ahsaan Raza","2026-09-17 17:45:56",0.94651,2,raoahsaanmaniii
440,16919863,"Arseniy Kalashnikov","2026-09-18 09:52:53",0.94651,4,"arseniykalashnikov,mikewow"
441,16914484,"Sachin Sachdeva","2026-09-18 11:49:30",0.94651,18,sachinsachdeva
442,16890256,"Luca Portugalli","2026-09-16 21:07:00",0.94651,4,lucaportugalli
443,16977842,"Ujjval Patel","2026-09-30 08:51:35",0.94651,6,ujjvalpatel1003
444,16922915,JerryChen,"2026-09-28 00:56:11",0.94651,46,horse602
445,16805381,taiseiu,"2026-09-18 05:59:03",0.94651,38,taiseiu
446,16847295,"Team HRI","2026-09-16 11:56:35",0.94651,6,nilseinecke
447,16814215,Pra,"2026-09-18 18:17:43",0.94651,39,prabhatagnihotri
448,16909151,mrwanggang,"2026-09-23 06:42:29",0.94651,13,mrwanggang
449,16825448,"Arnav Goel","2026-09-16 14:38:14",0.94651,36,arnavgoel17
450,16809336,"Sreejit Pradhan","2026-09-18 16:17:12",0.94651,22,sreejitpradhan
451,16845269,"GyuDong Lee","2026-09-17 02:16:11",0.94651,11,gyudonglee
452,16912809,spark328,"2026-09-17 09:19:01",0.94651,2,spark328
453,16881307,yeqinxin,"2026-09-18 06:54:04",0.94651,3,yqx123456
454,16918752,"Hyun-woo Kim","2026-09-18 06:45:26",0.94651,1,hwkims
455,16799149,"Jay Prakash","2026-09-30 22:46:04",0.94651,14,godofoutcasts
456,16920300,"Sum Hsin Jee","2026-09-18 14:23:52",0.94651,1,sumhsinjee
457,16921247,"Лукин Алексей","2026-09-18 21:13:06",0.94651,2,lukinalexey
458,16808095,kminsher,"2026-09-25 11:23:18",0.94651,28,kminsher
459,16822873,hkassimi,"2026-09-20 13:28:37",0.94651,8,hkassimi
460,16930462,"Дмитрий Томилов","2026-09-20 16:19:40",0.94651,8,floyed
461,16889983,"Subodh Deogade","2026-09-16 14:01:11",0.94651,3,sometimessubodh
462,16910591,"Laraib Fatima","2026-09-17 03:59:39",0.94651,2,laraib888
463,16921484,"Ahmed Abohadeed","2026-09-18 15:43:56",0.94651,1,abo7adeed
464,16893928,JackyFan123,"2026-09-16 11:18:45",0.94650,20,jackyfan123
465,16852305,RainbowC0,"2026-09-16 05:10:39",0.94650,23,wenyezhou
466,16888372,"Niloofar Yoonesi","2026-09-27 07:07:47",0.94650,12,niloofaryoonesi
467,16828094,兄弟陪我同甘共苦，我就变同甘苦兄弟,"2026-09-20 09:28:21",0.94650,33,"typh0000n,yuanzhihao030605"
468,16906682,"peizhen qiu","2026-09-16 13:58:40",0.94650,2,peizhenqiu
469,16799267,June3141,"2026-09-29 13:49:29",0.94650,8,june3141
470,16879871,Jakiduy,"2026-09-17 16:45:03",0.94650,14,jakiduy
471,16885873,"Дмитрий Герасимов","2026-09-13 10:58:15",0.94650,7,domager72
472,16823225,Aurrog,"2026-09-13 16:25:58",0.94650,26,aurrog
473,16897999,Kelp1k,"2026-09-15 21:11:29",0.94650,10,doktorkelp
474,16808961,QSynPrim,"2026-09-15 08:12:56",0.94650,62,ksmashhero
475,16827009,dosomethingbetter,"2026-09-18 10:34:56",0.94650,2,dosomethingbetter
476,16828069,Soham7,"2026-09-19 05:44:31",0.94650,6,sohamsavalekar
477,16829821,"Raghav Agrawal","2026-09-13 19:16:26",0.94650,19,raghagra
478,16803858,"Elvern Neylmav Tanny","2026-09-14 03:11:21",0.94650,18,elvernneylmavtanny
479,16911754,"Mohd Aasim Ansari","2026-09-18 05:35:52",0.94650,5,aasim2003
480,16826356,"Pablo César Ruíz","2026-09-20 02:03:25",0.94650,13,pcruiher08
481,16806846,"Akhilesh godugu","2026-09-14 15:11:22",0.94650,6,akhileshgodugu
482,16854763,"Iswar Patra","2026-09-25 16:41:37",0.94650,9,iswarpatra
483,16798601,"Georgy Mamarin","2026-09-26 11:59:48",0.94650,18,georgymamarin
484,16844752,"Senih Bayankulu","2026-09-20 14:10:32",0.94650,22,senihbayankulu
485,16832827,JeedimetlaCharan213,"2026-09-15 11:56:37",0.94650,14,jeedimetlacharan213
486,16891090,"yankai shao","2026-09-16 01:23:13",0.94650,1,yankaishao
487,16799609,"Vinay Rai","2026-09-25 11:49:18",0.94650,18,vinay24baghira
488,16821861,"Mohammed Majeed","2026-09-26 14:18:01",0.94650,5,mojjeed
489,16897825,ghostttt_who,"2026-09-16 12:26:40",0.94650,10,ghosttttwho
490,16839321,shenjj02,"2026-09-26 12:11:41",0.94650,5,shenjj26
491,16945611,"Yoshitomo AI","2026-09-26 13:26:52",0.94650,17,yoshitomoai
492,16804861,RuiFSPinto,"2026-09-28 06:47:15",0.94650,77,ruifspinto
493,16875988,Taeyang,"2026-09-14 11:24:41",0.94650,37,taeyangg4
494,16843855,"Sumit Sarkar","2026-09-15 17:58:47",0.94650,20,"csubhradipta,sumitsarkar969,suvagpoddar"
495,16806684,"Akmal Azzam o'g'li","2026-09-30 20:31:04",0.94650,38,akmalmir
496,16891683,yjjhuj,"2026-09-15 05:54:13",0.94650,8,yjjhuj
497,16808436,NIklitaCheporev,"2026-09-23 21:59:28",0.94650,25,niklitacheporev
498,16801810,"Anushka Kumari","2026-09-15 13:18:48",0.94650,6,kumarianushka02
499,16896249,"Gaurav Kokila","2026-09-29 18:59:54",0.94650,12,gauravkokila
500,16896130,"Pj Sh","2026-09-16 12:27:59",0.94650,3,amirtanha
501,16804076,"Renji Starfall","2026-09-16 21:29:40",0.94649,22,renjistarfall
502,16831827,"nick gault","2026-09-16 05:45:36",0.94649,31,nicholasgg
503,16872257,"Tomohiko Ikeda","2026-09-12 15:15:51",0.94649,8,tomohikoikedajpn
504,16854010,"Dank Axon","2026-09-16 05:40:55",0.94649,11,dankaxon
505,16945562,"Parth Patel","2026-09-29 22:49:04",0.94649,11,parthpatel2130
506,16884013,"fahim magsi","2026-09-13 11:16:52",0.94649,10,fahimmagsi
507,16885322,aether,"2026-09-13 12:20:19",0.94649,2,aether74
508,16892601,Rockandmat,"2026-09-30 13:39:07",0.94649,10,rockandmat
509,16799762,NapoleonIT,"2026-09-14 07:31:37",0.94649,66,alexfeklin1234
510,16974443,Pirhosseinlou,"2026-09-28 13:05:24",0.94649,3,pirhosseinlou
511,16887566,"Sōsuke Aizen","2026-09-13 18:17:32",0.94649,1,soukeaizenz
512,16853876,KotaroT1,"2026-09-30 04:51:56",0.94649,19,kotarot1
513,16802764,cigdembal,"2026-09-29 11:08:12",0.94649,61,cigdembaloglu
514,16802824,"Liam O’Brien","2026-09-29 23:00:48",0.94649,11,liamob96
515,16926569,"Jet Locati","2026-09-30 20:22:32",0.94649,3,jetlocati
516,16827807,"Alpay Abbaszade","2026-09-15 16:41:07",0.94649,17,alpayabbaszade
517,16886835,LIH.YUN,"2026-09-13 18:04:03",0.94649,2,fxlcee
518,16950129,s0673468,"2026-09-30 13:56:13",0.94649,41,s0673468
519,16799438,"Tahseen Aslam","2026-09-28 07:43:45",0.94648,8,tahseenaslam
520,16932732,"Chris Chia","2026-09-23 12:52:01",0.94648,14,cchia3
521,16800040,"Fabien Roduit","2026-09-27 07:43:17",0.94648,8,kamiryu
522,16885134,"Manjunadh Padarthi","2026-09-17 06:28:20",0.94648,6,manjunadhpadarthi
523,16810800,Randy,"2026-09-21 01:39:46",0.94648,51,rvndyerwin
524,16850553,"Mark Barney","2026-09-29 12:03:15",0.94648,5,markbarney
525,16842157,SM30,"2026-09-11 13:09:35",0.94648,27,sagarmane104
526,16944307,Lukan,"2026-09-29 15:18:17",0.94648,34,zachary666
527,16974636,TildAlice,"2026-09-28 04:04:10",0.94648,6,cocoyachi
528,16968824,MedvAx,"2026-09-27 07:58:07",0.94648,2,medvax
529,16848636,"Takumu Hata","2026-09-19 15:13:59",0.94648,5,takumuhata
530,16933492,"Pranav Natekar","2026-09-25 01:03:15",0.94648,10,pranav6670
531,16798723,ganesha,"2026-09-28 05:12:39",0.94648,17,"naveenjv12,ramjv6"
532,16922922,"Jeff Xue","2026-09-19 17:29:17",0.94648,10,jeffxue3
533,16882446,AlperennBaran,"2026-09-20 11:36:49",0.94648,10,alperennbaran
534,16894524,"Chudeng Lin","2026-09-15 08:38:36",0.94648,5,chudenglin
535,16823643,"Muneeb ul Hassan","2026-09-29 07:40:33",0.94648,8,muneeb2405
536,16858075,Carter,"2026-09-28 19:25:38",0.94648,19,caca505
537,16942050,"Raymond Parker","2026-09-25 21:03:41",0.94648,8,raymondparker
538,16959486,"Nicbos Lol","2026-09-29 16:50:58",0.94648,4,nicboslol
539,16930775,Amaraa,"2026-09-29 05:11:19",0.94648,31,amarsaikhan
540,16915397,"Logan Clark","2026-09-17 14:34:52",0.94647,2,loganclark211
541,16800069,wmls^0^okok,"2026-09-27 11:00:10",0.94647,12,kjy666
542,16932566,"Aman Anand","2026-09-28 01:44:49",0.94647,14,yekahaaagayeham
543,16808993,"Akiyoshi Kinoshita","2026-09-30 21:15:56",0.94647,32,satokin13m
544,16905485,"Le Huy Tuong","2026-09-28 04:06:16",0.94647,30,lehuytuong
545,16894327,maccine,"2026-09-18 12:56:06",0.94647,14,maxxxine
546,16955106,man1ac-1773,"2026-09-27 03:59:44",0.94647,24,man1ac1773
547,16918677,"cinnamon melon pig","2026-09-25 22:55:57",0.94647,5,cinnamonmelonpig
548,16799109,BlamerX,"2026-09-26 22:46:28",0.94646,62,blamerx
549,16840999,Emirhan,"2026-09-30 15:41:36",0.94646,19,xpylon
550,16803528,choqui62,"2026-09-26 10:17:36",0.94646,38,choqui62
551,16798599,"Дворкин Евгений Владимирович","2026-09-29 19:07:32",0.94646,44,evgendvorkin
552,16843716,DeepMind,"2026-09-26 07:04:17",0.94646,16,deepthink123
553,16888915,SWAMSLABL,"2026-09-28 03:06:42",0.94646,11,swamslabl
554,16988635,"Nguyễn Hùng Phát","2026-09-30 04:41:23",0.94646,1,hphat9824
555,16798795,"(ノ◡ <)","2026-09-30 21:08:49",0.94646,15,nawfeelrahman1124444
556,16980887,"Rayane Rousseau","2026-09-30 00:50:28",0.94646,7,rayanerousseau
557,16985119,"Victor Chege","2026-09-30 17:35:21",0.94646,4,victorchege0
558,16808003,"Matilda Tasiens","2026-09-30 16:05:37",0.94646,68,matildatasiens
559,16864825,casperow,"2026-09-28 08:21:21",0.94646,6,casperow
560,16858537,VC4,"2026-09-28 19:09:14",0.94646,18,luckyvc
561,16847488,"Yan Tao Tang","2026-09-29 13:11:15",0.94646,30,yantaotang
562,16802712,"Michael Y. Qiu","2026-09-28 05:34:28",0.94646,18,michaelqiu0606
563,16922131,"Madhu Siddharth","2026-09-25 01:10:32",0.94646,8,madhusiddharth
564,16927708,里奥梅东,"2026-09-24 13:59:41",0.94646,17,lionalmedong
565,16946312,"himanshu mittal","2026-09-30 10:26:29",0.94646,5,"tumsbkabaap,vedanshmittal2076"
566,16804882,elmo,"2026-09-19 06:34:28",0.94646,52,mktakizawa
567,16804406,dangwok,"2026-09-30 17:11:16",0.94646,3,josephdongwookkim
568,16832906,"Nelson VIKOU","2026-09-30 18:56:43",0.94646,35,nelsonvikou
569,16906503,K3V1NM,"2026-09-18 17:33:11",0.94646,6,k3v1nm
570,16801873,"Evgeny Nevodnich","2026-09-16 17:06:42",0.94646,21,evgenynevodnich
571,16894206,semistelly,"2026-09-18 04:56:06",0.94646,9,semistelly
572,16958698,lllllll1111,"2026-09-29 04:05:42",0.94646,3,lllllll1111
573,16846342,khursani,"2026-09-17 07:57:22",0.94645,24,khursani8
574,16920832,"SEUN OH","2026-09-24 08:43:53",0.94645,5,ohseun0210
575,16898480,"Pranav pant","2026-09-25 06:54:28",0.94645,47,bored99
576,16838574,"Taemyung Heo","2026-09-29 15:15:48",0.94645,14,tmheo74
577,16859870,Pankaj_Kumar037,"2026-09-23 12:39:29",0.94645,4,pankajkumar037
578,16799970,"Tuncay Aydın","2026-09-30 14:28:43",0.94645,21,muhammedtuncayaydn
579,16798600,"Busya PRIME","2026-09-21 15:04:59",0.94645,19,busyaprime
580,16803816,Santhana,"2026-09-30 09:33:52",0.94645,17,santhanalekshmic
581,16857433,F0921,"2026-09-25 01:56:19",0.94645,8,fransafu
582,16884436,"malcolm tan","2026-09-16 05:28:33",0.94645,8,malcolmtan
583,16888009,dp23334,"2026-09-17 03:55:31",0.94645,11,dp23334
584,16833479,pp,"2026-09-28 00:02:35",0.94645,19,refrigerator21
585,16870992,"Aaryan Pawar","2026-09-16 07:41:03",0.94645,25,aaryanpawar16
586,16855993,LR.AIML,"2026-09-30 19:59:17",0.94645,16,"lucasgroot,robkraseu"
587,16845334,"Dary Cuello","2026-09-13 02:06:20",0.94645,8,skipperml
588,16881958,Febriyansyah,"2026-09-12 21:29:21",0.94645,5,febriyansyahresearch
589,16889249,"Dirt Ball","2026-09-16 02:51:37",0.94645,7,benprendergast
590,16924033,"Apil Khadka","2026-09-30 18:24:08",0.94645,2,apilkhadka
591,16957530,misten,"2026-09-26 06:42:57",0.94645,19,misten
592,16968019,"Juan David Villate","2026-09-28 22:33:24",0.94645,24,juandavidvillate
593,16807388,"Minh Đăng Lê","2026-09-27 15:14:44",0.94645,3,minhngle
594,16881524,"Muhammed Shad Bhati","2026-09-12 14:14:51",0.94645,1,bhatimohdshad
595,16802166,"Shigeru Kondou","2026-09-27 18:56:15",0.94645,9,shigerukondou
596,16847462,kphotchara,"2026-09-23 07:25:33",0.94645,8,kphotchara
597,16925005,conole,"2026-09-19 12:35:41",0.94645,3,conole
598,16939901,HaoL,"2026-09-22 11:43:05",0.94645,3,haoliu777
599,16812070,"Shuta Takano","2026-09-28 12:27:55",0.94645,11,shutatakano
600,16838710,psychoTKC,"2026-09-29 13:01:33",0.94645,21,psychotkc
601,16814218,人畜无害,"2026-09-29 04:38:44",0.94645,13,slowmo19
602,16810878,Jorgen9B,"2026-09-28 20:08:50",0.94645,47,jorgen9b
603,16954151,"Doge(Adv. LinHuayan&LiuPeng)","2026-09-27 11:36:02",0.94645,3,"goodjane,linglll,starsfalling"
604,16879081,都是同龄人我原本没想降维打击！,"2026-09-16 01:11:28",0.94645,8,ordea1
605,16803997,"Praneeth Paikray","2026-09-24 09:38:56",0.94645,28,paiky1995
606,16809829,"Tatsuya Aramaki","2026-09-29 22:01:18",0.94645,31,tatsuyaaramaki
607,16832278,hotaq,"2026-09-22 08:31:32",0.94644,42,chinnaphatkhun
608,16903624,jackchen1207,"2026-09-22 09:10:54",0.94644,5,jackchen1207
609,16806807,"Zeyou Zhang","2026-09-27 21:35:09",0.94644,4,zeyouzhang
610,16840930,Dubnium,"2026-09-23 13:11:15",0.94644,34,ahmetyasin1
611,16804441,"Andrew Leal70","2026-09-10 18:29:47",0.94644,22,andrewleal70
612,16875841,cccyou,"2026-09-13 10:09:19",0.94644,8,cccyou
613,16978004,lanhuanggao,"2026-09-30 09:19:31",0.94644,6,lanhuanggao
614,16891352,Catalyst,"2026-09-14 13:56:56",0.94644,6,vibekaggler
615,16960581,"Repala Manideep","2026-09-25 14:34:48",0.94644,3,repalamanideep
616,16881741,mmasato,"2026-09-17 16:18:22",0.94644,11,mizogakimasato
617,16805310,"Sergey Qt2024","2026-09-30 08:23:39",0.94644,108,sergeyqt2024
618,16952328,notme,"2026-09-25 13:04:46",0.94644,11,ducknf
619,16833189,DD_AI_Studio,"2026-09-23 07:43:12",0.94644,16,ddaistudio
620,16802187,jyama,"2026-09-17 23:16:16",0.94644,35,yarukikun
621,16805325,"Monesh Satheeswaran","2026-09-22 17:43:48",0.94644,2,moneshsatheeswaran
622,16894103,"Heavenly Venerable","2026-09-27 09:18:29",0.94644,1,heavenlyvenerable
623,16803292,dukka,"2026-09-25 14:06:58",0.94644,61,onurozahioglu
624,16864959,"Ripon C. Malo","2026-09-10 23:28:47",0.94644,2,riponce
625,16805458,Herohito,"2026-09-29 01:57:20",0.94644,20,aangphurba
626,16799673,@luke,"2026-09-24 14:41:06",0.94644,23,loukaspritsas
627,16954875,"kyusang Jung","2026-09-27 12:49:14",0.94644,11,kyusangjung
628,16846930,Bertholdt,"2026-09-11 07:19:59",0.94644,25,bertholdt
629,16824074,SOONHANKWON,"2026-09-15 02:54:30",0.94644,10,soonabletv
630,16842698,MinhTran2346,"2026-09-10 08:41:40",0.94644,36,minhtran2346
631,16817896,famou,"2026-09-19 10:00:47",0.94644,15,lihuaiming
632,16866897,Algorex,"2026-09-10 13:50:15",0.94644,6,daniellebagaforomeer
633,16849097,"Diya Sharma","2026-09-10 17:08:57",0.94644,2,diyasharmanexa
634,16846931,beyond-compare,"2026-09-11 07:08:40",0.94644,9,"mathqueen,xihangshan"
635,16871221,haodou092,"2026-09-11 06:22:54",0.94644,1,haodou092
636,16811961,"Fil Thinh","2026-09-10 12:27:45",0.94644,12,filthinh
637,16974980,"Sanyam Jain","2026-09-29 05:20:00",0.94644,10,sjain03
638,16853244,"Vũ Tuấn","2026-09-21 09:07:47",0.94644,34,vtunksdlvnj6
639,16863612,JinchengZhang1,"2026-09-10 02:54:35",0.94644,10,jinchengzhang1
640,16828175,"Gregory L.","2026-09-10 11:33:00",0.94644,9,lgregory
641,16866502,"Aniket Abhishek Soni","2026-09-10 12:11:03",0.94644,1,aniketsoni
642,16808677,Funguscakehead,"2026-09-21 02:48:24",0.94644,12,funguscakehead
643,16849496,PapaSoda,"2026-09-09 17:08:57",0.94644,5,papasoda
644,16849951,"Guy Bason","2026-09-25 10:53:22",0.94644,25,guybason
645,16870380,"Tejasv Bhatia","2026-09-12 07:45:41",0.94644,8,tejasvbhatia
646,16907141,"Habib ullah","2026-09-25 02:54:05",0.94643,8,habibullah123456789
647,16814953,ypl0lpy,"2026-09-09 06:29:49",0.94643,22,ypl0lpy
648,16886495,"Drek Fretson","2026-09-19 18:03:00",0.94643,26,drekfretson
649,16802687,SergeyN1942,"2026-09-29 13:19:00",0.94643,98,sergeyn1942
650,16798678,YoussefSalem_fr,"2026-09-30 21:37:34",0.94643,63,"basmalaalmaadawe,youssefsalemishere"
651,16802789,DinCaus,"2026-09-30 13:03:36",0.94643,70,dincaus
652,16798810,kava1,"2026-09-30 10:17:36",0.94643,135,kava1
653,16803281,"Mohan Krishna Thalla","2026-09-20 18:33:23",0.94643,8,mohankrishnathalla
654,16904557,"Aliy Elbekov","2026-09-18 09:28:42",0.94643,10,aliyelbekov
655,16881621,MudassarPAPI,"2026-09-25 08:13:48",0.94643,8,mudassarpapi
656,16799752,"Romone Dunlop","2026-09-11 08:10:40",0.94643,74,romonedunlop
657,16838711,"sakkn sakkn","2026-09-27 21:41:37",0.94643,19,sakknsakkn
658,16957851,fukangzhang9,"2026-09-30 19:32:00",0.94643,4,fukangzhang9
659,16879331,aliREZA,"2026-09-29 05:12:47",0.94643,9,afazlik1
660,16807627,aki,"2026-09-26 06:38:01",0.94643,11,cob12426
661,16859333,"raghad alsaqqa","2026-09-24 07:23:55",0.94643,17,raghadalsaqqa
662,16839987,"Dalia Mowafy","2026-09-30 12:25:41",0.94643,67,daliamowafy7
663,16865493,"Ark Medwin","2026-09-14 08:39:20",0.94643,8,benjfrank
664,16933256,md10011,"2026-09-21 08:13:35",0.94643,4,md10011
665,16966085,"safal lohani","2026-09-29 10:39:09",0.94643,6,safallohani
666,16853007,jeongwonyu123,"2026-09-09 01:15:22",0.94643,17,jeongwonyu123
667,16802812,"Abu Kayyisah Basyid","2026-09-19 16:03:39",0.94643,23,abukayyisahbasyid
668,16956937,"metin oztas","2026-09-26 00:17:39",0.94642,4,metinoztas
669,16811067,"Baha Enes Ören","2026-09-08 10:15:48",0.94642,19,bahaenesren
670,16891617,"Arnav Gawade ","2026-09-22 01:43:00",0.94642,8,arnavgawade
671,16841712,"Sean Zhang","2026-09-08 20:43:24",0.94642,9,"blackpearls1,seanzhang2445"
672,16798958,huangbin,"2026-09-12 08:50:03",0.94642,27,huangbin1
673,16842031,"Kim Minh","2026-09-12 03:42:48",0.94642,37,hanming14
674,16811275,"Leonardo Melniski","2026-09-30 16:50:59",0.94642,6,leonardomelniski
675,16951221,Control1,"2026-09-30 12:58:29",0.94642,14,chaoyikang
676,16879334,"Leer Wong","2026-09-15 18:21:18",0.94642,5,leerwong
677,16930304,Tsjzkzyzz,"2026-09-20 11:44:34",0.94642,4,tsjzkzyzz
678,16942047,"Chris Thomas","2026-09-28 14:10:45",0.94642,12,christh0mas
679,16882852,"John Tyler","2026-09-12 20:33:35",0.94642,1,johntyler331
680,16924035,"Furqan Ahmad","2026-09-21 18:56:49",0.94642,25,furqanktk
681,16864977,AmitKumarPradhan,"2026-09-28 12:24:40",0.94642,19,akpradhn
682,16974689,Soilair,"2026-09-30 20:15:34",0.94642,10,soilair
683,16799072,lighth,"2026-09-26 09:58:12",0.94642,9,lighth
684,16898992,Vance,"2026-09-16 04:24:36",0.94641,6,vansbc
685,16832950,Fayette77,"2026-09-28 19:01:19",0.94641,18,fflucky
686,16853116,"navazsh fathi","2026-09-12 08:58:57",0.94641,3,navazshfathi
687,16843980,"Shengwei Lu","2026-09-19 10:51:12",0.94641,8,shengweilu
688,16875458,SeraphinaGlacia,"2026-09-11 13:32:45",0.94641,6,seraphinaglacia
689,16842758,"Keiichiro Terahara","2026-09-08 08:35:17",0.94641,16,keiichiroterahara
690,16914611,zhangc0207,"2026-09-25 03:05:58",0.94641,10,zhangc0207
691,16890915,关注塔菲喵,"2026-09-14 17:37:25",0.94641,10,"bronwick,sunnyhe123"
692,16939010,Escap1ng,"2026-09-22 12:29:43",0.94641,5,escap1ng
693,16964863,ZeroDegress,"2026-09-26 05:43:08",0.94641,6,zerodegress
694,16907387,Slowed,"2026-09-30 20:13:43",0.94641,6,deveshupathak
695,16850692,Cate,"2026-09-11 10:10:03",0.94641,15,catejames
696,16956668,"Rafael Gallo","2026-09-25 02:24:37",0.94641,8,gallo33henrique
697,16802602,"ML learner","2026-09-19 15:26:53",0.94641,7,usermaname1
698,16847574,"Liujin Qiu","2026-09-16 02:18:07",0.94641,3,qqiuliujin
699,16803203,oliver,"2026-09-30 18:11:37",0.94641,57,oliverlang
700,16842814,ParsaAshrafi,"2026-09-14 12:19:37",0.94641,12,parsaashrafii
701,16861973,quzhihang,"2026-09-10 11:36:20",0.94641,5,quzhihang
702,16809529,平野竜貴,"2026-09-30 15:42:11",0.94641,129,hiraaaaah
703,16870580,"Ugur Tasdan","2026-09-13 00:06:03",0.94641,14,fairlanderflick
704,16971278,xgs666,"2026-09-30 10:57:34",0.94641,21,xgs666
705,16922129,takdf056,"2026-09-30 17:04:16",0.94641,14,takdf056
706,16817843,"Dannya AbdulHadi","2026-09-13 03:29:17",0.94641,4,dannyaabdulhadi
707,16921270,"Sergii Rogochii","2026-09-22 07:16:03",0.94641,2,novagravity
708,16993408,KURONAME,"2026-09-30 20:37:34",0.94641,2,kuroname
709,16917694,"Zhaocheng Dong","2026-09-24 03:24:39",0.94640,8,zhaordan
710,16973323,"BitBullet ","2026-09-27 17:42:55",0.94640,3,bitbullet
711,16893752,"Jack Shumway","2026-09-23 01:40:26",0.94640,8,jackshumwaya3x
712,16809162,"kyle Taylorer","2026-09-12 09:37:54",0.94640,10,kyletaylorer
713,16941036,KOBA,"2026-09-30 12:27:57",0.94640,6,kobayakawahayato
714,16860415,Aelly,"2026-09-11 10:51:22",0.94640,7,aellyyy
715,16804363,GurSimran,"2026-09-30 19:16:43",0.94640,21,gurseeon
716,16932136,"Eva Urankar","2026-09-21 16:14:45",0.94640,7,evaurankar
717,16971475,"Graziano Ucci","2026-09-28 14:12:20",0.94640,13,grazianouccids
718,16880604,ML_BOY,"2026-09-23 18:46:01",0.94640,2,mlboy1
719,16871380,Imcyj123,"2026-09-26 19:40:21",0.94640,53,kurase
720,16809884,"Water ground","2026-09-30 16:30:45",0.94640,126,kyumoto
721,16852935,Jackpot181,"2026-09-15 12:24:28",0.94640,7,jackpot181
722,16851746,"chen junnian","2026-09-08 07:16:45",0.94640,10,chenaini
723,16842182,Koooooooooo,"2026-09-11 09:35:01",0.94640,15,kouokada
724,16820017,"Mika SHNHR","2026-09-30 23:00:48",0.94640,30,mikashnhr42261
725,16828109,sanny0605,"2026-09-18 01:38:39",0.94640,121,sanny0605
726,16850451,Cpleasance,"2026-09-12 00:14:49",0.94640,24,cpleasance
727,16843254,zfzflzf,"2026-09-27 17:02:42",0.94640,13,zfzflzf
728,16880507,"Omar Mukhtar","2026-09-13 12:46:19",0.94640,14,omarmukhtar3
729,16830917,"Murat Emre YÜCEL","2026-09-09 10:48:11",0.94640,23,muratemreycel
730,16853080,jingle2026,"2026-09-10 05:02:43",0.94640,5,jingle2026
731,16808767,"BNBU YUXIANG Jiang","2026-09-30 01:53:08",0.94639,40,yuxiang328
732,16865589,"Philemon Chan","2026-09-20 14:28:05",0.94639,5,uduntu
733,16905383,李明,"2026-09-17 04:33:01",0.94639,10,liming2026good
734,16932771,SeaGoat,"2026-09-22 04:47:39",0.94639,20,vbandaru
735,16871923,"Clement Ling","2026-09-12 16:32:37",0.94639,6,clementling
736,16799386,"Sala J","2026-09-10 09:59:02",0.94639,31,sjwell
737,16886658,xhsmsuper,"2026-09-13 19:18:08",0.94639,4,xhsmsuper
738,16876177,SergioMoras,"2026-09-13 16:27:16",0.94639,7,sergiomoras
739,16823625,"Varadaraj Borkar","2026-09-22 14:19:37",0.94639,21,varadarajborkar
740,16819331,"Mike chen666","2026-09-26 07:28:36",0.94639,17,mikechen666
741,16823055,SDA000,"2026-09-19 00:25:51",0.94639,36,sda000
742,16845485,niulai,"2026-09-08 03:57:10",0.94639,10,rngrng
743,16937582,"Trandict Ellegus","2026-09-22 18:32:47",0.94639,6,trandictellegus
744,16935970,"Bhavesh Kolhe","2026-09-23 12:15:26",0.94639,4,bhaveshkolhe
745,16966526,"Baseer Shah","2026-09-30 14:27:02",0.94639,19,baseershah
746,16811462,really?,"2026-09-28 01:50:36",0.94639,37,udaken10
747,16823331,Charlezz8z,"2026-09-10 03:23:27",0.94639,9,charlezz8z
748,16969227,"Noam Asayag","2026-09-27 06:13:01",0.94639,5,noamasayag
749,16876372,Ayodeji,"2026-09-19 17:10:36",0.94639,7,ayodejiibrahimlateef
750,16881357,zhangwr6666,"2026-09-15 13:50:41",0.94639,2,zhangwr6666
751,16841792,salamanda19,"2026-09-16 19:17:22",0.94639,8,salamanda19
752,16859513,"Maziyar Abyari","2026-09-16 23:44:35",0.94639,11,maziyarabyari
753,16937543,"dai dx","2026-09-23 16:32:05",0.94639,7,daidaxiong
754,16799137,dengyufei,"2026-09-27 09:15:46",0.94639,88,dengyufei666
755,16913980,"bank kobe","2026-09-18 06:49:51",0.94639,13,bankkobe
756,16979298,vv82cinkaggle,"2026-09-28 15:51:22",0.94639,2,vv82cinkaggle
757,16857102,"Possible Knowledge","2026-09-12 19:35:53",0.94639,18,possibleknowledge
758,16964629,"Yamazaki Tomoya","2026-09-27 02:00:21",0.94639,5,yamazakitomoya
759,16929945,qluBGGG,"2026-09-21 08:11:26",0.94638,2,qlubggg
760,16931066,myxxwl,"2026-09-21 01:08:37",0.94638,3,myxxwl
761,16881908,pwxc00,"2026-09-12 17:12:31",0.94638,2,alert04
762,16803634,"Arnie Jimenez","2026-09-14 19:00:50",0.94638,15,arniejimenez
763,16846551,Dilovar,"2026-09-08 05:30:21",0.94638,4,dilovar
764,16857913,"Sukanti Kar","2026-09-09 04:09:44",0.94638,1,sukantikar
765,16896223,"Koh Endru","2026-09-16 03:42:06",0.94638,7,kohendru
766,16953921,agshiv92,"2026-09-27 02:26:26",0.94638,6,agshiv92
767,16941297,Timmor,"2026-09-24 18:25:52",0.94638,5,timmor
768,16799807,"Patrice MAZEL","2026-09-13 10:35:55",0.94638,2,patricemazel
769,16803855,Evdilos_Ikaria,"2026-09-16 03:56:57",0.94638,28,georgem
770,16890924,cristian,"2026-09-22 00:01:54",0.94638,23,crprpr
771,16983388,songjiajun,"2026-09-30 02:42:34",0.94638,3,realmadridcr7
772,16865244,"Krissawan Boontham","2026-09-28 19:45:44",0.94638,18,krissawanboontham
773,16849042,"Muhammad Khan Muneer","2026-09-10 21:52:03",0.94638,7,muhammadkhanmuneer
774,16852671,"Lê Quang Cảnh","2026-09-12 13:19:46",0.94638,12,zhincez
775,16808154,"Grace Ganyilo","2026-09-30 13:02:43",0.94638,7,graceganyilo
776,16886455,"Alpha Lin","2026-09-14 01:13:40",0.94638,12,alphalin2010
777,16867794,"Nitish Songara","2026-09-11 08:16:10",0.94638,6,nitishsongara
778,16868635,"Hüseyin Enes Duran","2026-09-11 21:30:54",0.94638,12,hseyinenesduran
779,16798811,sswatari,"2026-09-28 06:40:07",0.94638,20,sswatari
780,16935462,Tom&Jerry,"2026-09-23 07:40:32",0.94638,7,tomjerry101
781,16845914,"coke lu","2026-09-08 08:33:13",0.94638,5,cokelu
782,16951567,mitu316,"2026-09-29 13:33:36",0.94638,4,mitu316
783,16952065,XiaotaoWang,"2026-09-29 04:28:55",0.94638,8,wangxiaotao
784,16892492,"Almaz Sakhapov","2026-09-18 03:56:32",0.94638,4,almazsakhapov
785,16924630,"Pratik Mahnot","2026-09-19 11:41:50",0.94638,1,pratikmahnot
786,16970940,OptAI,"2026-09-27 07:25:12",0.94638,1,opticalai
787,16964507,"Andres H. Zapke","2026-09-28 09:05:45",0.94638,10,andreshzapke
788,16894981,bezul,"2026-09-29 10:25:49",0.94638,20,bezul2
789,16855013,Sakthei,"2026-09-13 17:40:31",0.94638,2,sakthei
790,16959518,Corgi-Samoyed,"2026-09-25 07:41:55",0.94638,1,corgisamoyed
791,16948445,Cunriman,"2026-09-24 08:32:21",0.94638,3,cunriman
792,16878837,beibeihk,"2026-09-12 04:02:53",0.94638,3,beibeihk
793,16802749,PIPPI,"2026-09-20 22:31:56",0.94638,25,hayatarosu
794,16930485,"Story begins ","2026-09-20 16:04:56",0.94638,4,storybegins
795,16829894,Kyr1ll,"2026-09-09 12:03:22",0.94637,5,kyr1ll
796,16925926,CAU53744-T08,"2026-09-30 16:28:59",0.94637,9,"leej2h5,yshyun"
797,16805339,"Nikhil Fotedar","2026-09-30 14:33:20",0.94637,14,nikhilfotedar
798,16978611,Tachibana,"2026-09-30 14:45:18",0.94637,1,naototachibana
799,16983003,"Hiteshi Kukreja","2026-09-30 04:57:35",0.94637,5,hiteshikukreja
800,16816456,tuko_tanzwoo,"2026-09-12 05:46:18",0.94637,17,tukotanzwoo
801,16983438,sad12454,"2026-09-29 11:03:46",0.94637,4,sad12454
802,16850954,"Lamine Yamal","2026-09-07 23:38:05",0.94637,1,ermanman
803,16862239,MetamorphoseQ,"2026-09-10 03:54:39",0.94637,2,metamorphoseq
804,16815512,ali_abidi_1111,"2026-09-12 14:42:22",0.94637,13,aliabidi2357
805,16863977,arare-uma,"2026-09-10 05:58:49",0.94637,1,arareuma
806,16881292,AryamanSi17,"2026-09-13 19:03:53",0.94637,13,aryamansi17
807,16803000,destroyer@123787,"2026-09-16 11:22:03",0.94637,5,destroyer123787
808,16802998,"Yoongdoo Noh","2026-09-30 22:59:40",0.94637,135,yoongdoonoh
809,16871172,"Dinidu Rukshan","2026-09-12 14:20:13",0.94637,9,dinidurukshan
810,16980932,A.T.Sahin,"2026-09-28 20:27:47",0.94637,1,a2nt1as2n
811,16802044,Arukyan,"2026-09-30 11:52:02",0.94637,23,arukyan
812,16845402,cshara,"2026-09-15 12:00:39",0.94637,1,cshara
813,16986413,"Sarthak Agarwal","2026-09-29 16:40:29",0.94637,1,sarthakagarwal2006
814,16924185,Ayyue0716,"2026-09-19 09:10:41",0.94637,3,ayyue0716
815,16800145,"Szwajcar ","2026-09-30 21:18:33",0.94637,13,szwajcar
816,16928288,lequanghai,"2026-09-20 10:21:20",0.94637,1,lequanghai
817,16807201,"Prosotas dubiosa","2026-09-30 21:36:40",0.94637,3,prosotasdubiosa
818,16974743,"Wayne Lee","2026-09-29 15:30:52",0.94637,4,wayne923
819,16862089,"Electric Weasle","2026-09-09 17:38:51",0.94637,4,electricweasle
820,16802421,"Ryotaro Minato","2026-09-27 05:03:57",0.94637,4,ryotarominato
821,16968776,"Asif Khan","2026-09-27 04:31:47",0.94637,2,asifkhan22
822,16975746,T3MP3R3R,"2026-09-28 05:13:33",0.94637,2,m0d3lm4v3r1cks
823,16871146,huijie_g,"2026-09-16 08:49:17",0.94637,11,huij11gg
824,16838667,"Xiangtao Xiao","2026-09-19 05:34:42",0.94637,4,xiangtaoxiao
825,16807684,"Sayaka Kitahara","2026-09-15 08:20:17",0.94637,13,sayakakitahara
826,16975782,hillllll45,"2026-09-28 19:57:25",0.94637,3,hillllll45
827,16908412,"Kartik Chilkoti","2026-09-17 17:28:02",0.94637,10,kartikchilkoti
828,16920201,"Mikołaj Olesiński","2026-09-24 13:56:34",0.94637,24,mikoajolesinski
829,16881623,Wei,"2026-09-21 23:40:58",0.94636,7,wwang200
830,16932514,amritanshu067,"2026-09-28 12:22:36",0.94636,4,ari067
831,16961710,ZhangYongyu,"2026-09-25 18:43:21",0.94636,2,zhangtongyu
832,16815449,Boltuzamaki,"2026-09-28 17:22:22",0.94636,6,boltuzamaki
833,16802845,Pyeonggi,"2026-09-25 04:18:14",0.94636,13,pgkim42
834,16847926,Vince&Holden,"2026-09-28 18:47:31",0.94636,8,"holdenspratt,vincent1006"
835,16979985,dx,"2026-09-28 22:11:42",0.94636,4,liang001
836,16799978,"[Deleted] 45ecfd7e-78fb-4cce-a443-f746ddacb2fe","2026-09-30 20:59:07",0.94636,15,kizmodo
837,16839666,"Yash Aswale","2026-09-30 17:53:59",0.94636,17,yashloq779
838,16969223,dibagrov,"2026-09-28 13:32:59",0.94636,7,dibagrov
839,16992846,tapanreddy,"2026-09-30 23:54:27",0.94636,3,tapanreddy
840,16805596,zuoyi666,"2026-09-30 23:11:33",0.94636,19,zuoyi666
841,16984553,dkzmn,"2026-09-29 13:42:54",0.94636,6,dmkzmn
842,16867105,"Ayush Tiwari","2026-09-19 20:31:47",0.94636,2,ayushtiwariiitg
843,16914777,canary17,"2026-09-24 09:00:14",0.94636,6,canary17
844,16982256,"Amal Tyagi","2026-09-29 05:57:29",0.94636,3,atyagi00
845,16856850,"Jiayi Du","2026-09-08 22:18:04",0.94636,1,jahyee
846,16969390,rlawoals0529,"2026-09-29 22:08:27",0.94636,16,rlawoals0529
847,16963656,octoopus,"2026-09-26 00:02:42",0.94636,3,octoopus
848,16847182,"Bitbyte gng","2026-09-20 20:53:40",0.94636,18,"abhiramdarbha,manittiwari,tannna"
849,16921815,"Giovanni Novelli","2026-09-25 02:41:04",0.94636,17,giovanninovelli
850,16910494,"Sebastian Salutare","2026-09-24 18:15:26",0.94636,4,sebastiansalutare
851,16861891,"Enrico Silvi","2026-09-09 20:50:33",0.94636,3,enricosilvi
852,16877292,"Hamza Zulfiqar","2026-09-19 18:01:25",0.94636,9,rhamzazulfiqarj
853,16845047,"Rafael Gomes","2026-09-11 20:51:23",0.94636,6,grafael
854,16810884,Vaibhav,"2026-09-08 12:40:19",0.94636,25,vaibhavpatel
855,16922161,"özgün bakla","2026-09-27 13:42:56",0.94636,12,ozgunbkl
856,16841279,"M Who 11","2026-09-09 16:04:47",0.94636,3,mwho11
857,16927785,"Lim Ba Su","2026-09-20 08:00:12",0.94635,2,limbasu
858,16852082,"Udit Jain","2026-09-21 23:29:54",0.94635,5,uditjain13
859,16967562,"Jurayev Sherali","2026-09-27 13:49:01",0.94635,3,jurayevsherali
860,16828134,"Younghwan Hwang","2026-09-14 08:52:41",0.94635,9,younghwanhwang
861,16802382,rockyhg,"2026-09-30 08:28:08",0.94635,95,rockyhg
862,16806975,John,"2026-09-05 01:23:22",0.94635,28,john159151
863,16865928,"Reda Mountassir","2026-09-17 15:01:17",0.94635,13,"aribaymane61,redamountassir"
864,16867270,"Triết Nguyễn","2026-09-14 09:20:38",0.94635,25,strayer1337
865,16897555,columnz7,"2026-09-19 11:22:43",0.94635,2,columnz7
866,16922413,Gullal,"2026-09-30 02:12:54",0.94635,40,gullalchm
867,16799655,AjayKumar@9391123,"2026-09-09 11:23:19",0.94635,14,ajaykumar9391123
868,16878590,"Shuichiroh Oda","2026-09-13 02:10:11",0.94635,10,shuichirohoda
869,16833268,HIGORMALz,"2026-09-15 22:13:38",0.94635,17,higormalz
870,16953534,"İlker Yasin Çakır","2026-09-26 17:21:36",0.94635,7,ilkeryasin8
871,16972325,"Abdelkader Metales","2026-09-30 19:44:20",0.94635,5,abdelkadermetales
872,16803048,"yoshiomi shimazu","2026-09-30 15:03:27",0.94635,71,yoshiomishimazu
873,16928202,GSD,"2026-09-27 13:20:23",0.94635,8,gsdeepakkumar
874,16822871,Timass,"2026-09-04 15:24:36",0.94635,11,timmass2
875,16823819,"Clark Kitchen","2026-09-25 18:54:27",0.94635,5,clarkkitchen
876,16809492,"Mohamed Youssef","2026-09-07 13:43:20",0.94635,20,mhmd1424
877,16814410,"Khara Han","2026-09-30 13:55:23",0.94635,21,"kharahan,zavierchen"
878,16844017,"hamdi mohamed","2026-09-07 11:00:26",0.94635,2,hamdimohamed22
879,16802257,"Asterios Terzis","2026-09-05 20:51:00",0.94635,7,asteriosterzis
880,16954299,OctOpus,"2026-09-25 22:51:43",0.94635,14,doudouba
881,16895410,Cho_Kang_Hee,"2026-09-18 08:40:12",0.94635,15,chokanghee
882,16922789,Fernando,"2026-09-19 22:36:35",0.94635,1,ferthegentleman
883,16960843,"Jarek Zmudzinski","2026-09-26 06:37:13",0.94634,5,jzmudzinski
884,16871224,"padma akash","2026-09-11 08:55:08",0.94634,2,padmaakash
885,16928012,OkItsEklavya,"2026-09-20 21:18:55",0.94634,3,okitseklavya
886,16924707,mmryouta,"2026-09-20 04:01:28",0.94634,6,mmryouta
887,16921087,"Duct Dynamic","2026-09-25 07:27:12",0.94634,21,ductdynamic
888,16881535,"Zoltan Ersek","2026-09-19 18:41:02",0.94634,9,zoltanersek
889,16806474,"tom c tea","2026-09-26 07:50:54",0.94634,6,tomctea
890,16799578,Nenya,"2026-09-26 09:56:24",0.94634,22,nenya17
891,16861090,hailillya,"2026-09-10 15:48:06",0.94634,6,hailillya
892,16938407,"Ronaldo Júnior","2026-09-26 13:42:21",0.94634,6,ronaldoi9
893,16891680,"ZeKai Zhan","2026-09-20 10:47:56",0.94634,6,zekaizhan
894,16826206,"Abiram Bharathi S.A","2026-09-08 10:01:52",0.94634,27,abirambharathisa
895,16809421,yatakeuc,"2026-09-10 12:00:18",0.94634,21,yatakeuc
896,16904753,"Kagan Mumcu","2026-09-16 12:11:42",0.94634,2,kaganmumcu
897,16810297,overwhelmer,"2026-09-05 16:03:39",0.94634,19,overwhelmer
898,16799524,tuboa2,"2026-09-18 07:38:51",0.94634,26,tuboa2
899,16947075,Ryan,"2026-09-24 16:51:24",0.94634,8,ryqn00
900,16821928,"Akalya Bharathi S A","2026-09-12 15:51:10",0.94634,21,akalyabharathisa
901,16891960,europanite,"2026-09-28 02:14:14",0.94634,16,europanite
902,16939056,Ken,"2026-09-22 03:46:04",0.94634,1,kensuke77
903,16838199,"Shishir Adhikari","2026-09-18 00:16:01",0.94634,8,shishiradhikari11
904,16845423,XJHya233,"2026-09-07 20:49:49",0.94633,8,xjhya233
905,16886006,"Selim Halykov","2026-09-13 13:43:06",0.94633,2,selimhalykov
906,16830370,KikET,"2026-09-11 13:09:06",0.94633,8,kikets
907,16846099,"sabbir hossain","2026-09-07 06:29:48",0.94633,1,sabbirhardworker
908,16921319,Hydru8128,"2026-09-19 10:27:22",0.94633,9,hydru8128
909,16841650,"Travis Reinart","2026-09-08 23:25:44",0.94633,3,travisreinart
910,16802740,"Just Code","2026-09-28 15:13:14",0.94633,13,justcode1
911,16871638,aueurm,"2026-09-11 17:00:01",0.94633,2,aueurm
912,16965320,netaro,"2026-09-27 02:33:42",0.94633,10,netaro
913,16808122,Ricky,"2026-09-05 06:06:50",0.94633,9,rickyds97
914,16823495,dragoshh1984,"2026-09-08 16:22:38",0.94633,7,dragoshh1984
915,16844525,zqh19991223,"2026-09-07 07:33:10",0.94633,13,zqh19991223
916,16802485,JungHwan,"2026-09-05 07:29:23",0.94633,10,najunghwan
917,16880143,xuechengzou,"2026-09-13 04:51:49",0.94633,3,xuechengzouinkaggle
918,16877327,simplepotato,"2026-09-27 17:53:07",0.94633,6,harshmaurya01
919,16930822,"M P AJITH BHARADWAJ","2026-09-22 07:52:26",0.94633,4,ajithbharadwaj
920,16846944,"Oriol Hinojo","2026-09-28 11:26:41",0.94633,5,oriolhinojocomellas
921,16894650,Ramadhanigb19,"2026-09-16 01:44:22",0.94633,4,ramadhanigb19
922,16973181,Dihhhh,"2026-09-28 17:06:35",0.94633,4,vanshvisariya
923,16884857,Shakeel,"2026-09-20 07:00:32",0.94633,9,shakeel787
924,16882597,"Zhihuan Xue","2026-09-12 20:28:09",0.94633,2,xuantianfengwu
925,16952692,"Noah Öksüz","2026-09-24 12:26:38",0.94633,2,noahksz
926,16823033,coder738,"2026-09-19 11:54:15",0.94633,6,coder738
927,16801472,"Bros 360x","2026-09-05 08:11:09",0.94633,27,"alexander683,bros360x"
928,16805265,"Silvan Müller","2026-09-05 22:21:33",0.94633,7,silvanmller
929,16806089,khgb,"2026-09-08 00:06:21",0.94633,40,khgb123
930,16839411,"Patrick CHER","2026-09-20 03:29:50",0.94633,26,patrickcher
931,16965510,EitaF,"2026-09-27 12:02:03",0.94632,6,eitafukumoto
932,16833289,"Alejandro Lopez-Rincon","2026-09-25 08:11:03",0.94632,51,alejandrolopezrincon
933,16804934,"Shayan Zulfiqar","2026-09-25 11:46:02",0.94632,14,shayanzk
934,16982778,chiranjeevi_13,"2026-09-29 09:45:03",0.94632,4,chiranjeevi13
935,16808556,"Ali Ghandi","2026-09-14 14:16:14",0.94632,11,aligh474
936,16826564,Karrenay,"2026-09-29 15:25:25",0.94632,4,karrenay
937,16859579,CongNguyenM,"2026-09-09 12:43:24",0.94632,8,congnguyenm
938,16926958,"Jack Shumway #2","2026-09-20 12:47:54",0.94632,3,jackshumway
939,16879245,"Jasteg Singh","2026-09-25 07:38:35",0.94632,11,jastegsingh1234
940,16904836,Mario,"2026-09-17 11:04:49",0.94631,4,mario9898
941,16810678,"Kamonashis Halder","2026-09-29 13:06:25",0.94631,8,kamonashis
942,16842060,"Rob C","2026-09-08 00:54:57",0.94631,4,robertcheah
943,16974392,"Maximilian Kapsecker","2026-09-29 18:17:57",0.94631,12,maxkapsecker
944,16820895,Sybery_AI,"2026-09-06 21:27:10",0.94631,17,syberyai
945,16857868,rehubinggao,"2026-09-14 04:26:42",0.94631,8,rehubinggao
946,16803386,Jatin,"2026-09-18 10:01:40",0.94631,5,jatinkumar2005
947,16906204,big-git-man,"2026-09-25 15:29:38",0.94631,15,biggitman
948,16799691,Ern711,"2026-09-27 22:58:57",0.94631,7,ern711
949,16860307,Araki.rw,"2026-09-12 16:08:41",0.94631,5,arakirw
950,16846892,"Rintaro Tsumugi","2026-09-27 16:33:08",0.94631,11,rintarotsumugi
951,16922940,Beagle_King,"2026-09-20 04:49:31",0.94631,4,alanyulunwu
952,16973325,djchosam,"2026-09-28 16:43:26",0.94631,8,djchosam
953,16931713,DancingLumberjack,"2026-09-22 00:02:17",0.94631,7,jamesmcgarryiv
954,16870733,Jingxiang,"2026-09-11 18:30:17",0.94631,5,jingxiango
955,16974892,AlexeyGo,"2026-09-28 12:09:07",0.94631,3,alexeygo
956,16841843,"Aadit Agrawal","2026-09-06 04:05:51",0.94630,8,aaditagrawal
957,16913962,Sora_JODDD,"2026-09-17 14:08:30",0.94630,5,sorajoddd
958,16960576,"Alex Cheng","2026-09-30 00:42:29",0.94630,5,"chengyikai,sdwong"
959,16833367,"Mihir Argulkar","2026-09-07 08:13:42",0.94630,9,mihirargulkar
960,16799561,miyu.k1aras@gmail.com,"2026-09-29 23:46:37",0.94630,65,miyuk1arasgmailcom
961,16810711,codehendrix,"2026-09-30 17:09:46",0.94630,28,codehendrix
962,16798566,Chovy,"2026-09-10 01:00:22",0.94630,20,chovyxu
963,16799786,"Nityashmi sharma","2026-09-05 09:11:32",0.94630,20,"hargunsandhu,nityashmisharma"
964,16845576,CHCV,"2026-09-10 11:57:33",0.94630,3,chcvpz
965,16842677,endobop,"2026-09-14 09:39:08",0.94630,8,krishanukalita
966,16830291,"Hajime Kumami","2026-09-28 09:16:55",0.94630,2,hajimekumami
967,16959823,"Paul Badman","2026-09-28 15:01:31",0.94629,8,sanestcoder
968,16808813,"Muhammet Faruk Erem","2026-09-16 22:02:51",0.94629,36,muhammeterem
969,16959498,wg9103,"2026-09-26 08:26:55",0.94629,7,wg9103
970,16965026,mige551,"2026-09-26 11:22:05",0.94629,9,mige551
971,16870060,Hamachi,"2026-09-11 10:12:54",0.94629,5,hamatz
972,16954914,kk911j,"2026-09-29 14:32:25",0.94629,1,kk911j
973,16968885,"Mohammad Abdur Rehman Cheema","2026-09-26 23:39:31",0.94629,1,abdurrehman0095
974,16905057,"Bala Baskar","2026-09-28 14:44:16",0.94629,15,balabaskar
975,16832837,"Marie-Lou Barnaud","2026-09-13 17:17:35",0.94629,6,marieloubarnaud
976,16805293,r2singh,"2026-09-21 17:44:34",0.94629,5,ratnaraj
977,16966715,"Hanif Hefaz","2026-09-29 06:31:11",0.94629,1,hanifhefaz
978,16954723,imaimai17468,"2026-09-25 01:53:45",0.94628,7,imaitoshiki
979,16916230,VROPEXT,"2026-09-17 19:19:48",0.94628,1,vropext
980,16855215,"Marc Maldonado Lorca","2026-09-30 11:51:48",0.94628,7,marcmaldonado
981,16936510,"Olga Aksenova","2026-09-29 21:28:05",0.94628,11,olgaaksenova
982,16990790,"Kirill Klebanov","2026-09-30 20:50:00",0.94628,6,kirillklebanov
983,16938281,Jayhawk1900,"2026-09-28 10:19:40",0.94628,24,jayhawk1900
984,16805868,"Gaurab Baral","2026-09-04 13:24:59",0.94628,13,itzgauurab
985,16819432,"Ali hussien jawad","2026-09-13 22:06:15",0.94628,18,"alihussienjawad,khalidnidawi"
986,16844686,Abhinandan,"2026-09-06 22:22:09",0.94628,3,abhi8667j
987,16832500,"An Pham","2026-09-04 18:40:21",0.94628,8,hoang1711
988,16822664,"Dhruv Tibarewal","2026-09-07 16:24:01",0.94627,5,dhruvtibarewal
989,16943027,False_gen,"2026-09-22 19:34:55",0.94627,10,anikpanja
990,16929919,adikonn,"2026-09-30 18:02:56",0.94627,23,adiletnagibator2007
991,16992765,"Leon Liu","2026-09-30 21:34:08",0.94627,7,h1deaki
992,16982851,"wang zhanyi","2026-09-29 11:50:19",0.94627,2,wangzhanyi1028
993,16928204,aazutaku,"2026-09-21 08:37:49",0.94627,8,aazutaku
994,16965635,KoYokoyama,"2026-09-27 06:20:48",0.94627,5,koyokoyama
995,16877337,"Felipe Figueiredo02","2026-09-11 23:12:43",0.94627,6,felipefigueiredo02
996,16798623,"Evan Arlen Handy","2026-09-04 01:07:17",0.94627,14,evanarlenhandy
997,16813886,"Animesh Kumar","2026-09-22 08:20:32",0.94627,11,animeshuit98
998,16890566,"Nguyen Nhut Minh","2026-09-17 16:01:42",0.94627,8,nguyennhutminh
999,16805345,彭元彥,"2026-09-02 19:00:00",0.94627,6,pongpong1027
1000,16951425,fortyone,"2026-09-24 12:05:23",0.94627,8,nurda41
1001,16876332,"Milan Ribel","2026-09-26 15:24:40",0.94627,5,milanribel
1002,16832851,"Selim Akl","2026-09-05 13:22:49",0.94627,7,selimakl
1003,16893809,EricWang,"2026-09-19 00:46:44",0.94627,3,ericwang915
1004,16919268,hzn,"2026-09-30 14:30:16",0.94627,35,benhzn07
1005,16799677,Krisuj,"2026-09-17 09:06:55",0.94627,2,krisuj
1006,16821704,James,"2026-09-30 20:30:21",0.94627,4,jamesripoll
1007,16926360,"Khai Nguyen","2026-09-21 08:35:37",0.94626,2,chocomica
1008,16887345,"ronger zhu","2026-09-17 05:45:46",0.94626,15,rongerzhu
1009,16971417,ts,"2026-09-30 20:01:55",0.94626,4,takehirosano
1010,16887271,"Utkirbek Azimov","2026-09-14 07:47:01",0.94626,4,azimovu
1011,16798905,"DYLAN GUNAWAN13331","2026-09-02 07:40:21",0.94626,11,dylangunawan13331
1012,16894415,"Aquib Ahmad","2026-09-20 11:04:05",0.94626,6,aquibahmad7
1013,16944479,"Yuuki Aikawa","2026-09-23 03:35:25",0.94626,3,yuukiaikawa
1014,16806403,"Subhobrata Dey","2026-09-23 11:28:09",0.94626,6,sbcd90
1015,16933350,"I don't know","2026-09-28 23:30:53",0.94625,2,kshitijsinghrawat
1016,16935637,"Vadim Pashkov","2026-09-21 21:09:36",0.94625,5,vpashkov
1017,16859512,"Kosuke KUWAHARA","2026-09-22 23:50:26",0.94625,16,kukukucode
1018,16961057,SahilIslam111,"2026-09-26 09:54:02",0.94625,6,sahilislam111
1019,16891471,"Tomas Oriol","2026-09-24 12:24:25",0.94625,4,tomasoriolds
1020,16818192,"Augustine Williams223","2026-09-03 10:48:34",0.94625,1,augustinewilliams223
1021,16973569,Mositaku,"2026-09-28 05:46:52",0.94624,2,versavice
1022,16941466,风之刃e,"2026-09-24 13:44:52",0.94624,2,frzzzzzzzzz
1023,16963458,"Abdelhafid AMMARI","2026-09-25 21:28:20",0.94624,6,abdelhafidammari1
1024,16828008,"Jayyanth K B","2026-09-09 13:54:18",0.94624,10,jayyanthkb
1025,16852781,"Safwan Amin","2026-09-08 17:56:31",0.94624,5,bracu23101281
1026,16972059,"He-Ting Chiang","2026-09-29 03:07:56",0.94624,5,hetingchiang
1027,16810087,CaptainNemo,"2026-09-04 17:52:33",0.94624,17,nemokaggler
1028,16881487,FFFishes7,"2026-09-30 12:57:08",0.94624,3,fffishes7
1029,16949189,"Luke Stafford","2026-09-24 00:06:28",0.94623,4,luketstafford
1030,16832136,huohuaya,"2026-09-06 02:13:28",0.94623,5,huohuaya
1031,16841605,"Sushmit Deb","2026-09-06 21:55:41",0.94623,5,sushm17
1032,16847308,"Abdul Hameed","2026-09-21 09:25:50",0.94623,2,ahameed01
1033,16919677,"Lev Morozov","2026-09-18 13:18:52",0.94623,2,levmorozov
1034,16925575,"Katsushi Miyagawa","2026-09-29 00:17:44",0.94623,6,katsushimiyagawa
1035,16941350,"Акбар Исаков","2026-09-29 12:51:23",0.94623,6,aisako
1036,16978540,"Mohamed rodani","2026-09-30 22:06:05",0.94623,8,mohamedrodani
1037,16848276,"Cemal Ataş","2026-09-07 19:30:42",0.94623,5,cemalata
1038,16799994,"jidong Wu","2026-09-06 11:57:06",0.94622,6,jidongwu
1039,16810147,"Roshan Roy","2026-09-06 12:34:06",0.94622,1,roshanroy333
1040,16936743,reality6,"2026-09-24 09:43:44",0.94622,14,reality6
1041,16809375,adamdavis99,"2026-09-21 13:15:48",0.94622,5,adamdavis99
1042,16885966,Kan,"2026-09-16 13:22:43",0.94622,8,kantamotohashi
1043,16810885,"Gaiar Baimuratov","2026-09-03 16:35:47",0.94622,11,baimuratov
1044,16840877,KLwin,"2026-09-15 13:56:12",0.94622,14,amanmt24013
1045,16957539,liko12312,"2026-09-30 17:21:05",0.94622,12,liko12312
1046,16832041,datarchive,"2026-09-08 16:28:41",0.94622,12,univekqls
1047,16827146,wanglei,"2026-09-28 05:55:40",0.94621,21,wellywelly
1048,16845056,"Siddharth Patel","2026-09-20 22:35:02",0.94621,6,siddhugp
1049,16810511,StephenNedumpally,"2026-09-02 18:06:05",0.94621,1,stephennedumpally
1050,16932898,"Kacey Kelley","2026-09-25 08:30:34",0.94621,8,kaceykelley
1051,16855395,KennyHTW,"2026-09-08 19:58:46",0.94621,6,kennyhtw
1052,16799922,"Anhad Mahajan","2026-09-23 13:37:03",0.94621,47,anhadmahajan06
1053,16798898,"David Guzzi","2026-09-24 00:33:25",0.94621,7,davidguzzi
1054,16883171,bliutech,"2026-09-13 17:12:42",0.94621,10,bliutech
1055,16800168,MAT,"2026-09-07 12:23:00",0.94621,15,mehmetanltays
1056,16811220,blacksword812,"2026-09-06 21:16:32",0.94621,19,blacksword8192
1057,16877852,InformaBook2,"2026-09-30 15:32:57",0.94621,31,informabook2
1058,16833018,AsSidiq,"2026-09-05 04:05:41",0.94621,18,assidiq
1059,16915887,"Steve T","2026-09-25 21:12:12",0.94621,6,jamesfitxroi
1060,16805721,"Rommel Sharma","2026-09-17 05:53:44",0.94621,12,rommelsharma
1061,16913511,"Silver Surfer","2026-09-28 07:50:32",0.94621,4,hausch11
1062,16809344,Harmesh,"2026-09-25 18:41:08",0.94621,16,harmesh095
1063,16897147,Mizumori59,"2026-09-27 20:18:54",0.94621,11,mizumori59
1064,16946579,"Kamil Ijuin","2026-09-23 16:16:17",0.94621,3,kamillek
1065,16915866,"Duranjai V","2026-09-23 10:00:15",0.94621,4,duranjaiv
1066,16843561,QiYian,"2026-09-06 15:19:25",0.94620,5,uhduih123
1067,16889130,maoxin123,"2026-09-15 12:52:55",0.94620,12,maoxin123
1068,16798699,ONODERA,"2026-09-04 12:19:14",0.94620,6,onodera
1069,16924643,natsu0529,"2026-09-30 16:53:31",0.94620,14,natsu0529
1070,16922507,"Minh HoHoang","2026-09-20 21:43:40",0.94620,1,minhhohoang
1071,16823812,"Ryukichi INOUE","2026-09-30 01:30:19",0.94620,21,ryukichiinoue
1072,16845815,change167,"2026-09-29 08:19:07",0.94620,12,change167
1073,16892224,"Khuong Duy 01","2026-09-14 15:51:17",0.94620,5,khuongduy01
1074,16800504,Foxure,"2026-09-03 11:10:26",0.94620,11,foxure
1075,16834628,GagePeppers,"2026-09-06 02:47:52",0.94620,6,gagepeppers
1076,16868638,"Win Suthar","2026-09-14 20:44:47",0.94620,7,ashwanidhukra
1077,16806494,"Lam Mo Kit ","2026-09-02 16:29:33",0.94620,3,lammokit
1078,16801545,william950615,"2026-09-06 00:14:39",0.94619,21,william950615
1079,16888814,rand346,"2026-09-15 15:18:07",0.94619,7,rand346
1080,16936081,XuanmingBao,"2026-09-21 12:32:28",0.94619,1,xuanmingbao
1081,16906069,"Greg Spitz","2026-09-17 08:44:42",0.94619,5,gregspitz
1082,16906090,小等等,"2026-09-24 05:34:00",0.94619,26,atwelve
1083,16802898,"Dennis SH Lai","2026-09-16 16:48:26",0.94619,16,dshihlai
1084,16897957,"dua manusia nol persiapan","2026-09-17 17:42:05",0.94619,9,"banukuncoro,rogernathanael"
1085,16960065,Loxiss,"2026-09-30 01:53:11",0.94619,8,loxiss
1086,16847194,"Horikita Saku","2026-09-07 12:28:52",0.94619,3,horikitasaku
1087,16965544,"WEE KEN GOH","2026-09-26 14:27:13",0.94619,9,weekengoh
1088,16888864,"SAHIL GROVER","2026-09-15 12:00:05",0.94619,4,sahilgrover
1089,16868319,Dron5591,"2026-09-23 15:42:00",0.94619,13,dron5591
1090,16972012,nottouse,"2026-09-29 04:39:21",0.94618,2,nottouse
1091,16974017,"Paradox chuni","2026-09-28 06:31:08",0.94618,7,paradoxchuni
1092,16854719,ILUNOSHA,"2026-09-12 16:21:15",0.94618,36,elu7301
1093,16893205,kane16,"2026-09-26 20:21:46",0.94618,8,balkankhilmi
1094,16982622,LiGenyu,"2026-09-30 15:25:57",0.94618,6,ligenyu
1095,16808114,"Gaurav kumar","2026-09-30 07:40:09",0.94618,21,gauravkrsinha
1096,16893632,"Nicolás Pedemonte","2026-09-18 20:21:08",0.94618,8,nicolspedemonte
1097,16941660,"Rashid Khazeiynasab","2026-09-22 20:20:40",0.94618,2,rashidel1988
1098,16841220,"Animan khandelwal","2026-09-26 03:45:33",0.94618,11,animankhandelwal
1099,16878345,ineumi2_,"2026-09-23 14:45:40",0.94618,11,ineumi2
1100,16936290,C.Ronaldo,"2026-09-22 03:16:38",0.94617,1,wzh20050212
1101,16868487,"Manny Peiso","2026-09-21 18:29:29",0.94617,8,mannypeiso
1102,16841337,JeeHyungKim,"2026-09-28 07:16:03",0.94617,10,wilshercky
1103,16803548,AndyL,"2026-09-21 18:40:41",0.94617,13,androidl
1104,16827911,"Araik Tamazian","2026-09-05 19:03:59",0.94617,13,atamazian
1105,16939749,"Gukhyun Moon","2026-09-30 14:07:04",0.94617,9,moongukhyun
1106,16982616,"Elzandi Irfan Zikra","2026-09-29 23:42:44",0.94617,10,zangetsufuin
1107,16943834,"Mason Zhao","2026-09-23 02:32:01",0.94616,5,leyanzhao
1108,16828369,Galza98,"2026-09-04 14:47:02",0.94616,8,galza98
1109,16887683,Viginem,"2026-09-17 18:35:59",0.94616,5,vighneshpawaskar
1110,16803554,PavelLiashkov,"2026-09-03 11:12:12",0.94616,4,bigbag1983
1111,16832829,"Ishan Raj","2026-09-26 10:22:16",0.94616,5,mightyjiraiya
1112,16799209,Rakhansyah,"2026-09-05 19:23:42",0.94616,12,rakhansyah
1113,16841654,HananFish,"2026-09-07 15:36:23",0.94616,6,hananfish
1114,16843189,캐글리언,"2026-09-15 01:11:38",0.94616,12,kaglerian
1115,16891375,Nilanjan_Saha123,"2026-09-17 10:39:18",0.94615,15,nilanjansaha123
1116,16808616,"amaury lc","2026-09-02 14:53:32",0.94615,3,amaurylc
1117,16960343,Wen003,"2026-09-25 10:09:56",0.94615,1,wen003
1118,16799154,"Kodai Fukuda","2026-09-17 08:10:39",0.94615,43,kodaifukuda0311
1119,16857736,nawggg,"2026-09-16 02:48:33",0.94615,1,nawggg
1120,16878061,GarrieD,"2026-09-13 21:49:31",0.94615,5,garried
1121,16802874,"mariko f.","2026-09-30 23:29:18",0.94615,27,marikof
1122,16821052,"Adama Traore","2026-09-03 20:21:28",0.94615,10,adamstra
1123,16828042,add_mul,"2026-09-05 05:24:00",0.94615,7,addmul
1124,16895283,edward1503,"2026-09-21 06:47:06",0.94615,2,nguynnc
1125,16802349,"rhythm master","2026-09-28 10:23:17",0.94615,2,lukaswong
1126,16866324,"ravi AK","2026-09-23 15:52:06",0.94615,6,raviak
1127,16966159,"apoorva dixit","2026-09-27 22:15:01",0.94615,17,apoorvadixit
1128,16894388,소시지햄,"2026-09-23 00:46:13",0.94615,13,haemgu
1129,16854013,"Şahin Alp Akosman","2026-09-27 11:32:19",0.94615,21,sahinalpakosman
1130,16848214,insunglee0818,"2026-09-08 03:03:07",0.94615,5,insunglee0818
1131,16832614,Markus.JM,"2026-09-14 14:47:22",0.94615,5,maiernator
1132,16858405,Fey,"2026-09-30 03:07:24",0.94614,6,ld0918
1133,16952201,"Parth Maniar","2026-09-30 06:59:23",0.94614,5,theteacoder
1134,16807530,falsenine,"2026-09-14 00:33:32",0.94614,6,koheishima
1135,16919970,"julian andres viejo garrido","2026-09-19 09:51:11",0.94614,5,salmaviejo
1136,16799125,"M. Syahrindra","2026-09-12 11:14:32",0.94614,10,mochammadsasuharno
1137,16843709,"Azmat Hussain","2026-09-07 16:34:58",0.94614,2,ahussai
1138,16881630,"Felipe Colombarolli","2026-09-13 08:42:04",0.94614,1,felipecolombarolli
1139,16966873,Pepe.dbz,"2026-09-30 11:59:08",0.94614,30,pepedbz
1140,16805359,rampichino,"2026-09-03 16:18:36",0.94613,3,alfreale
1141,16894888,"邓睿宸 2311274","2026-09-15 07:42:50",0.94613,1,soraynn
1142,16862332,"Jaded Llama","2026-09-12 16:40:00",0.94613,3,jadedllama
1143,16811853,"SOUSSOU Koffi Désiré","2026-09-10 09:34:09",0.94613,11,soussoukoffidsir
1144,16811109,DaTaro,"2026-09-13 22:34:16",0.94613,10,starokes
1145,16819908,weimean,"2026-09-27 20:37:25",0.94613,6,gtwm98
1146,16987459,VladimirBlinets,"2026-09-30 22:34:54",0.94613,1,vladimirblinets
1147,16919353,Sjain,"2026-09-29 21:25:57",0.94613,25,shudhatmajain
1148,16848540,fn4ste,"2026-09-19 17:02:38",0.94613,1,fn4ste
1149,16811838,caiguoneng,"2026-09-03 09:27:13",0.94612,5,caiguoneng
1150,16798804,"Kazuhiro Masuyama","2026-09-15 04:11:09",0.94612,61,kazuhiromasuyama
1151,16985052,"yihui ding123","2026-09-30 13:25:08",0.94612,10,yihuiding123
1152,16814987,"Zihan Ni","2026-09-06 06:03:35",0.94612,6,lunangai
1153,16973126,MarPez,"2026-09-28 21:01:54",0.94612,7,marpez
1154,16802551,"Anurag Goyal","2026-09-03 11:46:30",0.94612,6,anuraggoyal2203
1155,16838761,Wakabourne,"2026-09-23 12:00:39",0.94612,5,wakabourne
1156,16935676,"Kevin Rio Harristyando","2026-09-25 09:21:02",0.94612,7,kevinrioharristyando
1157,16802312,BIZEN250,"2026-09-04 07:48:36",0.94612,11,bizen250
1158,16823110,"Jan Fidor","2026-09-04 14:58:47",0.94611,19,janfidor
1159,16847020,SudoShellz,"2026-09-08 04:01:06",0.94611,3,taryncampbell
1160,16877284,"Azamat Sadikov","2026-09-11 22:52:54",0.94611,1,azamatsadikov
1161,16808265,IOE,"2026-09-05 12:39:27",0.94611,8,s1teko
1162,16989082,"Mehedi Meraj","2026-09-30 07:45:57",0.94611,5,mehedimeraj
1163,16822442,rootxhacker,"2026-09-04 03:38:10",0.94611,3,rootxhacker
1164,16841762,wis-smec,"2026-09-07 04:23:35",0.94611,6,wissmec
1165,16885596,"Hessa Khalfan","2026-09-15 11:58:28",0.94610,12,hessakhalfan
1166,16839145,"Eshan Mehendale","2026-09-06 18:37:34",0.94610,3,eshanmehendale
1167,16866810,"Prudhvi Yelisetti","2026-09-29 12:53:50",0.94610,10,"lalithakotha,prudhviyelisetti"
1168,16799698,"Coding made Easy","2026-09-22 02:39:40",0.94610,5,codingmadeeasy
1169,16976590,"DS Research ","2026-09-30 06:55:21",0.94610,29,dsr1977
1170,16884630,"Kenzo Okajima","2026-09-19 01:01:51",0.94610,8,kenzookajima
1171,16986469,"Peyton Ramsey","2026-09-30 23:09:44",0.94610,9,peytonramsey
1172,16826089,Dule@11,"2026-09-04 18:44:32",0.94610,7,dule11
1173,16847483,"StrGenIx | Laurens D'hooge","2026-09-07 11:52:20",0.94610,5,dhoogla
1174,16847930,tomohiroikeda,"2026-09-21 14:43:29",0.94610,11,tomohiroikeda
1175,16975571,"poiuytr mnbvcxz","2026-09-30 01:36:01",0.94610,4,poiuytrmnbvcxz
1176,16798805,"Jim Gruman","2026-09-30 02:26:19",0.94610,29,jimgruman
1177,16806364,"Matthew Y","2026-09-02 20:54:44",0.94610,4,cidkardi
1178,16824050,"Karam Khasawneh","2026-09-04 14:47:51",0.94609,7,karamkhasawneh
1179,16965762,krrishk0406,"2026-09-30 21:06:19",0.94609,8,krrishk0406
1180,16799882,"Ákos Pintér","2026-09-12 14:50:30",0.94609,100,kospintr
1181,16832242,"Pranjal Verma","2026-09-06 07:08:27",0.94609,2,pranjalverma08
1182,16817747,"Olatide Bolaji","2026-09-05 20:27:14",0.94609,20,olatidebolaji
1183,16948159,gkstmd050823,"2026-09-27 03:03:55",0.94609,17,gkstmd050823
1184,16987642,Plainview,"2026-09-30 21:15:26",0.94609,10,plainview
1185,16802205,"Paul Shelby","2026-09-04 11:13:37",0.94609,14,paulshelby
1186,16822784,"mattéo Mathis","2026-09-16 11:16:21",0.94609,11,mattomathis
1187,16898816,Jhonc08200021,"2026-09-18 03:18:59",0.94609,3,jhonc08200021
1188,16911638,"Michael Simony","2026-09-30 18:33:27",0.94609,16,michaelsimony
1189,16931217,CAU53744-T03,"2026-09-30 13:31:48",0.94608,7,ferrumv
1190,16828977,flag_06,"2026-09-22 13:55:39",0.94608,13,flag06
1191,16802403,noam,"2026-09-03 18:10:34",0.94608,4,noamdwc
1192,16799565,"Lâm Huy","2026-09-05 12:35:42",0.94608,15,lamhuy8904
1193,16800519,"Alibay Alili","2026-09-30 17:41:43",0.94608,23,alibay
1194,16798802,W-Bruno,"2026-09-03 23:49:46",0.94608,15,haoqiangzheng
1195,16839540,"Xerx 350","2026-09-14 20:02:14",0.94608,4,xerx350
1196,16847043,YeFeng311@outlook.com,"2026-09-23 00:55:48",0.94608,6,yefeng311outlookcom
1197,16855391,Crystal2006,"2026-09-12 02:40:24",0.94607,6,crystal2006
1198,16987479,"Yusuf Erdem ALTINSOY","2026-09-29 23:31:15",0.94607,5,yusuferdemaltinsoy
1199,16926753,paridhi19,"2026-09-21 10:21:20",0.94607,5,paridhi19
1200,16988883,"Jaden Torres","2026-09-30 23:53:59",0.94607,7,jadentorres52
1201,16805741,"NextAura AI _ ZU","2026-09-02 08:09:58",0.94607,7,mohandabuayyash1
1202,16806584,"Nithin maktha","2026-09-02 05:40:13",0.94607,1,makthanithin
1203,16811749,zane666,"2026-09-05 03:40:08",0.94607,2,zane666
1204,16880221,"Dev Chandra Adhikari","2026-09-21 13:17:52",0.94607,19,devchandraadhikari
1205,16942061,"la viva la desire","2026-09-24 15:34:24",0.94606,3,gigan11ga
1206,16804378,"Özgür Berke Akyol","2026-09-05 09:21:27",0.94606,13,ozgurba
1207,16855316,"Jaskaran Singh","2026-09-09 18:40:22",0.94606,8,jaskaran20306
1208,16895549,DebugBird,"2026-09-24 08:38:37",0.94606,5,pinecone101
1209,16898077,kminh712,"2026-09-17 15:07:33",0.94606,1,hanashiroanzu
1210,16930804,"T.-C. Chang","2026-09-21 13:51:38",0.94606,12,newlooker
1211,16911673,jayaxebai,"2026-09-27 13:50:01",0.94606,1,jayaxebai
1212,16898644,"Challenge Accepted","2026-09-15 21:45:24",0.94606,3,challengeaccepted111
1213,16811769,lyagushkerr,"2026-09-07 08:18:23",0.94606,7,lyagushkerr
1214,16857742,CalebSChen,"2026-09-11 05:53:51",0.94606,15,calebschen
1215,16908881,"Gabriele M","2026-09-16 23:04:33",0.94606,1,gmartegiani
1216,16944127,"Umid Musaev","2026-09-24 01:30:41",0.94605,8,codingclimber
1217,16802938,Maxim,"2026-09-04 03:05:16",0.94605,5,ektarr
1218,16803921,"Mohammed Rajaa","2026-09-03 09:54:55",0.94605,9,mohammedrajaa
1219,16848171,Satsujinngahara,"2026-09-23 09:24:55",0.94605,7,satsujinngahara
1220,16827164,wangxt1,"2026-09-04 08:19:48",0.94605,3,wangxt1
1221,16799086,LULU,"2026-09-07 14:21:01",0.94605,13,"luluwenhaolulu,qingwending"
1222,16802759,"Georgios Nikolitsis","2026-09-18 11:00:52",0.94604,53,gnikolitsis
1223,16926282,Sa1yam,"2026-09-30 21:00:08",0.94604,9,sa1yam
1224,16968054,SHUlpt,"2026-09-28 18:32:22",0.94604,10,shulpt
1225,16842490,"AYi GUO","2026-09-08 08:42:39",0.94604,5,ayiguo
1226,16938893,"Hiroki Kohara","2026-09-30 11:50:37",0.94604,11,hirokikohara
1227,16953419,Yeandi,"2026-09-27 10:02:13",0.94604,1,yeandi
1228,16950353,"Aarav Ankola","2026-09-28 21:49:38",0.94603,3,aaravankola
1229,16838407,"Srivatsav Kannan","2026-09-05 13:16:28",0.94603,4,srivatsavkannan
1230,16941575,"Rajveer Vora","2026-09-30 10:18:35",0.94603,3,rajveervora
1231,16895855,"Yiman Gao","2026-09-15 15:09:23",0.94602,4,yimangao
1232,16842839,"Hyunil Yoo","2026-09-30 07:01:14",0.94602,6,hyunil91
1233,16906224,"Vaishnav Gudipudi","2026-09-27 17:27:30",0.94602,14,vaishnavgudipudi
1234,16822718,Hoaivo,"2026-09-03 17:03:13",0.94602,3,hoaivo
1235,16862365,"Hien Nguyen","2026-09-30 23:06:33",0.94601,7,nguyehi1
1236,16802466,chenshiyo,"2026-09-09 10:30:54",0.94601,5,chenshiyo
1237,16818230,"k sheep","2026-09-30 10:41:04",0.94601,16,tomokokyonen
1238,16927485,TEIKOTA,"2026-09-30 23:21:14",0.94601,17,teikota
1239,16853299,"Artem Deviatov","2026-09-08 12:55:58",0.94601,4,f12s3d45s6
1240,16867066,Furkan,"2026-09-25 20:04:52",0.94601,29,furkanzmez
1241,16799557,CaERu_korokoro,"2026-09-16 12:28:16",0.94601,2,caeru11291129
1242,16969914,sasailab,"2026-09-27 09:58:09",0.94601,3,junpeisasai
1243,16892480,"Rithesh Bashetty","2026-09-15 14:39:15",0.94601,10,ritheshbashetty
1244,16882546,"Eric Wang","2026-09-13 19:47:48",0.94600,1,wangeric15
1245,16875446,"Zainab Khan","2026-09-28 07:55:07",0.94600,1,"myab07,zainabkhan34"
1246,16895907,clouder_121,"2026-09-15 10:35:19",0.94599,1,clouder121
1247,16869716,Jonaid,"2026-09-12 14:24:56",0.94599,12,jonaidshianifar
1248,16843958,Rohan,"2026-09-12 17:45:57",0.94599,9,mathleteutd
1249,16883037,"Mohammad Yaser Hussain","2026-09-16 02:49:39",0.94599,8,mohammadyaserhussain
1250,16912699,"Maks M","2026-09-20 13:50:50",0.94598,1,maksmamaev
1251,16937128,"Akshay Jain_RB","2026-09-21 16:35:23",0.94598,3,akshayjainrb
1252,16839121,WIKXY,"2026-09-28 12:35:58",0.94598,20,beneththeskin
1253,16799748,"Komil Parmar","2026-09-02 07:07:08",0.94598,4,komilparmar
1254,16915407,"Muhammad Zulkifil","2026-09-18 14:26:44",0.94598,8,muhammadzulkifil
1255,16895889,"Nicolás Barceló","2026-09-25 16:20:12",0.94598,3,nicolsbarcel
1256,16798976,"Sadam Torres","2026-09-04 03:04:21",0.94598,8,sadamtorres
1257,16848057,"Yunus Dermencioglu","2026-09-07 13:23:55",0.94597,2,yunusdermencioglu
1258,16833371,"Irkan Alfa","2026-09-05 17:33:19",0.94597,2,irkanalfaraji
1259,16861514,"Yanwei Lu","2026-09-11 10:37:22",0.94597,5,yanweilu
1260,16853538,Keychain,"2026-09-08 15:26:41",0.94597,4,tomoki1126
1261,16802350,"shankar lal","2026-09-01 22:09:48",0.94597,4,shankar3234
1262,16829820,tkdndgus,"2026-09-05 17:27:31",0.94597,5,tkdndgus
1263,16858661,Vishwa,"2026-09-16 07:21:19",0.94597,8,rv1922
1264,16804053,"Gregory Williams","2026-09-28 02:37:07",0.94597,34,gdbwilliams
1265,16849233,Fatemeh_Balaei,"2026-09-18 20:59:24",0.94596,22,fatemehbalaei
1266,16804933,hypecoef,"2026-09-06 15:13:02",0.94596,10,pieego
1267,16806707,"Bissultanov Yernar","2026-09-07 06:53:50",0.94596,3,deasoffice
1268,16919254,Asorac@NCCU_gf0927,"2026-09-20 11:19:22",0.94596,3,gf0927
1269,16892605,zaltark,"2026-09-21 19:30:56",0.94596,6,zaltark
1270,16811538,treflow,"2026-09-03 18:43:36",0.94595,3,treflow
1271,16879513,FredericaBernkastel,"2026-09-30 20:33:45",0.94595,18,galonglau
1272,16803260,Kareem,"2026-09-08 17:44:58",0.94594,3,kareemmourad
1273,16908521,"Anish Prakash","2026-09-18 17:45:27",0.94594,1,anishprakash27
1274,16858255,Wheeler,"2026-09-16 02:06:24",0.94594,15,wh1111
1275,16823630,"Ayoola Okunlola","2026-09-14 15:56:47",0.94594,5,ayoolaokunlola
1276,16806170,"Lamaq and Nastija","2026-09-20 12:18:20",0.94594,17,"lamaqdahodwala,nastijakalugina"
1277,16806177,Deepak,"2026-09-30 19:32:24",0.94594,17,deepaksurya7
1278,16845916,"Toshihiro Noguchi","2026-09-07 11:57:56",0.94594,2,toshihironoguchi
1279,16803133,TBRTRL,"2026-09-22 09:14:48",0.94594,111,tbrtrl
1280,16852863,ooooosik,"2026-09-14 01:44:39",0.94593,4,ooooosik
1281,16808762,"Hiroko Tsuchida","2026-09-28 22:12:44",0.94593,33,hirokotsuchida
1282,16968215,"CESAR ALARCON","2026-09-29 03:23:25",0.94593,3,alarconck
1283,16859100,"Youzhe Yang","2026-09-09 15:31:16",0.94593,4,youzheyang
1284,16807745,"Sheikh Madni","2026-09-23 03:44:41",0.94592,12,sheikhmadni
1285,16916693,"soham samanta","2026-09-18 17:23:56",0.94592,3,sohamsamanta
1286,16809861,Junkonno,"2026-09-29 16:36:34",0.94592,10,junkonno
1287,16956895,Krizalis,"2026-09-26 10:28:31",0.94592,9,deonissx
1288,16920738,"Николай Сергеев","2026-09-19 10:18:14",0.94592,4,s0mes1gn37
1289,16867748,"Shohinur Pervez Shohan","2026-09-10 18:45:16",0.94591,3,shohinurpervezshohan
1290,16950920,kaiwang27,"2026-09-24 08:50:40",0.94591,3,kaiwang27
1291,16798899,"Chekhlov Dmitrii","2026-09-06 15:31:43",0.94591,2,zoli800
1292,16799371,"Rugved Bane","2026-09-16 18:05:20",0.94591,19,rugvedbane
1293,16831248,Kyon,"2026-09-26 14:42:27",0.94591,8,kyazaki
1294,16851333,준입니다.,"2026-09-15 05:00:13",0.94591,2,itsjun
1295,16812064,"Liu Classmate","2026-09-09 04:29:41",0.94591,10,liuclassmate
1296,16817868,TAB0905,"2026-09-30 16:26:27",0.94590,46,tab0905
1297,16875647,ShowOne_01,"2026-09-25 08:46:46",0.94590,17,showone01
1298,16833405,islet,"2026-09-29 00:57:52",0.94590,19,kojimar
1299,16927710,JY,"2026-09-21 02:44:20",0.94589,9,junyihjy
1300,16991219,lfavre,"2026-09-30 18:00:33",0.94589,5,lfavre
1301,16954351,ねこかん,"2026-09-24 15:12:18",0.94589,1,catfood777
1302,16808814,kouchan,"2026-09-19 11:24:43",0.94589,14,kouchan0104
1303,16811916," Lưu Khải Hưng","2026-09-10 04:57:00",0.94589,5,lukhihng
1304,16944587,"Halil İbrahim Güllük","2026-09-23 21:58:17",0.94589,4,halilbrahimgllk
1305,16929504,"Ali Salih Yıldırım","2026-09-21 20:30:04",0.94589,5,alisalihyldrm
1306,16855212,"Ushna Saad","2026-09-30 07:53:34",0.94589,5,ushnasaad
1307,16889975,znzou47,"2026-09-15 05:48:07",0.94589,4,znzou47
1308,16870705,kimzaiyi1,"2026-09-11 05:49:13",0.94589,2,kimzaiyi1
1309,16810230,Nick,"2026-09-17 08:32:01",0.94588,2,mykytadubov
1310,16890244,PhoenixAStar,"2026-09-16 22:22:07",0.94588,8,phoenixastar
1311,16823206,"Erfan Hosseini","2026-09-26 17:28:33",0.94588,8,erfanhos
1312,16803775,JanjibDEV,"2026-09-14 03:00:30",0.94588,1,janjibdev
1313,16877475,OW,"2026-09-12 04:10:40",0.94588,2,oscarwei
1314,16960551,"irtaza malik","2026-09-25 13:06:37",0.94588,2,irtazamalik
1315,16811904,"Hưng Lưu","2026-09-10 03:57:22",0.94588,7,yahhngliu
1316,16798828,AbdullahSafwan333,"2026-09-30 07:29:42",0.94588,10,abdullahsafwan333
1317,16892871,rumoa77,"2026-09-24 19:20:59",0.94587,7,rumoa77
1318,16852836,"Shrutika Bhiungade","2026-09-30 21:36:13",0.94587,12,shrutikabhiungade
1319,16944548,"Mangara Haposan Immanuel Siagian","2026-09-28 08:01:17",0.94587,6,mangara01
1320,16809469,"Yusuf Ömer Erem","2026-09-04 19:45:11",0.94587,3,yusuferem
1321,16799031,Ye,"2026-09-19 16:40:37",0.94587,10,gimgoon
1322,16798628,"Makoto Furukawa","2026-09-10 01:07:03",0.94587,16,makotofurukawa
1323,16802751,"Hamza Nazim Siddiqui","2026-09-17 08:30:23",0.94587,31,"dtdoww,shreyashsiddharth"
1324,16906208,"Yi-Chi,Tseng ","2026-09-21 14:44:44",0.94586,3,yichitseng
1325,16876760,t-aikaggler,"2026-09-25 14:30:36",0.94586,2,aikawatetsuya
1326,16839118,"Julien Heiduk","2026-09-10 22:37:32",0.94586,28,zoupet
1327,16880367,"Thunder Buddies","2026-09-30 16:52:41",0.94586,79,"bhuvanesh55,jaswanthkrishna04"
1328,16799508,MingyangQu666,"2026-09-30 16:32:20",0.94586,1,mingyangqu666
1329,16952259,Shujian,"2026-09-24 14:31:26",0.94585,1,lsj0815
1330,16860127,"Jeffery Mei","2026-09-09 16:41:17",0.94584,6,callmejeffery
1331,16984484,"David Ospina","2026-09-29 18:35:45",0.94584,3,davidospina
1332,16891988,Dlmpoq01,"2026-09-14 18:22:47",0.94584,1,d46033461
1333,16848251,Bxckwood,"2026-09-07 21:27:52",0.94584,6,bxckwood
1334,16952174,"Mohammed Sufiyan","2026-09-24 10:38:31",0.94584,4,mohammedsufiyanv
1335,16977953,"Varun Rao","2026-09-29 01:27:42",0.94584,2,varunraosfanlkan
1336,16866656,ywy16127,"2026-09-30 07:55:23",0.94584,4,"relationist,ywy16127"
1337,16871875,"Oliver Kinch","2026-09-11 12:56:34",0.94583,2,oliverkinch
1338,16987726,"Bhaskar Chowdary","2026-09-30 21:59:00",0.94583,10,bhaskar9chowdary
1339,16887255,"Weiyuan Du","2026-09-13 17:16:43",0.94583,2,weiyuandu
1340,16843525,"MOSTEFAI MOUNIR","2026-09-18 23:45:09",0.94583,6,mostefaimounir
1341,16883379,"Daniel Udekwe","2026-09-24 21:07:38",0.94583,8,danieludekwe
1342,16854218,"Filip Martinek","2026-09-08 21:49:16",0.94583,1,filipmartinek
1343,16802822,hezhiqian,"2026-09-21 02:17:18",0.94582,20,hezhiqian
1344,16824071,永井松太郎,"2026-09-13 15:09:39",0.94582,9,nattomann
1345,16933743,"Tayyab sikandar","2026-09-23 05:11:03",0.94582,2,tayyabsikandar
1346,16944032,"RK Hana Lee","2026-09-26 08:54:17",0.94582,11,rkhanalee
1347,16896806,Caalm,"2026-09-15 14:13:32",0.94582,2,aido05
1348,16822952,tespip,"2026-09-20 13:12:03",0.94581,5,tespip
1349,16945593,"Misty Visty","2026-09-25 08:34:39",0.94581,3,mistyvisty
1350,16960667,"Comunidad Ninja","2026-09-28 15:32:17",0.94581,10,dxfl42
1351,16808670,"Dr Anil Kumar Dubey","2026-09-06 06:09:29",0.94580,8,dranilkumardubey
1352,16802989,"Yong Jun Fai","2026-09-14 09:10:02",0.94580,7,yongjunfai
1353,16862572,"William Bickelmann","2026-09-13 12:10:36",0.94580,7,williambickelmann
1354,16800025,"Ömer Faruk Tekin","2026-09-28 15:44:08",0.94580,7,faruktekin
1355,16887632,M_Muhammad_A,"2026-09-25 05:38:51",0.94580,3,mmuhammada
1356,16962995,AroojAhmed,"2026-09-27 13:57:26",0.94580,5,quresa9
1357,16851695,qianyuatkaggle,"2026-09-08 05:02:26",0.94580,1,qianyuatkaggle
1358,16956584,Yogendra,"2026-09-30 09:00:39",0.94580,10,"rajveersinghdhak,tashirahmadb23me1074,yogendrab23bb1046"
1359,16839860,NynsenFaber,"2026-09-05 14:56:15",0.94579,2,nynsenfaber
1360,16892813,"Divyanshu Sharma","2026-09-15 14:54:14",0.94579,3,divyanshusharma9
1361,16807881,Amaranta,"2026-09-04 03:53:18",0.94579,6,ulyanovantonamaranta
1362,16876087,"Zhu Lin Ch'ng","2026-09-12 12:12:26",0.94579,5,czlcode
1363,16923246,thePredictors,"2026-09-30 09:08:46",0.94579,6,ashutiwari0
1364,16917720,ifashion,"2026-09-28 19:13:14",0.94578,9,ifashion
1365,16960290,"Abdelhafid Ammari","2026-09-25 14:14:29",0.94578,10,abammari
1366,16809871,"Rimba Erlangga","2026-09-06 19:31:07",0.94578,39,rimbax
1367,16918536,"Hubert Yang","2026-09-28 12:44:07",0.94578,2,dhuberty
1368,16799657,Akritas,"2026-09-02 11:43:24",0.94577,6,akritas
1369,16822226,"Hande  Nur Uygun","2026-09-05 22:55:27",0.94577,13,handeuygun
1370,16808288,hundun,"2026-09-04 16:25:44",0.94577,23,zhongh4oyang
1371,16937130,"Pradhyumnaa G","2026-09-21 17:36:09",0.94577,7,pradhyumnaag
1372,16809558,"Ricardo Pereira","2026-09-04 15:54:14",0.94576,4,rjopereira
1373,16952428,"HONGLIE ZHANG","2026-09-25 12:22:13",0.94575,3,hongliezhang
1374,16956975,"Anmol Mahajan","2026-09-27 13:58:13",0.94575,2,anmolmahajan1
1375,16892341,"Morgan Le","2026-09-17 01:26:21",0.94575,2,minhhnle
1376,16832833,"Corbett Austin","2026-09-04 22:32:07",0.94575,2,corbettaustin
1377,16992661,"George Shvets","2026-09-30 20:38:14",0.94574,3,georgeshvets
1378,16876158,"Mobeen Fatima","2026-09-29 16:59:22",0.94574,4,mobeenfatimah
1379,16858585,"Abdul Manan","2026-09-09 20:53:09",0.94574,9,abdulmanankhalid
1380,16802354,"Alikhan Gavrilov","2026-09-22 13:27:58",0.94574,14,alikhangavrilov
1381,16955383,"Matvei Tarusin","2026-09-25 05:54:33",0.94573,3,matveitarusin
1382,16952650,"Nandakrishnan O","2026-09-27 08:18:51",0.94573,8,nandakrishnan1311
1383,16993038,Yanamii,"2026-09-30 18:28:33",0.94573,2,yanamiiannaa
1384,16881904,"Lmntrix Ace","2026-09-12 18:07:28",0.94572,2,lmntrixace
1385,16940720,MoinudeenHazmi,"2026-09-28 12:19:09",0.94572,1,moinudeenhazmi
1386,16925784,alirezanasiri778,"2026-09-26 14:18:47",0.94572,4,alirezanasiri778
1387,16867013,Oreb98,"2026-09-22 15:44:53",0.94572,14,oreb98
1388,16880553,"Ryosuke Yoshikawa","2026-09-27 14:12:25",0.94572,5,ryosukeyoshikawa
1389,16856313,"Julianno Rogery","2026-09-09 12:43:34",0.94571,1,juliannorcs
1390,16800431,NatSwamin,"2026-09-04 10:44:04",0.94571,4,natswamin
1391,16894782,Trennon5,"2026-09-16 07:39:12",0.94571,8,trennon5
1392,16973116,"Prasanna Shakya","2026-09-30 13:20:14",0.94571,5,djskeleton
1393,16802771,"Gyanendra Singh Yadav","2026-09-18 10:30:48",0.94571,5,gyanendrasinghyadav
1394,16801062,tuannm3812,"2026-09-04 13:12:35",0.94570,7,tuannm3812
1395,16805798,"Tys TANA","2026-09-03 00:31:14",0.94570,2,tystana
1396,16822923,UnfriendlyAI,"2026-09-04 18:51:17",0.94570,10,unfriendlyai
1397,16925342,"Din Sokheng","2026-09-26 22:08:55",0.94570,3,sokhengdin
1398,16823682,"Shantanu Chopra","2026-09-04 12:30:37",0.94569,2,shanchp
1399,16823623,"Jocelyn Dumlao","2026-09-07 10:33:39",0.94569,2,jocelyndumlao
1400,16805454,"Nishant Dhingra","2026-09-03 05:33:37",0.94568,10,nishantdhingra
1401,16876182,Ricard0Borges,"2026-09-23 20:44:34",0.94568,20,ricard0borges
1402,16934711,charoyou,"2026-09-30 14:10:21",0.94568,2,charoyou
1403,16879072,"Arpit Jain","2026-09-12 04:50:31",0.94568,1,arpitjain5
1404,16889210,"Đoàn Nguyễn Ngọc Bảo","2026-09-15 06:43:02",0.94567,7,nguyeba
1405,16843240,"William Gladston","2026-09-11 16:26:42",0.94567,1,williamgladston
1406,16866069,"ROU Senghak","2026-09-10 11:54:40",0.94567,1,rousenghak
1407,16974911,"SS Jaswanth","2026-09-28 02:28:23",0.94566,2,ssjaswanth
1408,16838804,None,"2026-09-07 06:10:05",0.94566,3,mdmorshalinemojumder
1409,16844414,"Akash Pandey","2026-09-22 22:16:41",0.94565,1,akashp7
1410,16839769,WUGAWUGA2,"2026-09-07 11:04:29",0.94565,3,wugawuga2
1411,16916618,Joona,"2026-09-27 04:20:44",0.94565,7,joonalaunonen
1412,16805565,Guenoir,"2026-09-30 22:13:09",0.94565,14,joshuamichael15
1413,16940592,"Vishal Dubey","2026-09-28 15:35:39",0.94565,2,vishaldubey1234567
1414,16890600,"Viet Tran","2026-09-30 08:04:02",0.94564,8,viettran0110
1415,16841283,"Black Scholes","2026-09-06 09:17:04",0.94564,3,blackscholz
1416,16832247,"Diya Patel","2026-09-26 00:48:37",0.94564,8,diyapatel02
1417,16830955,"Komarov Andrew","2026-09-13 13:13:43",0.94563,2,lucci01a
1418,16881094,remi_hr,"2026-09-12 15:19:42",0.94562,2,remihrf
1419,16841643,amiakar,"2026-09-06 01:51:26",0.94560,2,amiakar
1420,16862981,"Roberto Zanaboni","2026-09-12 20:25:26",0.94560,7,robertozanaboni
1421,16892369,José,"2026-09-16 18:22:46",0.94560,18,kevinz123456
1422,16939071,Hanpan00,"2026-09-22 06:49:42",0.94560,2,hanpan00
1423,16853088,"Long Vuz","2026-09-30 10:56:53",0.94559,1,longvucs
1424,16935806,"Paul Johnson","2026-09-30 18:30:29",0.94559,3,pauljohnson
1425,16889556,"RZ Lu","2026-09-23 07:32:51",0.94558,1,ruizhaolu
1426,16914652,bautistareynolds,"2026-09-17 14:24:04",0.94558,2,bautistareynolds
1427,16840555,coffeffe,"2026-09-07 20:52:41",0.94557,11,"coffeffe,vatereal"
1428,16852584,InfernoTK,"2026-09-08 22:33:07",0.94557,2,infernotk
1429,16907412," Dennis6886","2026-09-18 06:58:50",0.94556,3,dennis6886
1430,16978987,LeNgocTuongVy143,"2026-09-30 01:05:13",0.94556,3,lengoctuongvy143
1431,16848318,"Nathan Jacob","2026-09-08 12:49:03",0.94556,4,nathanjacob
1432,16942122,keyiadiannao,"2026-09-25 16:13:30",0.94555,4,keyiadiannao
1433,16820506,"Kei Masuda","2026-09-28 23:40:25",0.94555,29,keimasuda
1434,16844421,"Eleni Stamkou","2026-09-30 11:58:53",0.94555,2,elsta444
1435,16853145,"Karib Kazi Rafid","2026-09-25 03:55:42",0.94554,16,karibkazirafid
1436,16971166,Uddhav37,"2026-09-28 12:09:24",0.94554,4,uddhav37
1437,16881846,SuperDubby,"2026-09-12 17:04:29",0.94553,10,superdubby
1438,16853269,"Qiao Ke","2026-09-08 08:43:55",0.94553,1,bridgekk
1439,16832502,"Mohamed Alaa Elboraay","2026-09-04 18:31:11",0.94552,1,mohamedalaa10
1440,16941728,jayadevuha,"2026-09-23 20:39:42",0.94551,11,jayadevuha
1441,16839477,"ANSHIKA JOISAR","2026-09-30 14:20:22",0.94550,4,anshikajoisar
1442,16920806,wumingzhibei_99,"2026-09-30 03:58:51",0.94550,4,wumingzhibei99
1443,16968386,.,"2026-09-27 22:50:35",0.94550,8,unknownheip
1444,16810302,Tathagata_Ghosh_03,"2026-09-06 18:32:23",0.94549,7,tathagataghosh03
1445,16803413,"Kanish Paul","2026-09-01 17:02:01",0.94549,1,kanishpaul
1446,16938935,"John Max","2026-09-22 11:28:14",0.94548,3,john1820430341
1447,16897549,koseki,"2026-09-28 11:15:48",0.94548,11,eggggplant
1448,16829258,cherish_zhang,"2026-09-15 07:56:24",0.94548,7,cherishzhang
1449,16828514,"Trọng tâm Nguyễn","2026-09-04 10:18:27",0.94548,1,trngtmnguyn
1450,16845692,"Gojo satoru","2026-09-30 23:56:30",0.94547,22,gibeomshin
1451,16892018,Dyl,"2026-09-19 04:37:51",0.94545,5,dylanvatanapradit
1452,16974141,yu_kuo14,"2026-09-27 22:29:49",0.94544,3,yukuo14
1453,16854103,"Yan Slabodich","2026-09-09 12:28:15",0.94544,3,yanskij
1454,16955044,nor,"2026-09-24 19:14:35",0.94543,6,nor33855
1455,16881451,"Kotaro Imamura","2026-09-13 08:48:17",0.94543,2,kotaroimamura
1456,16806870,"nikolaou nikolaou","2026-09-04 06:26:11",0.94542,3,nikolaounikolaou
1457,16839364,"loai fahman","2026-09-12 21:21:24",0.94541,6,loaifahman
1458,16830537,NikitaChubai,"2026-09-11 09:41:44",0.94541,1,nikitachubai
1459,16892236,kuchinwei,"2026-09-17 14:59:58",0.94540,3,kuchinwei
1460,16799819,"alex chilton","2026-09-01 20:03:54",0.94540,5,alexchilton
1461,16802997,K.Takahashi-1986,"2026-09-07 13:53:07",0.94540,5,ktakahashi1986
1462,16965964,fufuaaa,"2026-09-26 10:37:53",0.94539,1,fufuaaa
1463,16836084,"Ashok Gaire","2026-09-05 03:36:45",0.94539,1,ashokgaire
1464,16810797,"Bhavagna Nagisetti","2026-09-11 21:13:29",0.94538,1,bhavagnanagisetti
1465,16803077,"Arizal Muluk","2026-09-30 11:46:47",0.94537,38,arizalfirdaus123
1466,16964967,"Ivan Morozov","2026-09-26 07:55:06",0.94535,1,tomsoier
1467,16958359,"Badal Rajpoot","2026-09-25 05:29:41",0.94534,8,badalrajpoot
1468,16976201,"Vaibhav Kshirsagar","2026-09-29 20:56:02",0.94533,2,vaibhavkshirsagar01
1469,16880836,ManasviniAnand,"2026-09-12 11:24:42",0.94532,1,manasvinianand
1470,16973899,"Himanshu Yadav","2026-09-27 19:11:12",0.94532,1,himanshu6392
1471,16810831,"Mohsen Shahbazi","2026-09-05 18:10:35",0.94531,4,mohsenshahbazi
1472,16798829,"Tian Yan666","2026-09-08 19:21:39",0.94531,8,tianyan666
1473,16909683,"Cyrus Namjoo","2026-09-28 07:52:39",0.94531,9,sirousnamjoo
1474,16799457,Akahachi,"2026-09-20 08:01:35",0.94527,10,wordcards
1475,16943437,Yashvardhan,"2026-09-23 08:12:05",0.94526,5,yuser2010
1476,16844031,"Hansen Zhong","2026-09-06 21:03:52",0.94525,3,onegameonedream
1477,16876414,TwangyGarlic449,"2026-09-15 21:59:35",0.94523,2,twangygarlic449
1478,16948713,"PrithivRaj V","2026-09-28 19:42:51",0.94522,3,"prithivrajv,shrikarman"
1479,16917339,"Zugaj Productions","2026-09-18 16:04:05",0.94518,2,zugajproductions
1480,16842192,"Daksh Lamba","2026-09-15 07:23:51",0.94517,6,dakshlamba
1481,16848429,"Alejandro Gonzalez","2026-09-20 17:55:10",0.94517,3,alejandroglzzap
1482,16882875,BLANDCorporatio,"2026-09-24 22:31:50",0.94516,7,blandcorporatio
1483,16802895,kazkod,"2026-09-05 13:03:36",0.94515,1,kazkod
1484,16885685,"Neglected Turtle","2026-09-13 14:26:20",0.94513,1,pleaselike
1485,16909987,ETtheArtist,"2026-09-30 23:48:37",0.94512,9,ettheartist
1486,16864566,"Bryce Chambers","2026-09-26 00:10:09",0.94509,9,brycechambers
1487,16841856,tyuyoshi,"2026-09-30 02:28:58",0.94508,3,hasegawatsuyoshi
1488,16964782,"Kevin Lai","2026-09-26 11:10:24",0.94507,2,kevinlai4
1489,16806527,Tsubasa_00,"2026-09-02 07:40:23",0.94506,1,tsubasa00
1490,16886096,NSDMLK,"2026-09-14 05:25:04",0.94505,3,nsdmlk
1491,16920112,"Ghaith Sayari","2026-09-20 00:15:49",0.94504,4,ghaithsayari
1492,16948637,Arooran,"2026-09-30 21:47:45",0.94504,24,arooransivakarunai
1493,16932301,"Abdel ZIGHEM","2026-09-20 22:15:50",0.94501,2,abdelzighem
1494,16859470,"Kun J.WANG","2026-09-09 15:52:38",0.94501,2,kunjwang
1495,16921005,bruno.rios1080,"2026-09-18 16:14:04",0.94501,3,brunorios1080
1496,16806639,luochen211,"2026-09-02 06:49:48",0.94501,3,luochen211
1497,16800792,PeterGrundell,"2026-09-10 05:54:53",0.94501,24,petea2z
1498,16888379,"Sebastian Bay","2026-09-22 13:52:18",0.94500,2,sebastianbay
1499,16799068,"river August","2026-09-03 02:50:16",0.94498,6,riveraugust
1500,16896783,MihailMV13,"2026-09-16 00:30:54",0.94498,1,mihailmv
1501,16809396,wcwswswws,"2026-09-16 09:50:23",0.94497,39,wcwswswws
1502,16914178,Kajo,"2026-09-17 14:26:23",0.94496,9,kajarnaklokossou
1503,16949820,"Nahata Mohak","2026-09-23 20:57:49",0.94495,1,nahatamohak
1504,16882119,yakitori55,"2026-09-14 02:03:49",0.94495,2,yakitori55
1505,16911664,"Ahonakpon Guy GBAGUIDI","2026-09-28 21:16:30",0.94494,6,guyahonakpongbaguidi
1506,16807971,casati8,"2026-09-30 10:20:15",0.94491,15,casati8
1507,16943901,"Chris Yin","2026-09-23 17:00:34",0.94491,2,icemeteor01
1508,16904197,"Oh that me? Pure Aura","2026-09-17 04:53:16",0.94490,9,electroknight
1509,16937905,"Daniel Peng","2026-09-28 21:19:52",0.94489,11,codewithdaniel1
1510,16798598,"Trish Cornelissen","2026-09-23 15:26:56",0.94488,57,tcspecialist
1511,16826620,"Keya Dobriyal","2026-09-30 04:37:48",0.94484,7,keyadobriyal
1512,16892166,"Nilanjan Saha","2026-09-17 11:10:09",0.94484,3,nilanjansaha123hello
1513,16831227,Marton,"2026-09-05 08:59:35",0.94484,3,martonfuck
1514,16802777,"S Aishvarya","2026-09-05 13:32:13",0.94482,7,saishvarya
1515,16861797,"Ishank Gupta","2026-09-23 19:26:24",0.94481,3,ishankgpt02
1516,16864500,"Yueheng ZENG","2026-09-19 06:59:20",0.94481,17,yuehengzeng
1517,16800002,Async,"2026-09-19 20:36:51",0.94480,48,k1y0sh1
1518,16891505,renfei0202,"2026-09-27 05:20:17",0.94480,13,renfei0202
1519,16805197,"Atharva Parab","2026-09-05 04:20:11",0.94480,12,atharvaparab
1520,16968076,"RAMACHANDRA J","2026-09-27 14:50:53",0.94480,4,rock0707
1521,16877155,"Alem Memic","2026-09-29 18:29:43",0.94480,25,alem88
1522,16946729,"Jake Lin","2026-09-24 02:53:01",0.94477,5,jakelinai
1523,16977855,"Chuang Kai-hao","2026-09-28 16:15:32",0.94475,1,chuangkaihao
1524,16916543,NorthOcean,"2026-09-18 06:46:59",0.94474,3,northocean
1525,16861800,蛤密呱,"2026-09-13 16:25:51",0.94471,12,strengle2357
1526,16798836,"Wei Hsiang Lin111","2026-09-11 01:06:14",0.94471,17,weihsianglin111
1527,16919670,mzshao,"2026-09-30 08:50:43",0.94471,1,shaomingzhi0
1528,16798937,"Nirmal Patel","2026-09-02 07:16:28",0.94470,4,nirmalpatel02
1529,16806120,"Koh Saito","2026-09-03 16:16:24",0.94468,6,kohsaito
1530,16832333,"Karan Tanshukh","2026-09-04 17:20:05",0.94468,1,karantanshukh
1531,16906907,KAGUYA810,"2026-09-20 04:15:21",0.94466,4,kaguya810
1532,16803089,"Worst Team Ever","2026-09-24 15:24:47",0.94465,76,bogdandoicin
1533,16931631,"Alexie Huynh","2026-09-22 16:29:01",0.94464,6,alexiehuynh
1534,16968895,jereenarr,"2026-09-29 15:35:15",0.94464,4,jereenarr
1535,16923052,lxrnb666,"2026-09-21 13:26:45",0.94463,11,lxrnb666
1536,16950710,"Mitansh Dev","2026-09-24 17:08:39",0.94462,5,mitanshdev
1537,16808989,"Mohammad Alnajdawi","2026-09-02 14:59:44",0.94462,3,mohammadalnajdawi
1538,16861663,"Ali Uysal","2026-09-11 12:57:18",0.94461,2,aliuysal11111
1539,16854740,lizh2025,"2026-09-09 13:23:06",0.94459,3,lizh2025
1540,16928120,"Garv Goel","2026-09-30 11:22:48",0.94459,13,garv3068
1541,16939899,"Pratibha Tamak","2026-09-23 10:20:45",0.94458,1,pratibhatamak
1542,16801808,"Mahabub Hasan Mamun","2026-09-19 19:57:09",0.94456,10,mahabub001cs
1543,16802105,"SN JAI VISHNU","2026-09-14 07:41:47",0.94456,5,"jaivishnu2006,saiharishsaids,svimalrajan"
1544,16807903,"Utkarsh Agrawal","2026-09-04 15:55:32",0.94455,3,n0va007
1545,16884795,"Vikas kumar Singh","2026-09-19 04:33:56",0.94455,2,vikassingh01
1546,16927184,"Vijay Kumar","2026-09-23 06:08:40",0.94455,7,vijaykr0701
1547,16891050,ZhiyuanCHENG,"2026-09-30 08:25:50",0.94454,4,zhiyuancheng169
1548,16808743,"Mehmet Sami Boz","2026-09-04 14:37:33",0.94452,24,mehmetsamiboz
1549,16798914,"Shinichi Monden","2026-09-30 09:25:23",0.94452,74,shinichimonden
1550,16822206,"Advait ","2026-09-13 18:41:31",0.94451,4,advai1
1551,16808128,Yangzhenyu,"2026-09-02 09:33:47",0.94451,2,rubyq0v0p
1552,16810539,"Oleg Zagorulko","2026-09-02 19:00:12",0.94451,1,altersystem
1553,16799920,"Aloe moon","2026-09-04 20:10:14",0.94451,4,aloemoon
1554,16973803,MattRP,"2026-09-30 04:07:39",0.94450,4,mattrp
1555,16799947,"OJO EMMANUEL","2026-09-09 15:14:47",0.94450,18,ojoemmanuelnifemi
1556,16846751,jimmy5566,"2026-09-09 07:36:16",0.94449,4,jimmy5566
1557,16929746,"Sahil Athwani","2026-09-20 14:28:24",0.94448,9,sahilathwani
1558,16860702,Kurapapa,"2026-09-13 13:28:50",0.94448,3,kurapapa52
1559,16802480,"Владислав Мурник","2026-09-09 11:55:18",0.94447,7,adik23twhrs
1560,16859106,"piggy adorable (piggy)","2026-09-20 01:31:41",0.94447,6,piggyadorablepiggy
1561,16932685,tan014,"2026-09-30 23:31:36",0.94447,2,tan014
1562,16805449,"amirhossein karimiee","2026-09-18 20:35:26",0.94446,9,amirhosseinkarimiee
1563,16855204,"Anshul Chikhale","2026-09-30 05:52:23",0.94446,15,anshulchikhale
1564,16839516,恵輔平川,"2026-09-26 11:13:29",0.94445,18,hirakawa0k
1565,16919421,"Eliott Kalfon","2026-09-18 17:48:17",0.94445,3,eliottka
1566,16799549,"Avinash Maurya","2026-09-02 14:21:26",0.94444,5,avinash2009
1567,16848519,"Ubeen Sim","2026-09-08 12:22:00",0.94444,4,ubeensim
1568,16827628,"Arisa Fukuda","2026-09-15 05:36:03",0.94443,4,arisafukuda
1569,16894739,Choonghan,"2026-09-20 09:11:27",0.94443,1,choonghan
1570,16848583,"haru fuji","2026-09-11 16:44:54",0.94443,8,harufuji
1571,16843976,"Shaun the Sheep ","2026-09-30 22:49:04",0.94442,18,badlandsram
1572,16894574,"Atif Mazhar","2026-09-19 16:55:04",0.94441,3,atifmazhar
1573,16947236,K_DHEERAJ_11,"2026-09-23 15:19:58",0.94441,2,kdheeraj11
1574,16908010,"Vaibhav Karsh","2026-09-17 11:05:35",0.94441,2,vaibhavkarsh
1575,16852156,OneduckOneduck,"2026-09-09 04:27:33",0.94441,7,oneduckoneduck
1576,16885477,"Samet Coşkun","2026-09-13 20:43:38",0.94440,8,sametsssx
1577,16828700,"Yueran Cao 2001","2026-09-15 03:39:19",0.94439,5,yuerancao2001
1578,16853222,"Sherwin Dias","2026-09-29 18:01:33",0.94439,4,sherwindias
1579,16962860,"sergio damian coronel","2026-09-28 17:33:38",0.94439,1,sergiodamiancoronel
1580,16808218,"Asmita Khaitan","2026-09-22 17:40:53",0.94437,16,khaitanasmita
1581,16921404,LTLONG8090,"2026-09-27 09:57:42",0.94436,3,ltlong8090
1582,16866310,"Vishal Khomane","2026-09-11 09:58:40",0.94436,1,vishal567
1583,16845940,"Yug Parikh","2026-09-07 08:51:42",0.94436,2,yugparikh
1584,16803082,"Rafael Cunha","2026-09-23 21:53:45",0.94435,5,rnascunha
1585,16896385,"Faruk Adedeji","2026-09-24 21:58:25",0.94435,1,farukadedeji
1586,16895542,"Daniil Iakupov","2026-09-15 09:25:31",0.94435,2,daniiliakupov
1587,16832262,DavidToma03,"2026-09-21 21:45:16",0.94434,1,davidtoma03
1588,16857084,"tetsuya takahashi","2026-09-17 23:29:32",0.94432,7,tetsuyatakahashi
1589,16822460,"Vansh Kumar 16","2026-09-27 14:36:30",0.94429,21,vanshkumar16
1590,16928419,HR_Chu1,"2026-09-20 13:41:37",0.94428,4,hrchu1
1591,16897967,"Geronimo Basso Sosa","2026-09-19 20:01:42",0.94428,2,geronimobasososa
1592,16799984,"Erwin Huizenga","2026-09-27 03:09:05",0.94427,73,erwinh
1593,16838508,Skyrim86,"2026-09-30 15:13:02",0.94427,1,skyrim86
1594,16915676,"Arjun Hans","2026-09-17 20:02:41",0.94427,3,arjunhans
1595,16838684,"Prathamesh Mistry","2026-09-08 20:21:34",0.94426,2,prothomeshmistry
1596,16891244,"vijay thurimella","2026-09-30 17:06:37",0.94426,53,vijaythurimella
1597,16841870,"Yamin Hossain","2026-09-06 05:04:33",0.94425,1,yaminh
1598,16889348,"Praneel Chetty","2026-09-20 05:05:41",0.94424,7,praneelchetty
1599,16908671,"Shintaro Ito","2026-09-26 13:36:01",0.94423,12,sito17
1600,16826494,"Justine Lopez","2026-09-07 15:26:51",0.94423,6,justinelopez
1601,16973806,Kuriboh,"2026-09-28 19:05:52",0.94423,3,cauchyeix
1602,16926444,"Shivam Sourav","2026-09-19 22:49:47",0.94423,2,shivamsourav2002
1603,16988652,aparna_si13,"2026-09-30 10:12:41",0.94422,5,aparnasi13
1604,16799138,"Malco Qoo","2026-09-19 21:56:44",0.94421,19,malcoqoo
1605,16799345,Devashish,"2026-09-20 12:19:07",0.94421,1,devashish001
1606,16831000,nobuya,"2026-09-18 13:01:29",0.94419,55,kakiginobuya
1607,16884429,"Ruturaj Bhakare","2026-09-29 14:13:39",0.94419,1,ruturajbhakare
1608,16928540,PRIYANSH,"2026-09-20 16:21:53",0.94419,3,pricodes
1609,16804786,"Pravin Takpire","2026-09-18 03:19:57",0.94419,4,pravintakpire
1610,16877532,RodneyV,"2026-09-12 08:10:47",0.94418,6,mamkwebu
1611,16937131,"DHRUVA GOWDA","2026-09-21 19:35:13",0.94418,1,dhruvagowda2006
1612,16965060,nkome,"2026-09-27 00:27:37",0.94417,13,nnkaply
1613,16849473,"Bobby Clare","2026-09-08 11:33:02",0.94416,1,bobbyclare
1614,16941989,"Clariel Cruz","2026-09-22 16:36:11",0.94415,2,clarielcruz
1615,16911349,"Marius Zavistanavicius","2026-09-30 06:22:00",0.94415,9,zavista
1616,16942713,"Spoorthi KS","2026-09-23 15:51:33",0.94414,3,spoorthiiiiks
1617,16871309,Xoz17,"2026-09-19 04:52:43",0.94414,12,ajay990
1618,16804087,JMAscacibar,"2026-09-15 13:10:54",0.94411,10,jmascacibar
1619,16925068,JChang_coder,"2026-09-19 15:03:35",0.94411,4,jchangcoder
1620,16841215,"Deepak #2","2026-09-06 10:03:37",0.94410,3,deepakup85
1621,16930683,"Nikhil Kenjale","2026-09-20 15:23:02",0.94409,1,kenjalenikhil14
1622,16965832,"Vittal Badami","2026-09-26 11:29:09",0.94409,2,vittalbadami
1623,16919824,Ibaina,"2026-09-18 10:51:30",0.94408,1,ibaina
1624,16820576,"Kuba Kościan","2026-09-10 19:49:50",0.94406,26,kubakocian
1625,16991209,"mohammed mundazeer","2026-09-30 19:42:12",0.94406,3,mohammedmundazeer
1626,16985135,abdur_developer,"2026-09-29 15:29:49",0.94404,1,abdurdeveloper
1627,16937548,"Josh Hurlburt","2026-09-29 18:51:19",0.94404,6,joshhurlburt
1628,16840902,AnkitJangir01,"2026-09-29 15:37:09",0.94403,6,ankitjangir01
1629,16926154,Ashutosh0406,"2026-09-30 19:49:58",0.94403,4,ashutosh0406
1630,16983071,"Ethan Yong","2026-09-30 02:42:23",0.94403,3,ethanyongggg
1631,16890501,Raja051105,"2026-09-21 17:15:31",0.94402,16,raja051105
1632,16863006,"Oleksandr Barskyi","2026-09-09 22:24:27",0.94401,2,oleksandrbarskyi
1633,16918255,Gapdoicanxi,"2026-09-29 18:20:25",0.94401,4,gapdoicanxi
1634,16805185,"Juan Felipe Huan Lew Yee","2026-09-15 16:05:25",0.94398,15,felipelewyee
1635,16845683,"ska B222","2026-09-27 08:40:10",0.94398,6,skab222
1636,16938394,CemGB,"2026-09-22 10:53:40",0.94397,1,adsefef
1637,16839520,"Srishanth Sriramula","2026-09-05 12:41:21",0.94397,1,srishanthsriramula
1638,16947472,KelvinXwk,"2026-09-24 09:49:27",0.94395,7,kelvinxwk
1639,16862236,_v_sneha2002,"2026-09-09 18:54:48",0.94394,4,vsneha2002
1640,16906480,"Sahil kumar","2026-09-17 18:57:39",0.94394,7,sahilkumar03212
1641,16809850,"Minghao Xia","2026-09-05 05:54:20",0.94393,3,minghaoxia
1642,16845714,Joey,"2026-09-09 15:24:09",0.94392,16,joeyb114020045
1643,16845174,"Dren Hakaj","2026-09-15 01:41:34",0.94392,16,drenhakaj
1644,16946597,"ali samadian","2026-09-24 20:01:07",0.94391,3,alisamadian
1645,16837657,"Ashton Peng","2026-09-18 03:51:26",0.94391,33,ashtonpeng
1646,16813612,"RISHU RAJ","2026-09-03 20:38:04",0.94391,4,rishi412
1647,16992050,Sakshamm2587,"2026-09-30 18:12:16",0.94390,4,sakshamm2587
1648,16927956,"Feng Chen","2026-09-29 06:58:58",0.94389,4,cashflows
1649,16845371,Kazuhiro_Yogo,"2026-09-24 22:51:14",0.94389,4,kazuhiroyogo
1650,16966325,Timur,"2026-09-30 20:03:47",0.94388,18,timur82
1651,16910285,Gradient9,"2026-09-29 03:14:42",0.94387,9,gradient9
1652,16925895,MinNguyenn,"2026-09-24 13:53:01",0.94386,7,nguyncmin
1653,16798565,"Gaurav Dutta","2026-09-28 04:11:07",0.94386,38,gauravduttaiiitb
1654,16931843,Yoshio,"2026-09-21 18:10:58",0.94386,1,yoshinobuhamasaki
1655,16960202,"Mrutyunjay Joshi","2026-09-25 17:09:50",0.94386,3,mrutyunjayjoshi
1656,16954873,"Fahmid Arman","2026-09-24 17:21:05",0.94385,3,fahmidarmankaggle
1657,16808689,"Stephen Tarter","2026-09-24 19:36:53",0.94380,28,stephentarter
1658,16929876,"Yashika panchal","2026-09-28 17:25:04",0.94379,4,yashikapanchal71
1659,16967916,"Saib hossain","2026-09-26 19:25:04",0.94379,8,saibhossain
1660,16909365,MuBereket,"2026-09-17 20:57:35",0.94378,1,mubereket
1661,16911891,"Nitin Kumar 2024","2026-09-24 09:53:37",0.94377,3,nitinkumar2024
1662,16798635,"Cengiz Gurel","2026-09-09 22:45:37",0.94376,2,cengizgurel
1663,16856903,"Roko Torbarina","2026-09-08 23:46:05",0.94376,2,rokotorbarina
1664,16817999,"Satyam Tiwari","2026-09-24 09:11:24",0.94376,8,satyamkes
1665,16965432,"Sayali Bandvalkar","2026-09-26 05:35:01",0.94376,2,sayalibandvalkar
1666,16947108,"Ariz Tahoor","2026-09-27 12:59:45",0.94375,21,ariztahoor
1667,16914983,ADNOH,"2026-09-27 12:20:24",0.94375,4,adnoh2003
1668,16982756,"Prathamesh More","2026-09-30 11:47:54",0.94374,1,prathameshmore07
1669,16935971,aktk,"2026-09-21 15:16:14",0.94373,4,aniltk
1670,16955354,Shash,"2026-09-24 18:42:57",0.94372,1,shashcoder
1671,16885747,Nimabcd,"2026-09-21 15:08:22",0.94372,2,nimabcd
1672,16868051,"Jain Hemang","2026-09-20 09:55:04",0.94371,4,jainhemang
1673,16806667,Angelina986,"2026-09-29 09:34:25",0.94370,63,angelina986
1674,16840184,02,"2026-09-27 16:57:26",0.94370,4,avik090
1675,16937488,Nuke_Master,"2026-09-23 16:13:29",0.94370,2,inukemaster
1676,16865716,"dimitrios tsiakoulias","2026-09-25 15:37:56",0.94369,2,dimitriostsiakoulias
1677,16919598,"Omar Faruq","2026-09-18 10:39:07",0.94368,1,stellaromar
1678,16857729,rejk,"2026-09-09 05:17:25",0.94368,9,rejk11
1679,16860820,Sadit,"2026-09-13 17:41:53",0.94368,11,sadit12
1680,16827183,asterask,"2026-09-28 13:44:54",0.94367,7,cherrycokecero
1681,16922934,"Arthur lins","2026-09-19 16:00:32",0.94367,3,arthurlins07
1682,16883680,LeadingTheAbyss,"2026-09-14 11:50:11",0.94367,4,masochistic
1683,16807619,arno,"2026-09-21 09:47:06",0.94366,1,arnogils
1684,16981183,"Thiago Silva","2026-09-29 13:46:43",0.94365,7,thiagoddsilva
1685,16840715,"SaiPrasanth S Naidu","2026-09-29 07:43:43",0.94365,16,saiprasanthsnaidu
1686,16831054,LYH2401,"2026-09-16 08:11:43",0.94364,4,lyh2401
1687,16897839,dsfghjghgdfsfdgfgh,"2026-09-15 17:09:05",0.94363,2,dsghjhjkhgfddfgh
1688,16905647,"SJ Gamsyy","2026-09-29 03:22:41",0.94363,5,sjgamsyy
1689,16867920,KodHod,"2026-09-14 15:23:25",0.94363,7,"bbqplaza,taimahasuwan,wathit"
1690,16853233,"Yashpalsinh Thakor","2026-09-29 11:22:04",0.94361,2,yashpalthakor
1691,16935663,"Айгуль Ибрагимова","2026-09-30 19:27:50",0.94359,4,glumiia
1692,16844490,"Ibrahim Amoo","2026-09-09 10:11:28",0.94359,3,ibrahimamoo
1693,16858945,"thuan nguyen159","2026-09-09 10:51:38",0.94358,4,thuannguyen159
1694,16831018,"Mir Abir Hossain","2026-09-04 20:05:15",0.94357,4,mirabirhossain
1695,16934187,"M Asghar Shakir","2026-09-21 09:10:02",0.94356,4,masgharshakir
1696,16894448,"Kim Huỳnh","2026-09-16 02:55:13",0.94354,5,kimhunh
1697,16868781,"Srujan Nyamagoud","2026-09-11 03:04:09",0.94353,1,srujannyamagoud
1698,16865758,"Marco Rava92","2026-09-13 23:43:45",0.94353,9,marcorava92
1699,16807740,"Latent Drive","2026-09-15 00:44:35",0.94352,5,carlmakt
1700,16906510,Bharqav,"2026-09-28 15:49:38",0.94351,1,bhargavpodapati
1701,16807907,"Ababil Khoerul Imam","2026-09-30 11:36:40",0.94351,8,ababilkhoerulimam
1702,16935582,JJLee1026,"2026-09-30 09:05:47",0.94351,3,jjlee1026
1703,16939057,"Hoàng Phúc","2026-09-23 16:26:39",0.94350,1,cp12021
1704,16818074,VnHGTBoy,"2026-09-03 12:53:31",0.94350,7,vnhgtboy
1705,16808168,Corruptors,"2026-09-02 11:22:21",0.94347,2,corruptors
1706,16980594,"Rabindra Gouda","2026-09-30 18:00:17",0.94347,1,rabindragouda
1707,16892878,fahimMK,"2026-09-29 17:41:50",0.94342,9,fahimmk
1708,16906403,mawsohn,"2026-09-21 11:28:27",0.94342,8,mawsohn
1709,16883443,"ِAli Barakat","2026-09-26 14:24:12",0.94342,1,alibarakat7215454
1710,16925223,"Abhinav Khatana","2026-09-19 13:01:40",0.94341,1,abhinavkhatana17
1711,16952354,"Shubham Shashwat","2026-09-24 10:17:39",0.94341,1,yourshashwat
1712,16951483,"P. Sewmuthu Abewickrama Singhe","2026-09-30 12:53:02",0.94340,4,psewmuthu
1713,16970156,alpha_particle,"2026-09-30 16:39:32",0.94340,7,aadi065
1714,16808970,"Татьяна Кафьян","2026-09-25 16:56:10",0.94340,8,kafyantatyana
1715,16798789,Shailesh,"2026-09-12 14:33:54",0.94338,3,shailesh5430
1716,16926612,"GEORGE DOUKAS","2026-09-20 12:33:47",0.94338,5,georgedoukas
1717,16894562,"Debasish Behera wabtec","2026-09-17 08:15:03",0.94337,1,debasishbeherawabtec
1718,16949428,"Nilesh Prakash Raut","2026-09-30 05:55:41",0.94337,2,nileshprakashraut
1719,16898473,"RABİA GURDAL","2026-09-27 06:34:27",0.94335,2,rabagurdal
1720,16987462,"Atharva Desai","2026-09-30 03:29:37",0.94335,1,atharvez
1721,16968536,Ilman,"2026-09-26 20:32:07",0.94334,5,muhammadilman896
1722,16799875,"Siddhu Jaykay","2026-09-02 12:14:21",0.94334,5,siddhujaykay
1723,16961311,Asad,"2026-09-26 18:28:05",0.94334,3,aash787
1724,16798825,"Jason Lam","2026-09-11 06:03:55",0.94332,43,jlam83
1725,16798809,yanyyyzt,"2026-09-08 14:04:44",0.94330,11,yanyyyzt
1726,16803933,001eander,"2026-09-03 00:27:11",0.94329,2,o01eander
1727,16852777,"Göktürk Çolak","2026-09-12 08:06:27",0.94329,15,gokturkcolak
1728,16911303,"Vashu Saini55","2026-09-21 14:37:12",0.94328,4,vashusaini55
1729,16881532,"Fernando Liazar Luemba Salvador","2026-09-28 06:01:25",0.94327,2,fernandollsalvador
1730,16860056,"pranay gaurav","2026-09-09 19:53:14",0.94325,1,pranaygaurav
1731,16877653,"Veronika Nuretdinova","2026-09-13 06:16:27",0.94325,1,nikotino
1732,16941775,"Hao LI98","2026-09-28 14:29:07",0.94324,14,haoli98
1733,16968100,"Tom K","2026-09-30 15:33:05",0.94323,12,manman23444
1734,16804647,"NAMAN TRISOLIYA","2026-09-03 13:52:52",0.94320,10,namantrisoliya
1735,16805784,"Andrew Tang","2026-09-04 07:04:39",0.94320,9,andrewtangg
1736,16847849,"ROHAN Exploit","2026-09-07 14:22:15",0.94320,2,rohanexploit
1737,16840155,"Qudsiya Siddique","2026-09-22 15:46:28",0.94318,7,"pt21kaggle,qudsiyasiddique"
1738,16966690,"KARANDE GANESH DNYANDEV","2026-09-29 14:05:16",0.94314,7,"gandharvpowar,karandeganesh,katkarparthpradip"
1739,16840369,Jeremy,"2026-09-05 16:34:41",0.94313,2,jeremybetz
1740,16909541,"Uday Prattap","2026-09-22 06:08:53",0.94312,10,udayprattap
1741,16803964,"Avinash Changrani","2026-09-16 03:55:09",0.94312,2,nabobery
1742,16832225,"salih turgut","2026-09-21 19:35:32",0.94310,4,salihturgut
1743,16888097,Grigorii,"2026-09-14 02:00:26",0.94309,1,grigorii1410
1744,16822666,Om,"2026-09-23 10:19:45",0.94308,5,opmeenaji
1745,16876709,SoungbinCho,"2026-09-25 21:43:04",0.94307,1,soungbincho
1746,16971927,Godzillax,"2026-09-27 12:55:27",0.94306,3,godzillax
1747,16809093,yanis_lou,"2026-09-02 12:24:28",0.94304,10,yanislou
1748,16969856,Toto1107,"2026-09-27 15:22:29",0.94303,3,toto1107
1749,16810411,"aggressive_elimination = True","2026-09-30 23:51:37",0.94302,7,"mcprorolexs,paperxd"
1750,16882524,"Sonal Welihinda","2026-09-27 05:31:30",0.94300,13,sonalwelihinda
1751,16879141,"Neha Maurya","2026-09-17 15:32:03",0.94300,6,nehamaurya1
1752,16844568,ayse,"2026-09-17 03:33:22",0.94300,21,aysenursolmaz
1753,16912904,Onigiri,"2026-09-30 15:05:44",0.94299,7,yasuhiroichida
1754,16805225,Tigerpiotta,"2026-09-28 20:57:00",0.94299,16,tigerpiotta
1755,16808083,"Jerónimo Paiva","2026-09-02 20:48:21",0.94297,1,jernimopaiva
1756,16801664,ZAOUI_Yassine,"2026-09-30 07:12:18",0.94297,55,zaouiyassine
1757,16799128,DuDuDu0,"2026-09-12 07:36:43",0.94295,8,dududu0
1758,16917247,"Jr Champ","2026-09-17 22:36:53",0.94291,7,jrchamp
1759,16840941,Daeren,"2026-09-06 12:50:55",0.94291,1,daeren
1760,16946715,monstercows,"2026-09-25 07:41:18",0.94290,12,"lemondish,rahulr0623"
1761,16798876,daihui16,"2026-09-30 08:39:29",0.94290,14,cmt1127
1762,16925377,"NEHA SHARMA","2026-09-19 16:27:07",0.94290,4,nehash0123gmailcom
1763,16961047,tristannew,"2026-09-25 14:17:20",0.94289,1,tristannew
1764,16801850,松田,"2026-09-15 13:17:39",0.94286,9,nekonekonekone
1765,16867614,"Davi Méaille","2026-09-11 09:11:32",0.94286,4,davimaille
1766,16802042,"Praveen Kumar Mohan","2026-09-15 12:16:32",0.94286,3,praveenkumar1818
1767,16967546,"Pratick Kumar Choudhury","2026-09-27 21:04:29",0.94285,1,pratickkayden
1768,16856824,Taha,"2026-09-30 22:03:03",0.94283,36,tahaaf
1769,16978350,SANJANA,"2026-09-29 04:41:21",0.94282,1,mesanjana
1770,16799878,"Hữu Bình Nguyên Nguyễn","2026-09-08 03:36:48",0.94282,20,hubnhnguynnguyn
1771,16842740,"Mykyta Terentiev","2026-09-09 16:05:19",0.94282,2,mykytaterentiev
1772,16938956,"Toki Tahmid Toufa","2026-09-30 01:21:12",0.94281,7,tokitahmidtoufa
1773,16931620,Muneerali199,"2026-09-21 19:53:12",0.94281,4,muneerali199
1774,16800246,"ARIFUDDIN R","2026-09-08 02:57:05",0.94281,7,arifuddinr
1775,16905707,"Harshavardhan Srinivas Pentakota","2026-09-22 10:29:29",0.94281,3,"coldice0,gaganeswarb,yeswanthsaiyadla"
1776,16916615,JCLOSA,"2026-09-20 20:10:14",0.94280,11,wulzy2k
1777,16897831,"Amit Behura","2026-09-16 04:06:28",0.94280,3,amitbehura2
1778,16885490,Dingjunpeng,"2026-09-15 08:11:45",0.94278,11,avid147
1779,16911878,"Maddala Hema Narasimha Harsha Pavan","2026-09-24 12:37:43",0.94271,2,harshapavan2005
1780,16885206,MiddleSon,"2026-09-30 12:02:39",0.94271,56,middleson
1781,16808093,"Raiyana Rufaida","2026-09-28 18:11:09",0.94269,4,shes1r
1782,16839883,Darth_vader_090605,"2026-09-15 16:40:01",0.94268,5,priyanshujha090605
1783,16891903,"Victor Loaiza","2026-09-21 20:54:13",0.94267,6,victorloaizam
1784,16866496,Fidel,"2026-09-23 17:37:17",0.94267,6,fidellusianaputri
1785,16798887,Danjas,"2026-09-30 10:16:25",0.94264,20,danjas
1786,16828280,"Shardul Pingale","2026-09-06 00:26:06",0.94263,2,shardulpingale
1787,16924895,noisyislands,"2026-09-20 20:16:18",0.94263,5,noisyislands
1788,16798953,Obzngs,"2026-09-30 13:11:09",0.94262,53,obzngs
1789,16881234,"kommu anil","2026-09-20 10:53:58",0.94260,2,kommuanil
1790,16887277,SongJH21,"2026-09-20 14:27:22",0.94258,8,songjh21
1791,16817337,"Dharmik patel Patel","2026-09-26 10:44:52",0.94254,12,dharmikpatelpatel
1792,16838435,"C.E.73 STARGAZER","2026-09-17 13:14:20",0.94253,7,hasawei
1793,16811091,"Eymen Akb","2026-09-08 22:34:18",0.94253,24,eymenakb
1794,16798874,"Syafrian Abra Hutabarat","2026-09-22 07:00:40",0.94252,17,syafrianabra
1795,16985774,"Prem mokal","2026-09-30 04:46:21",0.94252,10,premvikrammokal
1796,16876318,"Avaya Thapa","2026-09-30 21:27:24",0.94250,11,"avayathapa,lewisball480"
1797,16848978,"Berşan Şatır","2026-09-09 12:47:13",0.94247,4,bersanstr
1798,16802704,"Jun Nohara","2026-09-21 11:56:56",0.94247,2,junnohara
1799,16855223,datafluxlab,"2026-09-21 17:43:51",0.94246,9,datafluxlab
1800,16805628,Fabbasso,"2026-09-26 19:45:37",0.94246,59,fabrizio78
1801,16840560,"Renārs Paiders","2026-09-11 22:06:12",0.94245,9,renrspaiders
1802,16811914,"Michael Daniel EKKA","2026-09-03 07:35:06",0.94244,4,michaeldanielioai
1803,16939669,"Sze yeoh","2026-09-30 05:36:31",0.94244,3,szeyeoh
1804,16798622,Wildata,"2026-09-20 15:14:43",0.94241,23,wildata
1805,16896225,"Shah Muhmmad Fazle Rabbi","2026-09-16 07:08:19",0.94241,1,engineerfrabbi
1806,16871385,平木優花,"2026-09-16 08:14:41",0.94241,37,hiraki132131
1807,16885522,"Карп Мафиози","2026-09-13 13:08:13",0.94240,1,maruuv
1808,16859985,"Konrad Łykowski","2026-09-14 14:34:06",0.94239,14,konradykowski
1809,16907161,"Ambre Le Breton Rippe","2026-09-23 15:42:23",0.94239,2,ambrelebretonrippe
1810,16944663,"Arya Vaidya","2026-09-23 03:59:46",0.94238,1,aryavaidya
1811,16810834,ArnoldRosielle,"2026-09-05 20:40:26",0.94238,3,arosielle
1812,16930328,"Md Shafiul Islam 0191","2026-09-22 16:32:56",0.94238,14,mdshafiulislam0191
1813,16818752,JetJetGo,"2026-09-04 13:51:25",0.94233,3,psykrishna
1814,16808752,Tom8710,"2026-09-29 03:34:37",0.94233,42,tomactlog
1815,16827542,NoMala_Malatang,"2026-09-29 04:27:52",0.94233,3,"abhishekmee,adastroabyssosque"
1816,16853306,"Shoko SH","2026-09-28 05:07:41",0.94232,18,shokos64
1817,16838662,"Mahindra Ram pathuri","2026-09-22 16:30:11",0.94232,10,mahindrarampathuri
1818,16798973,FanRuijie,"2026-09-07 06:58:27",0.94231,24,ruijiefancn04
1819,16803280,"Pixel Pirates","2026-09-24 13:53:41",0.94230,26,"ayushkumawat108,kamalkata,piyush419"
1820,16891485,"jiale li1989","2026-09-21 04:30:41",0.94229,9,jialeli1989
1821,16897339,"osama ebaid","2026-09-30 03:21:30",0.94227,45,osamaebaid
1822,16840628,luicaru,"2026-09-08 15:19:47",0.94226,2,luicaru
1823,16832904,Rushikesh,"2026-09-04 22:55:28",0.94226,1,rushii23
1824,16817857,"Brishav Mondal","2026-09-10 09:18:49",0.94226,6,brishavmondal
1825,16803015,"Marcos Silveira","2026-09-07 15:23:14",0.94225,25,msilve
1826,16849966,"Kawsar Ahmmed","2026-09-13 11:52:23",0.94224,4,kawsarahmmednabil
1827,16911925,ydh318,"2026-09-20 07:15:18",0.94222,10,ydh318
1828,16849059,"Manuel Santiago Atencio","2026-09-25 00:38:50",0.94222,20,manuelsatencio
1829,16914112,ohirokio16,"2026-09-30 14:49:28",0.94222,8,ohirokio16
1830,16915912,"Famojuro Mathew","2026-09-18 12:13:21",0.94221,2,famojuromathew
1831,16831254,"João Felix","2026-09-29 17:10:19",0.94221,10,joaosilvafelix
1832,16823527,"Michał Pasiowiec","2026-09-08 20:12:19",0.94219,4,michapasiowiec
1833,16966936,ChandramouliNagasundaram,"2026-09-27 15:25:31",0.94219,3,mouliindian
1834,16923669,Idaji0707,"2026-09-21 11:37:20",0.94219,17,idaji0707
1835,16832051,"Ray Smith","2026-09-20 17:27:45",0.94219,7,rsmith851
1836,16848326,Elowry,"2026-09-10 20:22:12",0.94219,3,elowry
1837,16893294,"Василий Толоконников","2026-09-29 13:46:07",0.94218,7,vasyatyan
1838,16798983,malibu_orange,"2026-09-01 06:22:33",0.94218,3,malibuorange
1839,16913346,Vin'S,"2026-09-17 14:11:13",0.94218,3,vins416
1840,16876870,"Badrul Alam Leon","2026-09-12 20:20:30",0.94218,2,badrulalamleon
1841,16926715,"Jotpartap Singh","2026-09-29 19:05:33",0.94217,3,jotpartapsingh
1842,16897238,AskaMitakaska,"2026-09-30 07:33:48",0.94217,3,askamitakaska
1843,16860226,"xie daoyun","2026-09-15 13:04:17",0.94216,2,xiedaoyun
1844,16809585,mgoto51004,"2026-09-10 13:38:10",0.94216,16,mgoto51004
1845,16865421,"Greg Lipman","2026-09-20 20:16:48",0.94216,8,greglipman
1846,16814800,"Darío López Ramos","2026-09-07 07:26:55",0.94215,6,dariolr
1847,16952101,"Kamlesh Kumar","2026-09-25 14:28:51",0.94215,12,devilkumar042
1848,16896755,"Sujan Das","2026-09-18 13:45:17",0.94215,2,sujandas2023
1849,16799233,hirondelle_ken,"2026-09-01 06:10:54",0.94215,3,hirondelleken
1850,16846807,"Bijay Syangtan","2026-09-09 11:11:01",0.94215,4,bijaybijay
1851,16928162,"Allan Tan","2026-09-27 08:04:51",0.94214,5,allantan
1852,16832958,mohamedahmed,"2026-09-07 16:32:28",0.94214,5,markeb
1853,16857480,dtHL123,"2026-09-11 10:27:52",0.94214,4,dthl123
1854,16875625,"astro not learning","2026-09-13 07:49:17",0.94213,12,zzzzzzzzyh
1855,16798956,Taka-344,"2026-09-14 06:04:53",0.94212,3,taka344
1856,16826989,Evander,"2026-09-08 15:39:55",0.94212,9,jiaoweishen
1857,16799660,seung12,"2026-09-05 15:10:54",0.94212,15,seung123
1858,16802552,Systum_Phar_Denge,"2026-09-07 20:09:52",0.94212,10,jamiussiddiqui
1859,16853124,hhnn,"2026-09-10 14:32:22",0.94211,2,hhnn77
1860,16846910,Afsal448,"2026-09-25 10:54:02",0.94210,3,afsal448
1861,16865483,鍵山勇太,"2026-09-10 13:36:34",0.94210,4,kagiyama0730
1862,16832297,user_8128,"2026-09-28 15:27:25",0.94209,3,user8128
1863,16850907,FalkTobias,"2026-09-08 00:59:56",0.94209,2,falktobias
1864,16805092,"Parth Sarnobat","2026-09-28 18:20:50",0.94209,15,parthsarnobat
1865,16885091,"siddharth chandra","2026-09-13 17:00:18",0.94209,9,siddharthchandra2007
1866,16893592,Kodai,"2026-09-30 02:01:06",0.94208,13,oootitiu
1867,16894200,"Tú Hoàng","2026-09-15 09:55:55",0.94207,9,grizmo
1868,16862898,WBF_USA_NYC,"2026-09-10 00:48:04",0.94207,2,wbfranci
1869,16869432,"Kélian Pons","2026-09-15 20:20:47",0.94207,14,"gwenn05,klianpons"
1870,16866957,"Ke Zihao k","2026-09-13 08:12:29",0.94207,4,boyilunk
1871,16850727,"Max Tenenbaum","2026-09-12 01:50:55",0.94207,2,maxtenenbaum
1872,16803027,"Andrea Moschetti","2026-09-03 19:50:37",0.94207,9,andreamoschetti
1873,16985814,"Swapnil Naik","2026-09-29 18:53:39",0.94207,3,swapnilnaik29
1874,16887988,"Ashwin Prakash","2026-09-16 05:00:18",0.94206,5,ashwinprakashml
1875,16963338,"Juan Pablo Verdier","2026-09-28 13:48:49",0.94206,2,juanpabloverdier
1876,16805764,"Ali Shahi","2026-09-29 02:07:40",0.94206,3,k1shahi
1877,16907756,VSB,"2026-09-17 03:54:33",0.94206,2,bcnadh
1878,16823031,"Ziad Mohamed","2026-09-05 00:48:03",0.94206,7,ziadmoelsayed
1879,16824679,"Akansh Verma","2026-09-05 03:55:46",0.94206,1,illuzionzz
1880,16917275,"Ali Sajwani","2026-09-18 18:13:24",0.94206,14,alisajwani
1881,16961144,"Qiankang Wang","2026-09-28 16:13:20",0.94205,3,qiankangwang520
1882,16891586,"Mathe Matics2","2026-09-27 06:07:14",0.94205,9,mathematics2
1883,16805133,"Aryan Yadav","2026-09-01 23:40:23",0.94205,1,simplexcomplex
1884,16800643,Shivam,"2026-09-19 17:21:25",0.94205,23,shivamgravity
1885,16808267,"Simone Mazzoli","2026-09-05 13:17:19",0.94205,16,simonemazzoli
1886,16799715,"poignant padaeng","2026-09-02 12:24:56",0.94204,1,poignantpadaeng
1887,16846119,"Waqar Ahmed","2026-09-07 08:16:37",0.94204,2,waqarahmed55
1888,16927274,"taqi shuja","2026-09-21 01:25:02",0.94204,4,taqishuja
1889,16801532,"Uğur Atlı","2026-09-01 11:15:59",0.94204,1,uuratl
1890,16803201,Yuzu,"2026-09-01 22:40:41",0.94204,2,yuzuoctopus
1891,16963425,"Laith Altawil","2026-09-26 09:23:22",0.94203,2,laithaltawil
1892,16854209,"LI ZHIGANG","2026-09-09 05:02:47",0.94203,2,leezhigang
1893,16808910,"Muhammad Shoaib Altaf","2026-09-03 22:35:49",0.94203,1,muhammadshoaibaltaf
1894,16801031,"yann sadowski","2026-09-01 15:47:52",0.94203,3,yannsadowski
1895,16808792,"Kerem Meriç","2026-09-06 17:15:21",0.94203,4,keremmeric
1896,16843857,Meshwa,"2026-09-07 21:02:40",0.94203,2,meshwapatel4287
1897,16803062,"Sarvesh Chhetri","2026-09-27 17:35:48",0.94203,20,sarveshchhetri
1898,16848100,"Gonçalo Cravinho","2026-09-09 15:06:54",0.94203,1,gonalocravinho
1899,16802048,last2k4,"2026-09-01 20:40:48",0.94203,1,last2k4
1900,16945749,"Rajat Kumar Sunda","2026-09-27 15:42:30",0.94202,9,rajatkumarsunda
1901,16867168,"Artyom Oganesyan","2026-09-12 15:35:27",0.94202,5,artyomoganesyan
1902,16860228,"Ufuk Can Ilgin","2026-09-09 12:43:26",0.94202,1,ufukcanilgin
1903,16802106,"Farid Pangestu Aji","2026-09-02 20:50:10",0.94202,8,faridpangestuaji
1904,16805166,"Masoom Singh","2026-09-25 19:36:22",0.94201,13,masoomsingh0112
1905,16979177,Roman@Ahmed,"2026-09-28 15:45:28",0.94201,3,romanahmed2024
1906,16859064,"SDIT030A-Shubham Oza","2026-09-11 11:02:10",0.94201,2,sdit030ashubhamoza
1907,16876230,_tripathi_ji_1,"2026-09-11 15:36:57",0.94201,2,tripathiji1
1908,16887005,LINKIT,"2026-09-13 15:41:46",0.94201,2,lin1027
1909,16993100,"Maxime Geoffroy","2026-09-30 23:21:28",0.94201,4,maximegeoffroy
1910,16804981,"Emirhan Kadan","2026-09-22 20:01:20",0.94200,10,emirhankadan
1911,16813778,"Gorakh Nath Singh","2026-09-03 20:26:53",0.94200,1,gorakhnathsingh
1912,16845268,"Yves Emmanuel","2026-09-07 20:03:38",0.94200,6,emmanuelyves
1913,16876294,hongquann,"2026-09-16 07:05:36",0.94200,7,hongquann
1914,16848597,"Minh Quân Đào","2026-09-07 16:28:03",0.94200,4,minhquno
1915,16805395,"Alfredo Chavelas","2026-09-09 19:13:30",0.94200,7,alfredochavelas
1916,16941925,"Vlad Kapitsa","2026-09-23 14:26:21",0.94199,2,vladkapitsa
1917,16845896,Tiv,"2026-09-08 13:11:55",0.94199,3,tivdiss
1918,16841179,"rahul yadav","2026-09-05 21:47:13",0.94199,2,rahullalu
1919,16965301,engine_bn,"2026-09-27 12:35:10",0.94199,8,enginebn
1920,16850145,Ayush,"2026-09-29 07:19:26",0.94199,4,ayush190511
1921,16838817,"Roy Smith","2026-09-07 08:32:15",0.94199,3,roysmithkkkkkkkkk
1922,16977825,LimJiwoo,"2026-09-29 06:10:47",0.94199,3,dlawldn03
1923,16851222,"Henrique Ceccatto","2026-09-14 18:32:06",0.94199,4,henriquececcatto
1924,16843048,"Deep Patil","2026-09-06 09:58:03",0.94199,2,deeppatil1
1925,16868544,"Tisha Jadhav ","2026-09-11 12:59:17",0.94199,1,tishajadhav
1926,16898997,"Ashkan Rafiee","2026-09-28 17:35:48",0.94198,35,ashkanrafiee2005
1927,16802932,"Nicole Patterson","2026-09-10 00:24:33",0.94198,3,nicolepatterson8910
1928,16944970,Van,"2026-09-26 15:38:20",0.94198,3,jiwuliu
1929,16861950,"Abhishek Gupta","2026-09-11 08:30:43",0.94198,2,abhishekgupta56447
1930,16875436,"Mubashir Ul Hassan","2026-09-13 16:45:38",0.94198,1,mubashirulhassan00
1931,16846966,"Salam Ouedraogo","2026-09-29 22:05:56",0.94198,3,salamouedraogo
1932,16802808,"Rohit Prakash Singh","2026-09-05 04:14:11",0.94198,3,rpsingh21
1933,16893989,"Klenn Dungaran","2026-09-24 08:53:24",0.94198,5,klekzee
1934,16872289,"Tarun R","2026-09-25 05:43:14",0.94197,4,tarunrclg
1935,16937320,"Pongpol Pt","2026-09-24 11:12:45",0.94197,5,pongpolpt
1936,16974191,AkshatTripathi1234,"2026-09-30 10:19:20",0.94197,3,akshattripathi1234
1937,16811231,Hussain99,"2026-09-04 09:36:22",0.94197,15,hussain99
1938,16881522,"Muhammad Toufiq","2026-09-16 14:39:15",0.94197,10,muhammadtoufiq
1939,16890457,"Tony He","2026-09-18 12:44:41",0.94197,7,tonyyang0504
1940,16887263,"Md Anisujjaman","2026-09-15 12:25:30",0.94197,13,shohan06
1941,16799733,"Anant jain","2026-09-02 06:31:50",0.94197,4,anantjain159
1942,16951764,"Darth Glennium","2026-09-25 14:01:34",0.94196,6,glennmkipanga
1943,16805290,Govind,"2026-09-05 13:11:01",0.94196,8,shekeloatmeal
1944,16799188,"Tuấn Anh","2026-09-07 15:35:13",0.94196,7,tuananhdata
1945,16820518,"Dávid Straka","2026-09-10 12:07:43",0.94196,2,dvidstraka
1946,16898210,"Mashrafi Rahman","2026-09-30 22:00:37",0.94196,3,mafimashrafi
1947,16920404,"giyogoio hlrlqll","2026-09-18 12:55:12",0.94196,3,giyogoiohlrlqll
1948,16823641,"Sayan Mukherjee","2026-09-30 07:57:54",0.94196,2,jicomukherjee
1949,16843364,"Ruby Hall","2026-09-29 12:02:10",0.94195,3,rubyhall
1950,16915408,"Ordekha Mykola","2026-09-23 17:40:26",0.94195,1,ordekhamykola
1951,16939333,CAU53744-T01,"2026-09-30 22:50:20",0.94195,11,yaminemory
1952,16828407,"SAMARTH ZAVERI","2026-09-21 13:56:57",0.94195,4,samarthzaveri
1953,16856301,"Ege Karaismailoğlu","2026-09-12 11:19:54",0.94195,25,ekarais
1954,16872812,"Shubham Sengupta","2026-09-13 07:03:20",0.94194,5,senguptashubham
1955,16858086,"Hiroyuki Fujimaki","2026-09-09 14:33:20",0.94194,2,hiroyukifujimaki
1956,16977545,"James Surya Putra","2026-09-29 07:35:48",0.94194,1,jamessuryaputra
1957,16951695,"Dmitry Dzhevovskiy","2026-09-29 20:37:46",0.94194,1,dmitrydzhevovskiy
1958,16854450,"Neel Pavale","2026-09-13 20:35:05",0.94194,5,neelpavale
1959,16942184,BlueWhale,"2026-09-22 19:32:27",0.94194,2,lcnguynkh
1960,16912843,๖ۣۜƊark๖ۣۜ山arrior,"2026-09-17 13:05:37",0.94194,4,arkarrior
1961,16838773,dak7sh,"2026-09-05 10:16:12",0.94193,2,dak7sh
1962,16800942,"Ziad Roshdy","2026-09-13 10:53:53",0.94193,10,ziadzika
1963,16831283,"Bob Kunanda","2026-09-04 18:08:55",0.94193,10,bobkunanda
1964,16871245,Edward2026,"2026-09-29 07:57:25",0.94193,3,edward2026
1965,16892647,"Nat Merz","2026-09-21 16:39:17",0.94193,6,beisha23
1966,16905436,"Yee Chern","2026-09-17 14:27:14",0.94193,1,yeechern
1967,16828565,"Kalpesh Koli","2026-09-06 05:32:06",0.94193,7,knightkai
1968,16848554,Vishal7870,"2026-09-08 14:33:39",0.94193,1,vishal7870
1969,16853048,"Logeshwari Somasundaram","2026-09-28 05:54:09",0.94193,5,logeshwari12345
1970,16891812,"يوسف الساده","2026-09-14 21:31:49",0.94193,7,josephalsadh
1971,16800055,AKASH_21_033_A,"2026-09-01 14:58:11",0.94193,5,akash21033a
1972,16846664,PRATHAM,"2026-09-16 20:49:54",0.94192,2,prathameshkolhe6099
1973,16861724,"George Ananda","2026-09-30 14:25:36",0.94192,3,georgeanandaaa
1974,16826172,"PoseidonYash ","2026-09-20 03:33:29",0.94192,11,poseidonyash
1975,16863007,Ilya,"2026-09-10 11:42:58",0.94192,5,imitusov
1976,16894819,DanWil,"2026-09-15 06:54:42",0.94192,1,danwilique200
1977,16852528,dlwoghk121,"2026-09-28 10:19:07",0.94192,1,dlwoghk121
1978,16886237,Ayush4728,"2026-09-23 14:36:21",0.94192,9,ayush4728
1979,16897422,Nao,"2026-09-30 14:55:09",0.94192,17,noelnyx
1980,16918279,"Vallam Dinakar","2026-09-28 12:51:59",0.94192,2,vallamdinakar
1981,16891395,"Ege Gülünay","2026-09-28 10:40:31",0.94192,1,egeglnay
1982,16852578,bardiagood,"2026-09-11 03:10:18",0.94191,3,bardiagood
1983,16822983,"Jobin thavu varghese","2026-09-21 15:48:56",0.94191,2,jobinv12
1984,16798634,"Yuji Fukumoto","2026-09-14 05:17:45",0.94191,1,yujitest
1985,16982942,athenet,"2026-09-29 07:42:41",0.94191,8,athenet
1986,16810323,"Riya Raj","2026-09-20 12:46:18",0.94191,7,riyaraj9
1987,16855628,"esraa akram","2026-09-13 12:53:57",0.94191,1,esraaakram2005
1988,16847512,"Umut Doruk Öztürk","2026-09-07 15:14:18",0.94190,4,umutdorukztrk
1989,16802383,"zuhal yıldırım","2026-09-02 13:34:39",0.94190,4,zuhalyldrm7
1990,16854889,"Rick Clauser","2026-09-08 15:13:25",0.94190,1,rickclauser
1991,16888063,"Aditya Dube","2026-09-13 21:48:02",0.94190,1,dubeaditya
1992,16811953,ChaYiTian,"2026-09-30 14:08:46",0.94190,5,chayitian
1993,16802249,Zack_AI_Qu,"2026-09-17 14:40:57",0.94190,6,zackaiqu
1994,16798823,privatebell,"2026-09-07 23:40:45",0.94190,2,privatebell
1995,16843546,"Ilmari Leiviska","2026-09-06 14:09:51",0.94190,4,ilmarileiviska
1996,16843779,"Arnav Tripathi","2026-09-06 20:04:38",0.94190,1,arnavtripathi17
1997,16841020,dev_devika_2929,"2026-09-08 21:58:56",0.94190,6,devdevika2929
1998,16845475,rkoirala129,"2026-09-18 12:40:43",0.94189,6,rkoirala129
1999,16811820,"Diego Alonso Meza Delgado","2026-09-30 03:04:20",0.94189,7,diegoamd
2000,16839957,stevvvpy,"2026-09-13 13:37:21",0.94189,2,stevenliwang
2001,16802937,"Mikhail Ushakov","2026-09-01 20:12:11",0.94189,7,syndicate2k
2002,16907684,"Rudra Vitukade","2026-09-21 18:47:00",0.94188,4,rudravitukade
2003,16800066,"SYED HANZALA ALI SHAH","2026-09-06 16:26:16",0.94188,20,syedhanzalaalishah
2004,16886962,"Abhinav Meshram","2026-09-21 17:16:27",0.94188,3,abhinavmeshram
2005,16855338,"Gonzalo Garcia43","2026-09-09 11:30:28",0.94188,9,gonzalogarcia43
2006,16832459,"Nyatuka Lobago","2026-09-28 20:36:02",0.94188,2,moanlobago
2007,16849820,"Shreya Singh","2026-09-30 13:02:23",0.94188,4,shreyasingh219
2008,16848496,greenflazh,"2026-09-12 23:31:23",0.94188,1,greenflazh
2009,16875432,"Kibrewossen Tesera","2026-09-11 15:31:01",0.94188,4,kibrewossentesera
2010,16940380,"Umesh Dahal","2026-09-30 17:04:52",0.94188,1,umeshdahal
2011,16798608,kimchowon11,"2026-09-30 15:03:39",0.94188,4,kimchowon11
2012,16826051,Ansh_Gupta2702,"2026-09-09 11:56:32",0.94188,17,anshgupta2702
2013,16891792,Akshit27,"2026-09-15 03:14:12",0.94188,2,akshit27
2014,16909537,zaighamkazmi,"2026-09-19 04:45:28",0.94188,2,zaighamkazmi
2015,16903883,"Vivek Patnaik","2026-09-19 13:23:06",0.94187,2,lrdcmndrjonsnow
2016,16961265,"سید رضا ابراهیمی","2026-09-29 19:07:15",0.94187,5,rezaebrahimii
2017,16930901,mseokq,"2026-09-29 14:07:59",0.94187,3,mseokq
2018,16859241,"Daniel Moraleda Sánchez","2026-09-19 13:14:46",0.94187,6,danielmoraleda
2019,16842693,dtsroy,"2026-09-06 10:27:51",0.94187,1,dtsroy
2020,16856016,"Ejiro Ugolor","2026-09-11 15:56:36",0.94187,2,ejirougolor
2021,16897133,deepgopal,"2026-09-24 17:50:09",0.94187,6,deepgopal
2022,16978266,"Sunix Liu","2026-09-29 07:57:03",0.94187,3,sunixliu
2023,16807162,"Ari Yehuda Betser","2026-09-02 08:10:50",0.94187,3,ariyehudabetser
2024,16830488,"Mohammad Barraj","2026-09-10 05:51:40",0.94187,3,mohammadbarraj
2025,16985113,ste-002,"2026-09-30 10:02:22",0.94186,4,ste002
2026,16891193,"Peem Sutthi","2026-09-15 13:42:48",0.94186,2,peemsutthi
2027,16798954,"Aritra Dasgupta","2026-09-01 05:45:03",0.94186,10,ardagmus
2028,16941904,KagAcc184,"2026-09-23 08:20:47",0.94186,9,fojdo34e
2029,16801009,SunSeeker染汐,"2026-09-02 11:25:59",0.94186,2,sunseekerrx
2030,16825095,Brayner,"2026-09-14 03:05:10",0.94186,1,brayner
2031,16953399,nasjoq,"2026-09-25 16:20:48",0.94186,1,nasjoq
2032,16850604,"Frank Bohm","2026-09-08 09:42:49",0.94186,2,frankbohm
2033,16807990,"Anuj Saha","2026-09-08 11:36:44",0.94186,9,anujsaha0123456789
2034,16808862,Morris_kaggle,"2026-09-07 08:11:48",0.94186,10,keisukekaggle
2035,16810933,"Corey Michaud","2026-09-10 16:01:40",0.94186,4,coreymichaud
2036,16974395,"Karolina Ignaczak","2026-09-30 10:50:55",0.94186,2,karolinaignaczak
2037,16843648,"Christopher Mungiria","2026-09-24 21:32:13",0.94186,20,christophermungiria
2038,16991385,"Tasin Islam","2026-09-30 15:01:13",0.94185,2,cosmicwanderer2
2039,16922000,"Panchajanya Banerjee (Pancham)","2026-09-21 13:36:29",0.94185,1,delayedkarma
2040,16808614,imjamj01,"2026-09-19 08:42:56",0.94185,21,takemayuj01
2041,16840156,"Nabil NOUALI","2026-09-05 17:51:11",0.94185,2,nabilnouali
2042,16898779,"Sameer Rawat","2026-09-24 01:13:46",0.94185,8,sameerrawat1904
2043,16805142,donkedo,"2026-09-26 15:32:55",0.94185,23,donkedo
2044,16806532,"Abhijit Pise","2026-09-02 08:28:38",0.94185,8,abhijitpise
2045,16882874,"Callum Stephen Connell","2026-09-14 18:48:45",0.94185,1,callumstephenconnell
2046,16892995,tivory27,"2026-09-18 14:09:59",0.94185,1,tivory27
2047,16906610,Jayaram,"2026-09-16 14:48:22",0.94185,3,jayaram
2048,16839950,"Furkan Sipahi","2026-09-06 19:22:59",0.94185,1,furkansipahi
2049,16811766,"Yunchi Wu","2026-09-04 09:39:48",0.94185,8,yunchiwu
2050,16850565,"Muna Mohamed Hassan","2026-09-30 21:45:34",0.94185,6,munamohamedhassan
2051,16882402,"Muhammad Atif","2026-09-15 20:31:01",0.94184,2,atifkhan12
2052,16802897,zyq277,"2026-09-02 05:20:13",0.94184,1,zyq277
2053,16844257,"Mohammad Elsayed","2026-09-26 21:01:05",0.94184,12,someotherbody
2054,16849900,ZhaoWang_Leon,"2026-09-09 10:45:51",0.94184,6,zhaowangleon
2055,16881599,JoeBBateman,"2026-09-12 18:35:03",0.94184,6,joebbateman
2056,16926189,igloramus,"2026-09-24 19:19:07",0.94184,6,igloramus
2057,16888228,jacques-oliveira-eng,"2026-09-17 19:39:00",0.94184,11,jacquesoliveiraeng
2058,16898830,"Arunangshu Pal123123","2026-09-18 18:52:39",0.94184,4,arunangshupal123123
2059,16833413,"yumi sato","2026-09-05 03:22:43",0.94184,2,yumisato1234
2060,16806304,ayaka.ohnishi,"2026-09-30 02:45:00",0.94184,13,ayakaohnishi
2061,16982866,"Tanakit Kit","2026-09-29 12:43:07",0.94184,2,tanakitkit
2062,16825461,Krishnakdk,"2026-09-04 06:26:34",0.94184,9,krishnakdk
2063,16853480,"Nisma Kauser","2026-09-18 16:28:43",0.94184,2,nk2003
2064,16914092,"Himanshu Raghav","2026-09-26 17:28:17",0.94184,2,himanshuraghav07
2065,16841415,Osmond,"2026-09-05 23:15:34",0.94184,5,osmond20006
2066,16809883,"Lorenzo Mansi","2026-09-05 13:34:09",0.94184,4,lollo0900
2067,16799766,"Lisha Chaudhari","2026-09-13 11:01:51",0.94184,1,lishachaudhari
2068,16935907,"parag vadgama","2026-09-21 13:22:47",0.94184,2,paragvadgama
2069,16916373,farhanntu,"2026-09-17 20:22:55",0.94184,1,mufarhans
2070,16831343,"Razan Ihab","2026-09-06 15:58:19",0.94183,1,razanihababdellatif
2071,16943036,"Bjaoui Sara","2026-09-23 17:45:47",0.94183,1,bjaouisara
2072,16848352,KL0620,"2026-09-13 15:37:20",0.94183,6,kimlunl
2073,16910356,futurel,"2026-09-17 08:03:10",0.94183,1,futurel
2074,16884263,"Saeer Noorani","2026-09-17 01:14:14",0.94183,2,saeernoorani
2075,16798715,Catadanna,"2026-09-25 16:22:54",0.94183,11,catadanna
2076,16808251,"Iftekhar ahmmed","2026-09-15 12:09:21",0.94183,11,iftekhar1ahmmed
2077,16888365,Steve,"2026-09-13 23:49:53",0.94183,1,steve5438
2078,16880378,"Rebecca Shirievo","2026-09-14 06:03:15",0.94183,8,rebeccashirievo
2079,16856983,kaypto,"2026-09-28 16:16:53",0.94182,9,kaypto
2080,16839456,Ryulmoon,"2026-09-29 23:18:28",0.94182,2,ryulmoon
2081,16909609,"Jaiswal Bishal","2026-09-30 15:39:23",0.94182,14,jaiswalbishal
2082,16832410,"Jainish Kumar","2026-09-10 18:08:47",0.94182,2,jainishkumar
2083,16949276,"Maxim Boguslavskiy","2026-09-24 09:13:10",0.94182,10,maxbogus
2084,16885894,Ekansh200,"2026-09-20 05:55:47",0.94182,2,ekansh200
2085,16969710,Buchi_Cat,"2026-09-27 08:43:27",0.94182,5,buchicat
2086,16861339,JunGeMa1,"2026-09-30 18:10:48",0.94182,7,jungema1
2087,16870912,"Nitesh Kanojiya","2026-09-14 07:14:09",0.94182,4,niteshk4nojiya
2088,16894934,"Kam Mehr","2026-09-15 10:48:23",0.94182,1,kammehr
2089,16913176,"Deepak GD","2026-09-17 10:14:01",0.94182,2,gddeepak
2090,16880107,"Subhankar Kanrar","2026-09-24 09:03:53",0.94182,2,subhankarkanrar
2091,16838603,ajimihao,"2026-09-07 10:04:42",0.94182,2,ajimihao
2092,16932423,"Vall Rynskov","2026-09-23 10:38:39",0.94182,7,vallrynskov
2093,16809976,"Esma Oğuz","2026-09-06 22:54:36",0.94181,5,eoguzz
2094,16806407,"Kaustubh Mukdam","2026-09-14 04:46:02",0.94181,9,kaustubhmukdam
2095,16914232,"Moustafa Younes","2026-09-19 12:51:34",0.94181,6,mostafaibrahimyounes
2096,16854024,"Ruben Garcia","2026-09-15 09:55:11",0.94181,5,rubengarcia2309
2097,16799456,"Rayk Kretzschmar","2026-09-03 06:32:01",0.94181,4,raykkretzschmar
2098,16815031,"Rutang Patel","2026-09-05 05:58:38",0.94180,4,rutangpatel
2099,16831984,golugoodboy,"2026-09-08 16:09:15",0.94180,1,prabhatkagglelearn
2100,16849384,"Artyom Sayapin","2026-09-10 23:19:18",0.94180,1,spielmeister
2101,16935702,Heet00,"2026-09-29 17:32:37",0.94180,8,heet00
2102,16799076,"Do Hyun Nam","2026-09-02 00:29:59",0.94180,4,dollis
2103,16802553,"Anurag malik00","2026-09-04 10:52:44",0.94180,3,anuragmalik00
2104,16816687,momiji_free,"2026-09-17 06:55:05",0.94180,25,momijifree
2105,16992658,"Богдан Паркулаб","2026-09-30 17:44:47",0.94180,2,kjkfjfjwf
2106,16800061,C3PO,"2026-09-16 13:05:23",0.94180,3,alunji
2107,16803310,"Mirko Caroleo","2026-09-06 16:48:09",0.94180,10,mirkocaroleo
2108,16802856,"Joao Pedro Nascimento de Sousa","2026-09-01 16:37:26",0.94180,1,joaopedrosousan
2109,16907092,Debjyoti6007,"2026-09-17 09:47:06",0.94179,8,debjyoti6007
2110,16830469,"Louis GERVILLE-REACHE","2026-09-10 08:16:50",0.94179,6,louisgerville
2111,16802667,"Syed Rayyan Haider","2026-09-18 12:16:38",0.94179,59,"abdulrafay2525,mabdulrafay2,syedrayyanhaider"
2112,16891705,"Rahul vats","2026-09-16 14:15:17",0.94179,3,rahulvats20
2113,16842818,YuAn,"2026-09-30 09:38:34",0.94179,3,yuanke2001
2114,16973634,"Hajime Walker","2026-09-27 18:31:50",0.94179,2,she1kh
2115,16800647,Nesime,"2026-09-19 13:31:25",0.94179,10,monkeybox
2116,16893171,"Osama Hamdi","2026-09-14 21:28:27",0.94178,3,osamahamdi0
2117,16801049,"hyhien lu","2026-09-02 12:52:36",0.94178,1,hyhienlu
2118,16803444,"Fiorella T.","2026-09-29 23:23:42",0.94178,1,fiorellat
2119,16807170,"Sadettin Şamil Verdil","2026-09-30 14:08:40",0.94178,5,sadettinamilverdil
2120,16876350,krak0s,"2026-09-18 13:31:57",0.94178,2,krak0s
2121,16806579,kangmingyu,"2026-09-27 03:06:50",0.94178,2,ertqqdd
2122,16937581,Grheetioum,"2026-09-22 16:54:07",0.94178,3,herczeggyrgy
2123,16926856,"Renaldi Dwi Nanda P","2026-09-19 19:56:13",0.94178,1,renaldidnp
2124,16881489,"Mohit  Gawali","2026-09-14 12:39:34",0.94178,11,mohitsharadraogawali
2125,16852348,KALP_LAD,"2026-09-17 09:47:06",0.94178,15,kalplad
2126,16984918,"YAW & AFIA","2026-09-30 11:43:39",0.94178,6,"afiabeaaoseisafo,yawoffeh"
2127,16802461,"Md Sarwash Ahmed","2026-09-29 16:35:15",0.94177,2,mdsarwashahmed
2128,16937639,"Sanghamithra Namboodiri","2026-09-22 13:31:56",0.94177,2,sanghamithra2006
2129,16939267,"Madhav Yadav","2026-09-30 13:05:28",0.94177,5,madhav55
2130,16880866,"KRISHNA SIMHA","2026-09-13 07:34:35",0.94177,9,krishnasimha
2131,16935633,"Nicolas Le Bozec","2026-09-21 13:07:27",0.94177,1,nicolaslebozec
2132,16805465,mike_L,"2026-09-01 22:49:54",0.94177,7,mikeloncaric
2133,16810998,"De Marchi Fabio","2026-09-30 20:56:23",0.94177,15,obiaf88
2134,16892711,NaufalAqil18,"2026-09-16 08:22:11",0.94177,5,naufalaqil18
2135,16818709,khanhtran,"2026-09-04 07:22:25",0.94177,12,carlostran
2136,16929708,Irene2014,"2026-09-23 23:14:08",0.94177,1,irene2014
2137,16962551,"Taimoor Rauf","2026-09-25 18:43:04",0.94177,1,taimoorrauf607
2138,16854142,"Marco Nardone","2026-09-10 21:01:23",0.94176,1,marconardone
2139,16811586,rlrlrlrlrl,"2026-09-04 06:50:48",0.94176,1,rlrlrlrlrl
2140,16849189,danishlaraib,"2026-09-08 02:07:22",0.94176,3,danishlaraib
2141,16889400,RAFAY__1212,"2026-09-16 04:59:04",0.94176,22,rafay1212
2142,16811960,"Mike Johnson","2026-09-12 02:36:00",0.94176,2,mrjohnsonsea
2143,16798798,BrentL,"2026-09-03 04:43:12",0.94176,3,brentl
2144,16843247,"Gunnika Aggarwal","2026-09-06 16:14:47",0.94176,8,gunnikaggarwal
2145,16818169,"Vinitha Raj","2026-09-29 07:02:51",0.94176,10,vinurajesh
2146,16859162,"Aymen Mhirit","2026-09-16 10:56:17",0.94175,2,aymenmhirit
2147,16860742,"Christos Basdekis","2026-09-14 10:48:19",0.94175,4,christosbasdekis
2148,16885612,"Agniva Ghosh","2026-09-15 15:59:42",0.94175,4,agniva2006
2149,16806569,"Ramuni Lalith Vishnu","2026-09-06 12:30:49",0.94175,1,ramunilalithvishnu
2150,16907523,Ca22o,"2026-09-19 14:00:50",0.94175,1,ankithalder244
2151,16969868,MackLiu,"2026-09-27 03:07:32",0.94175,1,mackliu
2152,16860410,"Kir Bor","2026-09-09 17:12:36",0.94175,5,abkir1
2153,16812667,AaradhyaGupta,"2026-09-03 04:45:51",0.94175,1,aaradhyaguptaai
2154,16802729,"Akash Jadhav","2026-09-21 11:42:49",0.94175,3,EagleOnAI
2155,16967024,galb,"2026-09-28 21:12:44",0.94175,3,galbre
2156,16862739,mikmak,"2026-09-29 04:21:06",0.94175,1,mikmak
2157,16889634,NITISH_GOYAL1,"2026-09-25 05:20:01",0.94175,8,nitishgoyal1
2158,16904374,"Oluwaseun O Adeya","2026-09-16 13:00:07",0.94175,3,oluwaseunoadeya
2159,16847756,"Tsyban Valery","2026-09-29 08:48:37",0.94174,3,tsybanvalery
2160,16884925,"Idrees Asghar","2026-09-26 02:05:35",0.94174,1,adiladil1275
2161,16806555,Dev_Patel,"2026-09-02 07:36:03",0.94174,2,devpateldev
2162,16842541,Rutang,"2026-09-06 09:28:44",0.94174,1,rutang2
2163,16854394,as_mild_ny,"2026-09-08 14:59:56",0.94174,1,asmildny
2164,16810047,"Egor Kirovich","2026-09-23 08:06:22",0.94174,6,"egorkirovich,levlok"
2165,16809706,"Parth Kumbhar","2026-09-03 19:11:45",0.94174,2,parthkumbhar131106
2166,16811806,"Waihei Yuk","2026-09-03 06:02:27",0.94174,1,waiheiyuk
2167,16953769,"Hamna Munir","2026-09-30 14:51:52",0.94174,6,hmcodes27
2168,16896762,"Vikram S Jaswal","2026-09-22 06:46:33",0.94174,2,vikramsjaswal
2169,16855889,"Manish Parmar","2026-09-18 00:54:03",0.94174,1,manishparmar4102
2170,16798921,"Mehreen Rahman","2026-09-01 16:56:24",0.94174,1,mehreenrahman
2171,16929844,yuliangcheng,"2026-09-20 14:45:19",0.94174,4,yuliangcheng
2172,16937054,Ayush526,"2026-09-25 13:38:52",0.94173,3,ayush526
2173,16969119,"Krish Arul Meiyappan","2026-09-29 01:03:48",0.94173,1,krisharulmeiyappan
2174,16881459,"FARES AISSAOUI","2026-09-12 14:28:59",0.94173,1,faresls
2175,16913284,"VENKATA SAI GUMMADELLI","2026-09-19 15:24:27",0.94173,1,"sindhuchowdaryg,venkatasaigummadelli"
2176,16918515,"JleHuBblu nJlR}l{HuK","2026-09-19 20:34:46",0.94173,5,kashin
2177,16978797,ASDarmosusilo,"2026-09-30 16:51:59",0.94173,3,armanddarmosusilo
2178,16841455,Knowledge_seeker,"2026-09-30 22:52:36",0.94173,58,keerthi0908
2179,16799117,"Chirapathleo Saelim","2026-09-29 03:34:22",0.94173,8,chirapathleosaelim
2180,16863936,SRSKhan,"2026-09-10 05:38:45",0.94173,1,srskhan
2181,16840733,"Jason Jeon","2026-09-19 04:36:58",0.94172,1,jasonjeon203
2182,16807687,Dawnej,"2026-09-29 23:51:23",0.94172,45,dawnej
2183,16891679,"Chuah Jong Sik","2026-09-30 18:59:53",0.94172,10,cjosik
2184,16844167,"Aleksandr Artamonov","2026-09-08 17:49:00",0.94172,6,arutamonofu
2185,16893452,canjinyu,"2026-09-15 04:21:06",0.94172,1,canjinyu
2186,16808308,"Edosuyi Enosakhare","2026-09-04 09:11:18",0.94172,7,edosuyienosakhare
2187,16983458,"Md Naim","2026-09-29 10:27:27",0.94172,1,mdnaimislam165436
2188,16857361,mmcuda,"2026-09-09 05:00:14",0.94172,2,mmcuda
2189,16842976,"Aseel AL-Mozahem","2026-09-15 21:38:09",0.94172,2,anonymousdns
2190,16918959,GuangyuanWang,"2026-09-19 09:11:52",0.94172,1,guangyuanwangkaggle
2191,16858028,"Hai Duong","2026-09-25 00:55:00",0.94172,2,haixd3
2192,16830827,"Quantum Autumn","2026-09-06 10:38:06",0.94172,15,autumnquantum
2193,16914441,Shreed7,"2026-09-17 19:35:36",0.94172,10,shreed7
2194,16802621,Sarthak,"2026-09-12 15:46:11",0.94172,11,sarthak914
2195,16852992,"yoonoh oh","2026-09-27 09:42:16",0.94172,3,yoonohoh
2196,16817796,Xplug-xmc,"2026-09-09 14:15:49",0.94172,2,xplugxmc
2197,16802079,"Soichiro Shido","2026-09-01 10:05:49",0.94172,1,soichiroshido
2198,16859192,"ARUNAGIRINATHAN K","2026-09-11 00:51:20",0.94171,9,arunsworkspace
2199,16906451,"Saiyyad Ahmed","2026-09-19 16:21:53",0.94171,5,saiyyadahmed
2200,16798799,"KOUSHIK KUMAR DINDA","2026-09-01 03:36:18",0.94171,1,koushikkumardinda
2201,16879077,"Diganta Roy Drik","2026-09-20 18:15:05",0.94171,1,digantaroydrik
2202,16799630,"Rohit Kumar","2026-09-24 16:35:12",0.94171,19,rohit4468
2203,16979521,"Masaaki Nabeshima","2026-09-29 01:55:32",0.94171,1,masaakinabeshima
2204,16881138,"Akkapop Prasompon","2026-09-14 10:37:41",0.94171,3,akkapopprasompon
2205,16819926,"Sharon.n Gichira","2026-09-22 15:09:06",0.94171,28,sharonngichira
2206,16841249,Royal_Mustaches,"2026-09-05 20:11:01",0.94171,1,royalmustaches
2207,16933022,akiba120,"2026-09-27 04:25:41",0.94171,3,akiba120
2208,16949456,"Miguel G.","2026-09-24 18:03:27",0.94171,7,koyomiaragi
2209,16897886,"Trisha Nadar","2026-09-17 12:45:24",0.94171,5,trishanadar
2210,16984850,BruceChen,"2026-09-29 12:29:25",0.94171,1,brucecch
2211,16963491,"EL ANSARI TAHA","2026-09-27 18:42:36",0.94171,2,elansaritaha
2212,16959645,Hylb77,"2026-09-26 10:37:58",0.94170,5,hylb77
2213,16846589,"Joseph D","2026-09-07 18:27:30",0.94170,2,navigatordj
2214,16979827,"Muhammad Fahad","2026-09-30 08:18:34",0.94170,2,m1fahad
2215,16802216,zouxiheng,"2026-09-01 14:35:26",0.94170,10,zouxiheng
2216,16805378,"Chirag Desai","2026-09-28 20:06:33",0.94170,4,cid007
2217,16897123,Patience_Star,"2026-09-20 07:06:57",0.94170,2,patiencestar
2218,16831055,Talhai212565,"2026-09-08 22:01:04",0.94170,1,talhai212565
2219,16799785,HuiJuan.Yu,"2026-09-01 08:18:09",0.94170,4,chuyuni
2220,16810744,"Muhammad Adnan Shahzad","2026-09-02 21:48:27",0.94170,1,muhammadadnanshahzad
2221,16932013,"Juliano Batistim","2026-09-23 14:49:58",0.94170,11,julianobatistim
2222,16808354,"Hifza Ansari","2026-09-03 12:21:51",0.94170,1,hifzaansari
2223,16958927,sen01,"2026-09-25 17:43:24",0.94169,1,piyushy04
2224,16802326,"Avik Das","2026-09-02 06:11:07",0.94169,2,avikdas567
2225,16799185,"Satyajeet Kumar","2026-09-01 06:01:13",0.94169,2,m4rcuseryx
2226,16828595,"Keep Motivated","2026-09-04 11:44:40",0.94169,2,keepmotivated
2227,16847403,suiban410219,"2026-09-08 11:46:31",0.94169,5,suiban410219
2228,16803985,"Seungjun Lee","2026-09-02 00:26:07",0.94169,1,seungjunleeofficial
2229,16847728,"Emanuele Latino","2026-09-21 13:13:40",0.94169,14,emanuelelatino
2230,16802681,Fousekhs,"2026-09-01 12:56:08",0.94169,1,fousekhs
2231,16907800,"Ramesh Neupane","2026-09-18 10:29:09",0.94169,2,rameshneupane2025
2232,16799546,"Sean Connolly","2026-09-28 04:19:17",0.94169,5,seanconnolly
2233,16926192,"Alexander Nord","2026-09-19 16:30:16",0.94169,1,alexandernord123
2234,16932162,"Fernando Bohlhalter","2026-09-24 14:56:37",0.94169,10,fernandobohlhalter
2235,16800537,e271828,"2026-09-02 01:15:14",0.94169,4,e271828ai
2236,16866677,jinruixu,"2026-09-11 13:27:50",0.94169,1,jinruixu11
2237,16910631,3as6Bl,"2026-09-22 01:41:45",0.94169,1,segusegu
2238,16876064,Gjones01,"2026-09-14 00:36:07",0.94169,1,gjones01
2239,16854479,"Muarifatul husna","2026-09-08 15:59:44",0.94169,2,muarifatulhusna
2240,16799649,DongJunKim,"2026-09-01 11:12:13",0.94169,4,kkiljh
2241,16833151,"Vikas Seth","2026-09-12 20:08:42",0.94169,2,vikassethv
2242,16969051,"Omar Hassan Elsayed","2026-09-26 23:00:11",0.94169,2,omarhassanelsayed
2243,16935056,"Егор Романов","2026-09-23 06:45:21",0.94169,3,egor2005
2244,16968879,"Arthur Chia","2026-09-27 05:21:06",0.94169,1,arthurchia
2245,16880764,AkiraFujieda,"2026-09-12 23:59:35",0.94169,3,akirafujieda
2246,16808986,Yukino487,"2026-09-02 14:52:37",0.94168,4,yukino487
2247,16893738,"Cương Trần","2026-09-22 07:24:02",0.94168,1,cuontran
2248,16885809,bsenst,"2026-09-14 15:09:52",0.94168,3,bnzn261029
2249,16891405,Jiratchaya007,"2026-09-14 15:00:21",0.94168,4,jiratchaya007
2250,16835960,kansyo,"2026-09-10 11:28:43",0.94168,2,kansyo
2251,16798783,Hkawanishi,"2026-09-25 18:21:38",0.94168,4,hkawanishi
2252,16865886,Akshai_0,"2026-09-11 10:07:31",0.94168,8,akshai0
2253,16817493,yihang1717,"2026-09-04 12:58:02",0.94168,1,yihang1717
2254,16815012,RayHuang,"2026-09-03 12:15:48",0.94168,4,rayhuang0124
2255,16798691,おかゆん,"2026-09-22 02:17:25",0.94168,2,okayun
2256,16956357,TonyD,"2026-09-24 20:13:29",0.94168,1,delsorbo
2257,16823385,"Carol Wu","2026-09-06 19:46:56",0.94168,1,phr0gg
2258,16862277,"Al Hadj Hmida Chadi","2026-09-09 21:00:18",0.94168,2,alhadjhmidachadi
2259,16808044,cropperash,"2026-09-04 08:46:46",0.94168,11,cropperash
2260,16839327,Leeguang98,"2026-09-08 17:24:38",0.94167,2,leeguang98
2261,16823986,"orchid Liu","2026-09-09 09:03:31",0.94167,1,orchidliu
2262,16841382,"Phyo Wai Aung1","2026-09-07 22:36:25",0.94167,14,"kyawphonethant,phyowaiaung1"
2263,16809973,TobiST10,"2026-09-06 22:45:29",0.94167,15,tobist10
2264,16948089,"Isla Mukheef","2026-09-25 01:12:22",0.94167,4,islamukheef
2265,16803608,nd_234,"2026-09-30 18:42:45",0.94167,1,nitishd64
2266,16893000,Bath-Water,"2026-09-16 09:09:29",0.94167,5,bathwater
2267,16818882,"Abdallah Hashad","2026-09-05 19:59:59",0.94167,2,abdallahhashad0
2268,16798853,Marius,"2026-09-09 23:09:40",0.94167,3,mariusborel
2269,16798955,skbhai07,"2026-09-02 10:22:17",0.94167,1,skbhai07
2270,16883743,"Kenneth Mccarthy","2026-09-13 05:47:47",0.94167,4,kennethmccarthy
2271,16968933,"Soleil Hub","2026-09-26 19:50:13",0.94167,1,xsoleil
2272,16851683,junseo1231,"2026-09-20 11:44:11",0.94167,2,junseo1231
2273,16842160,ricky5932,"2026-09-06 12:57:10",0.94167,3,ricky5932
2274,16885386,sidhfe,"2026-09-16 08:27:38",0.94167,2,sidhfe
2275,16885397,DAIKU,"2026-09-21 01:15:59",0.94166,7,daikusan
2276,16938537,"Aly Dhedhi","2026-09-22 23:27:55",0.94166,1,alydhedhi
2277,16879656,"Roaa Khalaf","2026-09-13 09:03:50",0.94166,4,roaakhalaf
2278,16799088,"Sharanya Nagar","2026-09-15 19:05:50",0.94166,6,sharanyanagar07
2279,16958593,"Fery Adi Wibowo","2026-09-25 07:54:23",0.94166,1,feryadiwibowo
2280,16965549,Harish.V1234567,"2026-09-27 10:35:23",0.94166,6,harishv1234567
2281,16831225,"Trinh Tuan Anh","2026-09-07 19:37:43",0.94166,2,trinhtuananh
2282,16832693,"Oktavian Prasetya Adi","2026-09-06 05:55:57",0.94166,6,oktavianprasetyaadi
2283,16855112,Qwe_,"2026-09-09 12:07:26",0.94166,1,annchern
2284,16808674,"Vignesh Nehru","2026-09-10 14:31:20",0.94166,2,vigneshnehru
2285,16822295,"S Fukushi","2026-09-06 06:21:52",0.94166,1,sfukushi
2286,16903957,"Menelik Zafir","2026-09-16 03:19:01",0.94166,1,monibeefudgekins
2287,16982456,D.komiya,"2026-09-29 05:57:52",0.94166,2,dkomiya
2288,16806342,"Umar Tabbsum","2026-09-02 04:15:41",0.94166,1,umartabbsum
2289,16891780,"Mega Gobb","2026-09-14 14:04:24",0.94166,1,megagobb
2290,16917410,"Takuya Nagata","2026-09-29 05:56:17",0.94166,3,naggty
2291,16884549,Edgar2025,"2026-09-13 04:48:41",0.94165,1,edgar2025
2292,16878455,"Tianle Xiang","2026-09-12 04:06:09",0.94165,6,tianlexiang
2293,16937326,"Jacobo Tlacaelel Mina Rodriguez (jako)","2026-09-29 15:15:59",0.94165,9,jakomina
2294,16972847,"Taka Furu","2026-09-27 14:37:12",0.94165,1,takafuru
2295,16958476,AbdurRahim001,"2026-09-25 07:11:16",0.94165,1,abdurrahim001
2296,16944133,Mamun@1234,"2026-09-23 08:18:03",0.94165,4,mamun1234
2297,16809666,Ksuke29,"2026-09-13 06:53:37",0.94165,5,keisuke20040529
2298,16809501,rdcastroinvest,"2026-09-16 22:20:59",0.94165,3,rdcastroinvest
2299,16804713,Dzhemz,"2026-09-18 16:34:50",0.94165,5,dzhemz
2300,16904519,Shaun,"2026-09-20 05:55:40",0.94165,5,slmf1995
2301,16972957,"özgür furuncuoğlu","2026-09-27 18:05:21",0.94165,7,"yusufbugrayaman,zgrfuruncuolu"
2302,16975028,Gabi07,"2026-09-30 02:41:25",0.94165,9,gabi07
2303,16871250,liulian123,"2026-09-11 07:23:44",0.94165,2,liulian123
2304,16893683,"João Felipe Aguiar","2026-09-15 02:01:47",0.94165,1,joofelipeaguiar
2305,16810013,rainday,"2026-09-02 15:42:17",0.94164,1,leezhenhong10
2306,16889656,"Amir Braham","2026-09-14 07:08:40",0.94164,1,amirbrahamm
2307,16852684,"Pritesh Raj","2026-09-08 06:00:19",0.94164,1,priteshraj10
2308,16799759,hideaki_mizoue,"2026-09-01 06:53:36",0.94164,1,hideakimizoue
2309,16808343,"Ukasha Nadeem","2026-09-04 11:50:42",0.94164,9,ukashanadeem
2310,16804919,"Hashir Shaikh","2026-09-27 18:54:30",0.94164,7,hashirmnaeem
2311,16893366,"saumin bhagatwala","2026-09-15 03:21:33",0.94164,2,sauminbhagatwala
2312,16800057,Sofia_Gilka,"2026-09-07 07:30:45",0.94164,3,sofiagilka
2313,16935006,"Parth Daingade ","2026-09-28 18:24:53",0.94164,2,parthdaingade
2314,16862342,"Yiğit Can","2026-09-09 20:16:36",0.94164,6,yiiitcan
2315,16885025,"Musen Lin","2026-09-27 02:42:04",0.94164,6,musenlin
2316,16916134,"Piyush kumar","2026-09-26 21:43:08",0.94164,5,piyush295
2317,16841935,ytani,"2026-09-06 11:58:00",0.94164,3,dreamvly
2318,16881225,"Sarthak Srivastava","2026-09-12 13:53:13",0.94164,2,codebugged
2319,16923090,"Dibya S. Barik","2026-09-19 04:37:04",0.94164,2,darkdevil18
2320,16886781,"Omar Tarek Abdelkader Ahmed El Belbeisy","2026-09-14 12:31:18",0.94164,1,patmux
2321,16799363,"Jay Soni","2026-09-03 06:19:16",0.94164,3,jaysoni4
2322,16975679,"Narmadha Baskar","2026-09-28 04:51:45",0.94164,1,narmadhabaskar
2323,16854906,"Aman Vishwakarma","2026-09-22 13:06:09",0.94164,4,amanvishwakarma01
2324,16940157,panda,"2026-09-22 12:48:52",0.94164,3,pandapanda1234
2325,16798617,"Anim Samuel K.","2026-09-03 03:42:35",0.94163,4,animsamuelk
2326,16941178,"Bala Murugan God","2026-09-28 10:30:42",0.94163,1,balamurugangod
2327,16826542,mascham,"2026-09-04 10:20:57",0.94163,2,nchamid
2328,16862187,"Tejas Nisar","2026-09-10 18:54:28",0.94163,8,tejasnisar
2329,16799475,ZiYiMing,"2026-09-26 06:14:02",0.94163,6,ziyiming
2330,16895258,"Parv Goyal","2026-09-15 10:44:42",0.94163,6,parvgoyal215
2331,16913764,sofiyamasl,"2026-09-17 10:01:01",0.94163,1,superduperspacezebra
2332,16913493,"vinicius souza quadros","2026-09-17 13:18:58",0.94163,9,viniciussouzaquadros
2333,16860385,fengduan555,"2026-09-10 14:28:07",0.94163,2,fengduan555
2334,16890014,"Raitul Hasan Priyo","2026-09-14 08:48:48",0.94163,3,raitulhasan
2335,16916069,­최성민,"2026-09-17 18:33:50",0.94163,7,blazeykits
2336,16823209,Lynatine,"2026-09-21 09:55:01",0.94163,4,lynatine
2337,16848969,"Zoha Khawaja","2026-09-10 12:14:46",0.94163,3,zohakhawaja
2338,16838719,Residual,"2026-09-06 15:23:48",0.94163,5,debrupsarkar30111
2339,16962292,"Vajresh Kulkarni","2026-09-30 17:35:52",0.94163,4,"sumitdevadkar,vajreshdk"
2340,16818252,"Wondering Luffy","2026-09-03 11:38:59",0.94163,9,anhadmh
2341,16986019,binhpham,"2026-09-30 23:49:35",0.94163,4,binhpham79
2342,16904062,"Vimal Sahani","2026-09-24 09:24:41",0.94163,5,nvimalcbn05
2343,16941175,"Sergey Andreev","2026-09-23 07:30:59",0.94162,1,shozha
2344,16925581,"Murod Fayziyev","2026-09-21 04:47:22",0.94162,2,murodfayziyev
2345,16932212,"Carlos Perea","2026-09-29 21:27:13",0.94162,3,carlospereavega
2346,16899241,sseeiiggoo,"2026-09-18 17:57:03",0.94162,3,sseeiiggoo
2347,16937863,Pulin,"2026-09-28 18:59:36",0.94162,1,pulin05
2348,16967302,"Nikhil sai Soma","2026-09-27 09:21:26",0.94162,4,nikhilsaisoma
2349,16947804,HipsyHaps,"2026-09-29 17:27:20",0.94162,9,hipsyhaps
2350,16840271,"Pedro Rafael Sousa","2026-09-05 16:56:42",0.94162,2,pedrorafaelsousa
2351,16803788,Nishuxf,"2026-09-30 13:03:24",0.94162,1,nishu65
2352,16828336,"Gabriela Słomiany","2026-09-30 18:14:07",0.94162,2,gabrielasomiany
2353,16842041,SAURABH257,"2026-09-09 11:47:11",0.94161,4,saurabh257
2354,16925088,"Anshul Trehan","2026-09-19 11:39:38",0.94161,2,anshultrehan
2355,16806591,"Dear Shark","2026-09-02 04:55:23",0.94161,1,dearshark
2356,16912770,"BHORE YASHRAJ CHANDRAKANT","2026-09-17 08:01:05",0.94161,1,bhoreyash
2357,16862316,"Simon mateli","2026-09-21 17:51:50",0.94161,1,simonmateli
2358,16945040,tyson,"2026-09-23 04:49:29",0.94161,1,tysonwashere
2359,16859294,PuChang,"2026-09-09 09:28:11",0.94161,1,dennychang
2360,16809393,"Parastoo F","2026-09-18 18:49:13",0.94161,3,prfa9877
2361,16855830,"Samuel Patton","2026-09-09 23:23:30",0.94161,7,samuelpatton22
2362,16834874,lumarigoz,"2026-09-28 18:24:00",0.94161,17,lumarigoz
2363,16975438,Vivekanand,"2026-09-29 06:46:32",0.94161,3,vickysen
2364,16802702,"Lis Hdez","2026-09-21 09:06:03",0.94161,4,lishdez
2365,16907135,Str1k3rFl0,"2026-09-17 13:35:38",0.94160,1,str1k3rfl0
2366,16931125,njhthinker,"2026-09-20 15:45:54",0.94160,1,njhthinker
2367,16806946,"Srishti Gauraha","2026-09-03 04:50:19",0.94160,4,srishtigauraha
2368,16833035,"Abderraouf Saleh Kihel","2026-09-07 13:29:59",0.94160,5,abderraoufsalehkihel
2369,16965982,"Nazar Mohammed","2026-09-26 12:10:29",0.94160,1,nazarmohammed
2370,16802991,"Good Game Fortnite","2026-09-30 17:27:51",0.94160,1,goodgamefortnite
2371,16820717,Dexter_ML,"2026-09-03 15:35:24",0.94160,2,dexterml
2372,16824996,"Aditya kumar Jha","2026-09-12 04:47:31",0.94160,2,adityakumarjha08
2373,16978650,gollapallysaikiraan2,"2026-09-28 17:20:39",0.94160,1,gollapallysaikiraan2
2374,16933804,"Kkk Kkksad","2026-09-21 19:38:08",0.94160,1,kkkkkksad
2375,16930867,"Harsha Singh","2026-09-20 15:39:12",0.94160,5,harsha1215
2376,16823692,"Théo Giovedi","2026-09-28 22:42:22",0.94160,2,gioveditheo
2377,16870465,"Kenan Zhang9","2026-09-11 03:02:05",0.94160,1,kenanzhang9
2378,16863476,"Mayank Raj Singh","2026-09-28 08:08:09",0.94160,2,mayankrajsingh
2379,16982022,TBBJason,"2026-09-30 21:59:55",0.94160,1,tbbjason
2380,16857639,"Raja' Huwaydah Nassar","2026-09-09 05:34:35",0.94160,5,rajahuwaydahnassar
2381,16799638,"Chaitanya Jamble","2026-09-01 06:24:58",0.94160,4,chaitanyajamble
2382,16938991,"Fasai Tamrit","2026-09-22 09:48:45",0.94160,1,iamfoat
2383,16893920,"meng m","2026-09-18 01:27:44",0.94160,6,meng0011
2384,16940247,Shivam_Innsbruck,"2026-09-30 11:52:46",0.94160,12,shivaminnsbruck
2385,16861396,"Phoenix #2","2026-09-09 15:25:54",0.94159,1,seanht1
2386,16828047,"Pierpaolo Bellusci","2026-09-08 21:27:35",0.94159,1,pierpaolobellusci
2387,16956046,"Marcos Oldani","2026-09-24 19:41:07",0.94159,1,marcosoldani1360
2388,16820202,"Daniel Legorreta","2026-09-24 03:23:06",0.94159,5,legorreta
2389,16905236,"Alfred Shingai","2026-09-16 17:36:00",0.94159,4,alfredshingai
2390,16856486,"Digant Tiwari","2026-09-25 18:16:01",0.94159,1,diganttiwari
2391,16804927,"Krishna Mohan","2026-09-01 18:32:39",0.94159,1,km2006
2392,16869107,fEULER30,"2026-09-11 02:03:05",0.94159,3,feuler30
2393,16819773,dongfangdaguo,"2026-09-04 14:37:43",0.94159,2,dongfangdaguo
2394,16914706,INF2_josallo4_anpego3,"2026-09-17 12:28:26",0.94159,1,josepsalvador
2395,16815208,"jason vetter","2026-09-05 04:39:45",0.94159,1,jasonvetter
2396,16993375,"Eliott Binard","2026-09-30 22:51:36",0.94159,2,eliottbinard
2397,16851351,brunoarpa,"2026-09-09 16:23:38",0.94159,2,brunoarpa
2398,16799741,"Abhishek Mishra112","2026-09-03 13:10:53",0.94159,2,abhishekmishra112
2399,16855508,"Sriram Lingavel","2026-09-25 08:20:12",0.94159,6,sriramlingavel01
2400,16799537,dig987,"2026-09-01 10:33:12",0.94159,1,digvijayahirrao
2401,16844666,"Tleukhanov Yeraly","2026-09-06 20:03:58",0.94158,1,tleukhanovyeraly
2402,16917362,"Pavel Dior","2026-09-24 13:29:20",0.94158,6,paveldior
2403,16885579,bob112250,"2026-09-13 12:09:00",0.94158,2,bob112250
2404,16894561,"Rishaan Rathore","2026-09-15 11:03:22",0.94158,1,rishaanrathore
2405,16811217,"Maks Prinko","2026-09-03 15:49:51",0.94158,1,maksprinko
2406,16898496,"Harsh Gupta","2026-09-18 07:54:44",0.94158,5,harshgupta4444
2407,16841002,"Carlos Alves","2026-09-08 19:21:50",0.94158,1,carlosone
2408,16921710,Lupusin2,"2026-09-18 18:35:03",0.94158,1,lupusin2
2409,16858643,"Aarav Shanker","2026-09-09 08:32:30",0.94158,3,aaravshanker7
2410,16832722,"Danylo Kucherenko","2026-09-15 12:57:38",0.94158,10,danylo0501
2411,16857773,"Thousand Valley Field","2026-09-14 13:41:20",0.94158,11,hatakuncom
2412,16987581,Khushbz,"2026-09-29 21:17:01",0.94158,2,khushbz
2413,16889789,"Sachin Yadav #2","2026-09-26 04:51:01",0.94158,3,"ankitkumawatankit,chhotoosolanki,sachinyadav2967"
2414,16809611,"Mohammed arfan shafin","2026-09-15 17:30:26",0.94158,14,mohammedarfanshafin
2415,16927796,VictorHsu,"2026-09-20 08:21:32",0.94158,1,victorhsu1122
2416,16843329,"Saksham Singh","2026-09-07 08:04:48",0.94158,8,sakshamsingh0806
2417,16876131,"Karl Kallavus","2026-09-18 12:56:16",0.94158,1,karlkallavus
2418,16802770,s22990038,"2026-09-20 05:35:06",0.94157,18,s22990038
2419,16807309,stpete_ishii,"2026-09-03 05:42:31",0.94157,7,stpeteishii
2420,16977567,"Masetty Sankeerth","2026-09-28 16:15:14",0.94157,1,masettysankeerth
2421,16806154,"Arun Kumar Oraon","2026-09-02 04:52:12",0.94157,1,arunkumaroraon
2422,16839965,"Sairaj Adhav","2026-09-26 01:47:13",0.94157,6,sai10py
2423,16925349,fufucheese,"2026-09-19 12:32:49",0.94157,1,fufucheese
2424,16814770,ShivamSharma,"2026-09-05 02:57:02",0.94157,2,shivamsharma89989880
2425,16799015,kitayama,"2026-09-30 08:58:58",0.94157,12,kkityama
2426,16887316,"Luke Lifton","2026-09-13 23:10:38",0.94157,1,lukelifton
2427,16894357,"Payal Ashok Pawar","2026-09-20 06:04:29",0.94157,1,payalashokpawar
2428,16915125,chengyy03,"2026-09-17 14:00:38",0.94157,1,chengyy03
2429,16825601,"Sh Gong","2026-09-27 15:34:01",0.94157,7,shgong
2430,16847250,KunyinSun01,"2026-09-07 11:33:53",0.94157,1,kunyinsun01
2431,16847425,"Team Slavia","2026-09-07 10:32:35",0.94157,1,"harshpatill08,jainmanthanarvind,kambleshravanganesh"
2432,16865303,qqq12332111,"2026-09-10 11:10:14",0.94157,1,qqq12332111
2433,16883330,"Murilo Prado","2026-09-13 00:51:07",0.94157,2,muriloprado
2434,16809235,"Factual Explorer","2026-09-04 14:11:38",0.94157,1,factualexplorer
2435,16870386,Abhay_GenAi,"2026-09-27 06:39:06",0.94157,1,abhaygenai
2436,16966979,TazawaShiryu,"2026-09-26 11:46:58",0.94157,1,tazawashiryu
2437,16809110,anonymous134275,"2026-09-03 09:25:13",0.94157,13,anonymous134275
2438,16830896,Prasanna,"2026-09-04 14:04:01",0.94157,2,prasanna25
2439,16894533,"Wincent Zhang","2026-09-15 08:35:12",0.94156,1,wincentzhang
2440,16979823,"Yashasvi Besam","2026-09-29 16:55:20",0.94156,4,yashasvibesam
2441,16855619,"Bhumika Goyal","2026-09-08 19:59:47",0.94156,1,bhumikag27
2442,16841417,SANTOS,"2026-09-05 23:11:51",0.94156,2,sandocorp23santos
2443,16857974,OroAjax,"2026-09-28 18:10:32",0.94156,2,oroajax
2444,16847786,"Alfez Khan","2026-09-25 10:18:52",0.94156,1,alfezkhan71
2445,16810753,"Praxitelis Ntokos","2026-09-30 23:03:18",0.94156,20,praxitelisntokos
2446,16809593,RudraSingh0001,"2026-09-17 03:55:42",0.94156,19,rudrasingh0001
2447,16841004,"Husain Bohra","2026-09-06 08:23:36",0.94156,1,husainbohra05
2448,16844434,"Ranga Sai Shreyas7","2026-09-08 16:11:34",0.94156,1,rangasaishreyas7
2449,16816738,Kapil,"2026-09-04 05:20:52",0.94156,10,kapil3
2450,16799082,江口ゼミ,"2026-09-03 02:00:53",0.94156,1,"boritannsenzinn,ublfublf"
2451,16808720,"Ankush Khanra","2026-09-30 12:37:05",0.94156,1,ankushkhanra
2452,16876453,"Shaheer Alam","2026-09-11 16:55:26",0.94156,1,mshaheeralam
2453,16860117,"Shair Khan","2026-09-22 15:30:28",0.94156,1,datascikhan
2454,16883655,"Trey Cobb","2026-09-13 01:01:02",0.94156,1,tcobb775
2455,16804938,Koostik126,"2026-09-01 20:50:55",0.94156,1,kostya138
2456,16853999,Srinija,"2026-09-22 17:23:13",0.94156,10,madisrinija
2457,16976084,"Javeria Ashraf","2026-09-28 19:02:10",0.94156,2,javeriaashraf94
2458,16824571,"Will Smith","2026-09-07 23:28:01",0.94155,1,wcsmith26
2459,16921829,tanmi1573,"2026-09-18 17:09:19",0.94155,1,tanmi1573
2460,16948852,"Ayse Payci","2026-09-23 18:21:11",0.94155,3,ayepayc
2461,16841059,"Ярослав Третьяк","2026-09-06 20:28:42",0.94155,7,berch123
2462,16811627,traumt,"2026-09-03 01:39:24",0.94155,1,traumt
2463,16933185,"Risikesan Yogeswaran","2026-09-21 03:55:23",0.94155,1,risikesanyogeswaran
2464,16860611,znikola45,"2026-09-10 15:17:11",0.94155,1,zabicnikola45
2465,16938069,NosyRuby2187,"2026-09-21 20:51:45",0.94155,5,djsksbrbf
2466,16871525,"Gautam kumar","2026-09-14 06:44:56",0.94155,3,gautamkumarpatel
2467,16915563,"Sandeep Kumar","2026-09-17 19:00:02",0.94155,1,sandeepkumar121995
2468,16825802,"geeta bamhane","2026-09-04 06:08:26",0.94155,1,geetabamhane
2469,16809681,"Tráng Phùng Văn","2026-09-03 17:16:21",0.94155,1,phungtrang
2470,16831212,Ben,"2026-09-06 04:47:35",0.94154,2,shadowjr
2471,16865438,"RAKSAKANTH J","2026-09-10 08:26:51",0.94154,3,raksakanthj
2472,16880037,"Habib Bashir Lawal","2026-09-12 10:36:09",0.94154,2,lbashirhabib
2473,16984816,"Brett Brocato","2026-09-30 03:41:46",0.94154,2,brettbrocato
2474,16850067,"SHANMUKHA DATTA BODA","2026-09-11 12:21:18",0.94154,3,shanmukhadattaboda
2475,16870434,zchen,"2026-09-12 13:02:58",0.94154,2,zchen2357
2476,16946274,chennuo,"2026-09-23 11:44:58",0.94154,2,cleverfkn
2477,16934244,"Futa Sho","2026-09-22 06:36:23",0.94154,3,futasho
2478,16924775,dimdie3064,"2026-09-19 10:59:29",0.94154,3,dimdie3064
2479,16925865,ds_01,"2026-09-26 07:06:06",0.94154,3,baibhavbittutiwari
2480,16934703,"Gül BİLMEZ","2026-09-22 17:56:26",0.94153,11,glblmez
2481,16862585,"Syed Faizaan Ahmad","2026-09-21 08:41:16",0.94153,5,syedfaizaanahmad
2482,16906869,"Qinhui Tian","2026-09-16 16:43:37",0.94153,1,qinhuitian
2483,16971881,"Henry Kilago","2026-09-27 14:44:20",0.94153,2,henrykilago
2484,16974844,codexy89,"2026-09-30 02:45:55",0.94153,2,codexy89
2485,16895035,"JIN ZHENRUI","2026-09-16 14:22:21",0.94153,1,jinzhenrui
2486,16909445,EasyM0ney,"2026-09-17 02:27:17",0.94153,1,easym0ney
2487,16861460,desptet,"2026-09-11 10:38:44",0.94153,1,desptet
2488,16806526,"Prince Radadiya","2026-09-03 12:18:52",0.94153,5,princeradadia
2489,16936119,linglinglingqi,"2026-09-21 13:48:50",0.94153,2,linglinglingqi
2490,16863464,"Muhamad Alexander","2026-09-10 16:52:47",0.94153,3,herons202
2491,16911319,"Johnny Wilson Dougherty","2026-09-17 05:47:25",0.94153,1,johnnydougherty
2492,16857606,"Emmanuel King Chris","2026-09-09 23:49:24",0.94153,2,emmanuelkingchris
2493,16871764,"Guneeth K","2026-09-11 08:48:04",0.94153,1,guneethk
2494,16848674,imandysaurus,"2026-09-07 19:31:05",0.94153,2,imandysaurus
2495,16864928,"Abanoub Reda Shehad","2026-09-12 14:05:10",0.94153,2,abanoubredashehad
2496,16918725,SnskrtMali,"2026-09-18 07:27:52",0.94152,1,snskrtmali
2497,16876046,"Bensu Kocatepe","2026-09-11 16:59:28",0.94152,2,bensukocatepe
2498,16908737,VenturaRaee,"2026-09-16 21:50:37",0.94152,1,venturaraee
2499,16832122,sameer7888,"2026-09-08 04:02:22",0.94152,1,sameer7888
2500,16859239,"David SanRu","2026-09-18 10:14:11",0.94152,1,davidsanru
2501,16809599,"Yuvanshu Dadhich","2026-09-14 03:52:30",0.94152,2,yuvanshudadhich
2502,16941784,"Arjun Janamatti","2026-09-23 05:02:27",0.94152,4,arjunjanamatti
2503,16807809,"Vlad Baranceanu","2026-09-02 08:32:49",0.94152,1,vladbaranceanu
2504,16884895,dawn0618,"2026-09-22 09:14:23",0.94152,3,dawn0618
2505,16909225,"Pragya Sharma","2026-09-23 01:02:54",0.94152,1,"pragyasharma1993,saithaneesh"
2506,16896389,neetish_ss,"2026-09-15 11:34:58",0.94152,2,neetishss
2507,16895207,"Mohamed Arafath","2026-09-28 10:47:43",0.94152,7,mohamedarafath
2508,16823792,"Rohit Wayal","2026-09-10 23:44:19",0.94152,4,rohitwayal12
2509,16849647,korlakunta,"2026-09-08 17:52:01",0.94152,1,korlakunta
2510,16893730,"Zenun Chowdhury","2026-09-15 17:19:51",0.94152,1,zenunchowdhury
2511,16967067,"Kshitij Chaudhari","2026-09-27 16:48:50",0.94152,3,kshitijchaudhari7
2512,16847681,"Ferhat Metin","2026-09-07 12:56:07",0.94152,3,ferhatmetin34
2513,16959043,"Beichen Fu","2026-09-29 02:48:14",0.94151,2,beichenfu
2514,16893763,"Gabriel Guzman","2026-09-15 02:09:53",0.94151,1,ggguzm
2515,16854391,"Meshack Mbeswa","2026-09-23 11:12:45",0.94151,2,meshackmbeswa
2516,16810718,"Akshita Sharda","2026-09-11 18:48:33",0.94151,1,akshitasharda01
2517,16944215,"Denise B","2026-09-24 03:22:24",0.94151,2,denisebruce
2518,16867481,"Royer Elvis Moreano Condorcuya","2026-09-25 20:15:07",0.94151,9,royerelvis
2519,16906347,Kylianvn,"2026-09-16 14:10:14",0.94151,5,kylianvn
2520,16846070,"mino sussin","2026-09-09 15:23:56",0.94151,1,minosussin
2521,16832047,Egunuraka,"2026-09-07 05:01:04",0.94151,1,egunuraka
2522,16833121,Kagura_UT,"2026-09-19 02:49:03",0.94151,15,tatsuhikou
2523,16889232,"vedaant up","2026-09-29 18:28:00",0.94151,10,vedaantup
2524,16934352,toshidesu,"2026-09-26 10:49:05",0.94151,6,toshidesu
2525,16845688,"Bruno JI","2026-09-24 07:22:27",0.94151,1,brunoji
2526,16832052,Dhruv1029,"2026-09-04 18:14:58",0.94151,1,dhruv1029
2527,16856334,"Mariyyyaa ella","2026-09-08 21:44:33",0.94150,1,mariyyyaaella
2528,16844137,"Rohit Kumar #2","2026-09-24 09:58:13",0.94150,3,rohitraj264
2529,16806192,EmmaL09,"2026-09-03 00:54:57",0.94150,3,emmal09
2530,16826984,"Olivia Redd","2026-09-04 10:02:45",0.94150,1,oliviaredd
2531,16982229,"Rahul Sawant","2026-09-30 15:38:21",0.94150,2,rahulvs94
2532,16909505,"Rajarshi nag (shreya)","2026-09-25 11:56:06",0.94150,2,rajarshinagshreya
2533,16809908,"Praharsha Thapa","2026-09-17 13:25:09",0.94150,2,praharshathapa
2534,16829721,"Manushi Bombaywala","2026-09-04 11:34:41",0.94150,1,manushibombaywala
2535,16798564,"Ιωάννης Σταμελιάς","2026-09-03 13:47:24",0.94150,3,giannhsstamelias
2536,16952855,"Chrizz K","2026-09-24 11:41:27",0.94150,2,chrizzk
2537,16799782,"Diogo R. Ferreira","2026-09-01 11:35:25",0.94150,4,diogoff
2538,16843583,"Davin LeClair","2026-09-14 16:55:10",0.94150,5,davinleclair
2539,16854461,TerenceLSH,"2026-09-18 14:19:25",0.94150,2,terencelsh
2540,16808747,"Александр Трифонов","2026-09-02 13:16:50",0.94150,1,cybrvibe
2541,16894172,Adrian1212Ken,"2026-09-19 08:25:59",0.94150,6,adrian1212ken
2542,16964950,"cheng jialuo","2026-09-26 04:11:53",0.94150,1,chengjialuo
2543,16800048,okuub11,"2026-09-01 08:31:04",0.94150,1,okuub11
2544,16868278,"Avian Ross","2026-09-10 18:44:25",0.94150,2,avianross
2545,16811711,feng,"2026-09-11 13:55:50",0.94149,1,guofungwong
2546,16964693,MhalTeddy,"2026-09-26 06:42:57",0.94149,1,mhaltaj
2547,16934874,"Jaron Althoff","2026-09-21 10:19:41",0.94149,8,jaronalthoff
2548,16891697,houssemhashos,"2026-09-15 16:46:41",0.94149,1,houssemhashos
2549,16887412,aditya117b,"2026-09-13 18:04:34",0.94149,1,aditya117b
2550,16968261,"VARADRAJ CHANDRAKANT PATIL","2026-09-29 08:56:02",0.94149,2,varadraj06
2551,16800003,Itpl16,"2026-09-01 15:44:15",0.94149,4,itpl16
2552,16802686,"Argus Kern","2026-09-01 12:10:54",0.94149,1,arguskern
2553,16969012,"Khanh Huynh","2026-09-26 21:16:59",0.94149,1,dizzykhanh
2554,16899305,"Nour Alhalwagy","2026-09-27 05:07:09",0.94149,2,nouralhalwagy
2555,16807701,Rishabh979,"2026-09-23 15:31:33",0.94149,3,rishabh979
2556,16844341,"William Chang","2026-09-06 18:02:10",0.94149,1,williamchangyl
2557,16948992,"Suman Kumar Rana","2026-09-25 18:48:25",0.94149,2,sumanranaaaaa
2558,16892365,Kamogawa_Horumo,"2026-09-14 16:48:42",0.94149,1,xia464
2559,16855108,"Ahmed Hossam Elhawary","2026-09-11 06:16:28",0.94149,1,ahmedapolo
2560,16803098,"Leandro Sanchez B","2026-09-30 20:17:43",0.94149,3,leandrosanchezb
2561,16979043,益田幸太,"2026-09-30 13:18:58",0.94149,2,kotamasuda1010
2562,16853247,WangDongwei15,"2026-09-10 08:14:55",0.94149,2,wangdongwei15
2563,16855094,"Anandhini ep","2026-09-10 13:59:24",0.94149,4,anandhiniep
2564,16806460,enenenhhh,"2026-09-09 04:07:29",0.94148,3,enenenhhh
2565,16960103,"Yenigella Gnandeep","2026-09-26 13:06:48",0.94148,4,yenigellagnandeep
2566,16934654,"Devinoh Hafni","2026-09-21 13:08:42",0.94148,1,devinohhafni
2567,16843018,"Sieg Sola","2026-09-07 14:30:26",0.94148,4,siegsola
2568,16890126,XZXZZX,"2026-09-16 12:08:47",0.94148,7,xzxzzx
2569,16960352,sidbansal65,"2026-09-25 10:18:25",0.94148,1,sidbansal65
2570,16946246,"Hakam Avicena ","2026-09-23 13:33:32",0.94148,1,hakamavicena
2571,16928109,coco,"2026-09-20 07:33:00",0.94148,1,cocoshe
2572,16827498,zhangby5555,"2026-09-04 08:26:19",0.94148,1,zhangby5555
2573,16805629,"Bikhyat Adhikari","2026-09-02 02:24:47",0.94148,1,bikhyatadhikari
2574,16924475,"Eidan Cohen","2026-09-20 12:46:06",0.94148,1,eidanch
2575,16907915,Swayam_0010,"2026-09-19 13:23:35",0.94148,1,swayam0010
2576,16808527,"Vikas Rajpurohit","2026-09-10 13:22:13",0.94147,3,vikasrajpurohit
2577,16898582,"Vladislav Ilyukhin","2026-09-20 12:44:22",0.94147,3,vladislavilyukhin
2578,16864874,"Arjjun s","2026-09-10 07:19:42",0.94147,1,arjjuns
2579,16848247,"Thanh Mân123","2026-09-08 09:22:20",0.94147,3,thanhmn123
2580,16802136,Manish,"2026-09-29 16:45:32",0.94147,14,manishpatil115
2581,16941754,SatadalS,"2026-09-23 08:03:06",0.94147,1,ssdd09
2582,16992820,"tong wu cn","2026-09-30 17:26:21",0.94147,1,tongwucn
2583,16921641,H12838,"2026-09-20 11:21:15",0.94147,1,h12838
2584,16970973,nachodayo,"2026-09-27 08:01:33",0.94147,1,nachodayo
2585,16841262,"Yahaya Kabir","2026-09-06 12:25:18",0.94147,1,yahayakabir02
2586,16849030,Ameyyy,"2026-09-07 20:03:01",0.94146,1,ameyvichave01
2587,16926682,"Ritam Kishore23","2026-09-23 19:19:05",0.94146,3,ritamkishore23
2588,16887692,pyroeg0_1dx,"2026-09-16 08:00:11",0.94146,4,phongabc
2589,16887633,"Jonibek Abdurahmonov","2026-09-14 19:03:09",0.94146,4,jonibekabdurahmonov
2590,16799274,"valentine mwai","2026-09-08 11:31:28",0.94146,3,valentinemwai
2591,16828419,"gui shan111","2026-09-04 09:35:06",0.94146,1,guishan111
2592,16883902,"ABDUL Rehman","2026-09-13 03:17:36",0.94146,1,datawithabxrehman
2593,16973890,Ananya,"2026-09-28 16:01:23",0.94146,1,ananya230106
2594,16881851,nisarg107,"2026-09-16 06:21:59",0.94146,1,nisarg107
2595,16804064,PANDEY21,"2026-09-02 17:43:45",0.94146,1,vivek2113
2596,16858688,"Nguyễn Bình Phú","2026-09-09 09:05:26",0.94146,2,phunguyen15456
2597,16886215,mexjpn91,"2026-09-14 15:00:37",0.94146,2,mexjpn91
2598,16839687,"Mudit Agrawal","2026-09-25 17:36:11",0.94146,10,mudit1711
2599,16853298,Rafif,"2026-09-08 09:23:30",0.94146,1,muhammadrafifdanuja
2600,16982459,"Vedant Dave","2026-09-29 10:11:16",0.94146,5,vedantdave3000
2601,16799718,"Vishal Kishore","2026-09-02 13:36:45",0.94146,1,kishorevishal
2602,16904618,"Fahmi Alfayadh","2026-09-16 11:07:04",0.94146,2,fahmialfayadh
2603,16976031,hnu.2026,"2026-09-28 08:08:42",0.94146,1,imkyeongbhin
2604,16972158,Anay0216,"2026-09-28 01:17:40",0.94146,1,anay0216
2605,16838768,400297-จีระศักดิ์,"2026-09-05 10:37:18",0.94146,2,jeerasakananta
2606,16854937,Mordred,"2026-09-17 21:15:39",0.94146,2,mordred6
2607,16829671,Meri_Petrosyaaann,"2026-09-05 18:02:27",0.94145,6,meripetrosyaaann
2608,16917084,"ASHISH GAUTAM 24577011","2026-09-30 17:27:21",0.94145,4,ashishgautam24577011
2609,16799469,Lelouch,"2026-09-01 13:12:21",0.94145,1,aayushh13
2610,16852972,"Akihiro koga","2026-09-09 09:15:35",0.94145,8,akihirokoga
2611,16799889,Dhairyasheel05,"2026-09-13 12:59:56",0.94145,2,dhairyasheel05
2612,16913592,"Kaisei Kikuchi","2026-09-17 15:01:39",0.94145,1,kaiseikikuchi
2613,16879498,"Андрей Мехоношин","2026-09-12 08:21:11",0.94145,1,andrewamn
2614,16930414,staticalpirate,"2026-09-27 21:37:44",0.94145,6,statisticalpirate
2615,16867554,lins6767,"2026-09-13 00:49:41",0.94145,2,lins6767
2616,16818228,abdulkader1,"2026-09-22 01:03:25",0.94145,11,abdulkader1
2617,16859229,"Evel Fu","2026-09-09 14:46:49",0.94144,1,evelfu
2618,16925312,Kanchan,"2026-09-27 16:59:32",0.94144,11,kanchankumar
2619,16832027,ryuksm01,"2026-09-08 06:53:41",0.94144,7,shashwatamukherjee
2620,16905888,"Anil Turan","2026-09-29 17:06:21",0.94144,1,anilturann
2621,16864796,"Deepak Kumbhar","2026-09-29 16:15:02",0.94144,6,deepakkumbhar16
2622,16814169,Raphdraft,"2026-09-03 09:21:11",0.94144,1,raphdraft
2623,16892614,"Pal Savani","2026-09-18 07:31:42",0.94144,1,palsavani
2624,16959424,"Kalash Thakre","2026-09-29 02:24:16",0.94144,4,kalashthakre
2625,16858788,"Khadka PARLEE","2026-09-09 13:38:09",0.94144,2,khadkaparlee
2626,16882312,"Ferchichi Wassim","2026-09-13 18:49:40",0.94144,4,ferchichiwassim
2627,16987426,PeterPatrick-dev,"2026-09-29 20:17:38",0.94144,1,krisbarz
2628,16934510,"Lekang Makake","2026-09-21 07:38:01",0.94144,3,lekangmakake
2629,16823345,"Briant Paul","2026-09-30 00:09:55",0.94144,2,briantpaul
2630,16890631,"zhang rui_cheng","2026-09-30 03:27:01",0.94144,1,zhangruicheng123
2631,16894899,DauntingX,"2026-09-16 06:34:08",0.94144,1,dauntingx
2632,16973029,philst4,"2026-09-30 22:09:37",0.94143,8,philipzweckbronner
2633,16870719,"Thanh Vũ","2026-09-11 06:54:35",0.94143,1,messithanh2k
2634,16942781,"Gongyao Xu","2026-09-23 02:48:52",0.94143,1,gongyaoxu
2635,16829041,dhseries,"2026-09-25 05:06:55",0.94143,11,hoang001
2636,16809429,"samhith nadig","2026-09-03 10:46:51",0.94143,1,samhithnadig
2637,16991924,viper3333,"2026-09-30 15:29:53",0.94143,1,viper3333
2638,16894531,"zishan rayan","2026-09-15 07:09:45",0.94143,1,zishanrayan
2639,16840951,"Saksham Kumar","2026-09-25 09:14:44",0.94143,1,tenaxx
2640,16803701,"Carolin DJ","2026-09-08 11:31:43",0.94143,1,carolindj
2641,16839058,রোদশী,"2026-09-05 08:56:25",0.94143,1,nuzhatbintenazim
2642,16945478,"Anshul Jain","2026-09-23 10:30:04",0.94143,1,anshul0703jain
2643,16844094,fragcoder,"2026-09-06 16:09:00",0.94143,1,fragcoder
2644,16858376,zhangglinhann,"2026-09-15 03:16:00",0.94143,1,zhangglinhann
2645,16848130,P76131042蔡炘晏,"2026-09-07 13:29:06",0.94143,1,p76131042
2646,16906686,GregH,"2026-09-18 19:45:08",0.94143,4,eosgreg
2647,16839263,SHIFT_R,"2026-09-05 10:00:54",0.94143,1,ryoichiro
2648,16922591,matiyas,"2026-09-22 20:31:28",0.94143,6,matiyas
2649,16848320,shohtani,"2026-09-11 00:39:00",0.94143,3,shohtani
2650,16929660,"dhanush valiveti","2026-09-21 14:57:34",0.94143,1,dhanushvaliveti
2651,16977627,"Laure Roelant","2026-09-30 19:48:00",0.94143,1,laureroelant
2652,16817901,"Praful Tiwari1","2026-09-06 09:40:47",0.94142,23,prafultiwari1
2653,16831046,"jukai zhu","2026-09-05 02:37:47",0.94142,1,jukaizhu
2654,16852982,"Aditya Sasidhar","2026-09-08 12:41:54",0.94142,2,tadityasasidhar
2655,16936227,"Alessandro Falanga","2026-09-21 12:27:39",0.94142,1,slifer1
2656,16818644,"Felix Berget","2026-09-15 08:41:57",0.94142,21,jovialkar
2657,16972529,Naman_aiml,"2026-09-27 14:24:53",0.94142,1,naman2121
2658,16805343,"Andre Endress","2026-09-06 19:49:54",0.94142,3,andreendress
2659,16908209,"Dwiki Budilaksana","2026-09-27 15:45:37",0.94142,2,madedwikibudilaksana
2660,16892557,"Михаил Седов","2026-09-20 10:31:20",0.94142,2,teacher32
2661,16804526,"SAMPAT PRAJAPAT","2026-09-03 12:33:32",0.94142,2,sampatprajapat
2662,16811442,"Estevao Smith","2026-09-03 00:51:35",0.94142,1,estevaosmith
2663,16840538,"Dharun Suryaa","2026-09-20 05:13:35",0.94141,2,dharun4772
2664,16885370,LargeLiang,"2026-09-13 09:06:53",0.94141,1,largeliang
2665,16885564,"Zhilei Qiu","2026-09-13 09:09:29",0.94141,1,amatlas
2666,16875741,Hiroshi,"2026-09-20 03:03:48",0.94141,1,shonohiroshi
2667,16872137,"Riad Hossain","2026-09-11 11:14:46",0.94141,2,riadhhossain
2668,16805930,"Duyen Nguyen","2026-09-02 01:47:33",0.94141,1,catherine246
2669,16849241,"Matias Loukojärvi","2026-09-07 19:26:05",0.94141,1,matiasloukojrvi
2670,16962882,"Davy Williams","2026-09-25 22:50:51",0.94141,1,davywilliams
2671,16799151,SUMMER:3,"2026-09-22 13:45:53",0.94141,1,yuqingxia
2672,16917515,LyraWang0506,"2026-09-18 01:38:00",0.94141,2,lyrawang0506
2673,16831836,"Ayşe Yaşar","2026-09-04 20:21:16",0.94141,3,ayeyaar
2674,16815045,_AshwinMahawar_,"2026-09-03 11:01:10",0.94141,1,ashwinmahawar
2675,16822467,IDK_409,"2026-09-03 16:47:46",0.94141,1,idk409
2676,16853549,"Yeswanth Pothala","2026-09-22 09:18:30",0.94141,1,yeswanthpothala
2677,16802526,"Mala Yadav","2026-09-04 03:35:55",0.94141,3,mail2malayadav
2678,16799442,"Raghav Sharma 2002","2026-09-02 09:42:00",0.94140,1,raghavsharma2002
2679,16844489,"Rohit Gupta","2026-09-06 18:02:45",0.94140,1,rohitgupta1027
2680,16889919,"Jiraphat Kaewdee","2026-09-14 07:01:50",0.94140,1,jiraphatkaewdee
2681,16970829,"KANGKAN KALITA","2026-09-27 07:29:06",0.94140,1,kangkankalita
2682,16876681,Kiriesh,"2026-09-11 21:56:43",0.94140,1,kiriesh
2683,16949614,"DEEPANSH JAGOTRA","2026-09-29 22:13:30",0.94140,2,deepanshjagotra
2684,16976721,"Dorothy Biswas","2026-09-30 18:20:39",0.94140,1,dorothybiswas
2685,16804884,"Robby Internet","2026-09-01 18:09:21",0.94140,2,robbyinternet1
2686,16980289,"Gabriel Oliveira011","2026-09-30 19:57:34",0.94140,4,gabrieloliveira011
2687,16970187,"David Lu","2026-09-27 04:57:42",0.94140,1,davidlutx
2688,16899324,vxtsbsn,"2026-09-16 00:55:13",0.94140,1,vxtsbsn
2689,16878614,"Aidan Ridderhof","2026-09-13 03:43:59",0.94140,1,aidanridderhof
2690,16835567,"Chani Leon","2026-09-06 03:00:06",0.94140,4,leonchani
2691,16855269,"Mohitraj Rathor","2026-09-10 08:22:42",0.94140,4,mohitrajrathor
2692,16807887,wcsarita,"2026-09-07 04:24:05",0.94140,2,wcsarita
2693,16799745,"Kübra Arığ","2026-09-02 07:19:44",0.94140,4,kbraar
2694,16991939,"Guillermo Torres","2026-09-30 14:43:43",0.94140,1,guillermotorresj11
2695,16810012,"Aryan Gupta","2026-09-12 09:53:24",0.94139,4,abacilla
2696,16949852,maruhiko,"2026-09-23 22:04:42",0.94139,1,maruhiko
2697,16854533,"Gnach Deraj","2026-09-10 05:10:11",0.94139,1,gnachderaj
2698,16798754,Matts6591,"2026-09-15 15:07:23",0.94139,4,mathwithmatt
2699,16824054,"James Mills","2026-09-23 23:33:43",0.94139,1,jamesmills1975
2700,16966059,"Chintu sharma","2026-09-26 19:27:42",0.94139,4,chintusharma4
2701,16813111,Annekyl,"2026-09-03 05:38:08",0.94139,3,annekyl
2702,16811006,yuuu-okazaki,"2026-09-02 21:15:18",0.94139,1,yuuuokazaki
2703,16823045,"Akanksha Sahai","2026-09-03 22:31:35",0.94139,2,akgoesplaces
2704,16811029,tquinn6,"2026-09-14 15:24:02",0.94139,4,tquinn6
2705,16956582,"Love Ratnawat","2026-09-24 21:17:56",0.94139,1,loveratnawat
2706,16936045,AGordeev,"2026-09-22 06:42:24",0.94138,2,agordeev
2707,16988207,masterlincs,"2026-09-30 01:52:45",0.94138,2,masterlincs
2708,16959049,"Antariksh Tamuly","2026-09-30 05:18:33",0.94138,13,tamulyantariksh
2709,16806097,"Krishna Anandan Ganesan","2026-09-02 02:58:56",0.94138,2,vulcanpint
2710,16844432,"Utkarsh Singh","2026-09-11 03:54:11",0.94138,1,utkarshx27
2711,16963196,"Jason Noriega","2026-09-25 21:34:35",0.94138,1,jasonnoriega
2712,16801812,"Jonathan Gusching","2026-09-01 12:57:24",0.94138,6,jonathangusching
2713,16809591,"Saurab Godse","2026-09-07 10:56:47",0.94138,2,godsesaurab
2714,16819730,"Robo Maven","2026-09-03 14:28:44",0.94138,1,robomaven
2715,16889157,"Đỗ Quang Phong","2026-09-15 14:45:11",0.94138,8,wangpo06
2716,16826579,xuanxuan496,"2026-09-05 13:34:09",0.94138,1,xuanxuan496
2717,16910923,jwenwu,"2026-09-23 09:00:48",0.94138,1,jwenwu
2718,16916891,"Divyansh Bagla","2026-09-17 22:07:41",0.94138,10,divyanshbagla
2719,16912796,"DANIELLE CHOI","2026-09-26 13:02:48",0.94137,5,daniellec927
2720,16839583,"Jordan Mukaddam","2026-09-05 12:10:09",0.94137,1,jordanmukaddam
2721,16803617,VGekko,"2026-09-01 16:43:40",0.94137,1,vgekko
2722,16930724,"RISHAB KUMAR","2026-09-20 15:14:47",0.94137,1,rishabkumar27
2723,16814721,"Kartik Sharma","2026-09-10 20:05:03",0.94137,3,kartiksharma4656
2724,16882639,"Tanjim Shaharia","2026-09-28 10:35:33",0.94137,2,tanjimshaharia
2725,16823857,"Sabit Al Juma","2026-09-08 00:04:52",0.94137,2,sabitaljuma
2726,16971541,"Hashim Umar","2026-09-28 21:15:02",0.94137,1,hashimumar
2727,16877502,vanokaggler,"2026-09-15 20:04:17",0.94137,3,vanokaggler
2728,16936176,"Sukhbold Ch","2026-09-21 14:12:59",0.94137,2,sukhboldch
2729,16798774,"Chih-Neng Tung","2026-09-07 06:59:25",0.94137,6,chihnengtung
2730,16866274,"Manisha Gupta","2026-09-10 13:55:08",0.94137,3,manishagupta123
2731,16937993,"Денис Бондарев","2026-09-24 19:27:57",0.94136,1,loosy2
2732,16827487,JKTAN827,"2026-09-09 11:02:52",0.94136,6,jktan827
2733,16928188,"yue Huan","2026-09-20 10:57:20",0.94136,1,yuehuan
2734,16840039,karthickraja,"2026-09-05 17:42:39",0.94136,3,karthickrajas
2735,16942216,Hikaru,"2026-09-30 14:26:00",0.94136,7,hikarumatsu
2736,16799222,izumi600,"2026-09-01 09:09:00",0.94136,4,izumi600
2737,16892316,"Jagan R","2026-09-28 16:34:18",0.94136,1,jaganramadugu
2738,16840226,"Suyog Bewle","2026-09-05 19:43:35",0.94136,1,suyogbewle
2739,16862245,"Sohith Patha","2026-09-09 20:18:05",0.94136,1,sohithpatha
2740,16975725,"k240041 Mishal Fahim","2026-09-28 05:04:20",0.94135,1,k240041mishalfahim
2741,16925863,"Ruba Meftah","2026-09-19 16:17:05",0.94135,6,rubameftah
2742,16805897,kunal_singh,"2026-09-10 13:27:39",0.94135,2,kunalsingh100
2743,16898341,"Yashita Kumar","2026-09-24 06:56:31",0.94135,14,yk1409
2744,16800049,"Hoshi Hinata","2026-09-01 09:18:44",0.94135,1,hoshihinata
2745,16807588,"Batuhan Sülün","2026-09-07 13:01:54",0.94135,4,batuhansln
2746,16912591,"Vishwam Patel","2026-09-18 03:03:07",0.94135,9,vishwamp
2747,16822411,"half sugerrr","2026-09-17 12:58:30",0.94135,11,halfsugerrr
2748,16882999,"Sofia Naushad","2026-09-13 19:33:44",0.94135,3,sofianaushad
2749,16803104,"Muhammad Robith","2026-09-12 14:06:35",0.94134,8,muhammadrobith
2750,16892790,"Arijeet das 04","2026-09-22 03:03:23",0.94134,2,arijeetdas04
2751,16881802,"Byron Leukemans","2026-09-12 16:12:15",0.94134,2,byronleukemans
2752,16838405,"Goutam sharma","2026-09-09 17:26:00",0.94134,1,goutamsharma12
2753,16854910,baro_nht,"2026-09-08 16:51:54",0.94134,3,baronht
2754,16802288,a3amaT02,"2026-09-30 21:41:37",0.94134,31,a3amat02
2755,16802355,"Felicity Onwano","2026-09-16 12:32:51",0.94134,1,felicityonwano
2756,16893232,ElectroMind,"2026-09-14 23:54:09",0.94134,3,"ayashalmoliky,benalsanaani,mohammed77880"
2757,16806164,SaipraneethReddyOne,"2026-09-02 02:51:54",0.94133,1,saipraneethreddyone
2758,16875482,PSRlegend7,"2026-09-11 20:44:32",0.94133,2,psrlegend7
2759,16816958,"Zobayer Abdullah","2026-09-13 09:10:54",0.94133,5,zobayerabdullah
2760,16865274,sileighty,"2026-09-15 07:15:03",0.94133,1,sileighty
2761,16969741,"Dũng Lường","2026-09-27 05:51:45",0.94133,3,dungluonh
2762,16904639,"MULANI SANIYA JAHANGIR","2026-09-25 13:25:09",0.94133,2,mulanisaniyajahangir
2763,16919290,"ILHAM TESA ","2026-09-18 09:43:05",0.94133,1,"ilhamtesa,ndz55zdn,rifafairuz"
2764,16835635,messibeatgravity,"2026-09-05 03:43:41",0.94133,1,messibeatgravity
2765,16814657,"Akash Prajapati 01","2026-09-11 16:42:51",0.94133,7,akashprajapati01
2766,16805852,computersoul,"2026-09-22 02:57:16",0.94133,2,computersoul
2767,16962847,"YU AIIN","2026-09-30 14:59:28",0.94133,3,yuaiin
2768,16866083,"Shravani Bavkar","2026-09-10 12:01:35",0.94132,2,shravbavkar1705
2769,16853573,CNPolaris521,"2026-09-08 08:49:43",0.94132,2,cnpolaris521
2770,16839696,"Shreyas Murde","2026-09-30 16:31:40",0.94132,1,"amanansari2127,shreyasmurde"
2771,16853489,JIAWEILI0001,"2026-09-24 03:57:06",0.94132,90,jiaweili0001
2772,16885965,"K N FARHAN NAZIM","2026-09-20 05:44:54",0.94132,2,knfarhannazim
2773,16844988,"Branko Adziev","2026-09-06 21:56:06",0.94132,2,brankoadziev
2774,16973461,"Devi Permata Sari Lam","2026-09-28 02:25:19",0.94132,4,learnloop
2775,16896971,"Bhavesh Kumar","2026-09-18 05:13:13",0.94132,1,bhaveshyadav111
2776,16842209,Soham_Deshpande,"2026-09-11 04:55:55",0.94132,4,sohamdeshpande11
2777,16934684,ymaeda1125,"2026-09-21 15:05:47",0.94132,7,ymaeda1125
2778,16847005,"Andreas Granhøy-Lieng","2026-09-07 08:38:11",0.94131,1,andreasgranhylieng
2779,16898023,"Sagar Agrawal","2026-09-16 09:41:09",0.94131,7,sagawal123
2780,16940055,WUDEXING,"2026-09-22 08:19:57",0.94131,1,wudexing
2781,16801836,DevashishSoni123,"2026-09-01 18:47:48",0.94131,1,devashishsoni123
2782,16807196,i-za-world,"2026-09-10 01:28:49",0.94131,3,kizawa
2783,16858634,briskwalking53,"2026-09-29 07:23:54",0.94130,8,takayukihayakawa
2784,16824070,"Kimberly Sultan","2026-09-08 00:30:09",0.94130,2,ksultan
2785,16940579,Singhbohdivydishu,"2026-09-22 17:51:36",0.94130,1,singhbohdivydishu
2786,16879055,"Prashanta Das","2026-09-14 08:49:01",0.94130,4,prashantadas27
2787,16860647,Ievasss,"2026-09-09 13:52:39",0.94130,4,ievasss
2788,16905192,Gary,"2026-09-17 05:37:12",0.94130,1,garywangchenyue
2789,16865553,Severanceee,"2026-09-10 09:27:07",0.94130,1,severanceeeq
2790,16915494,"Cornelius Kristianto","2026-09-20 01:12:57",0.94130,2,corneliuskristianto
2791,16807955,acw511,"2026-09-02 08:34:11",0.94130,2,acw511
2792,16967082,rahfar,"2026-09-26 11:59:01",0.94129,1,airmech
2793,16843778,"riko okada","2026-09-06 13:42:59",0.94129,1,leehu2837
2794,16823975,GN,"2026-09-05 18:02:26",0.94129,2,gns100
2795,16991347,Sathya,"2026-09-30 13:37:52",0.94129,1,sathyaaaa
2796,16953785,"Asra Zibaie","2026-09-26 10:48:21",0.94129,1,asrazibaie
2797,16991741,"Coşkun kaan aki","2026-09-30 15:55:26",0.94129,2,cokunkaanaki
2798,16799430,"Zanan Pech","2026-09-02 17:37:42",0.94129,2,zananpech
2799,16932570,BalconesKeys,"2026-09-26 01:52:34",0.94129,1,balconeskeys
2800,16945027,"Tanish C","2026-09-23 09:06:44",0.94128,1,tanishc27
2801,16852647,"Syed Abue Tayeb Al-Zeyed","2026-09-08 05:39:04",0.94128,2,syedabuetayebalzeyed
2802,16821028,kapilsingh09,"2026-09-25 08:52:17",0.94128,5,kapilsingh99893
2803,16910921,Artyom,"2026-09-17 09:29:17",0.94128,3,ffggje
2804,16988764,HaroonPuzhakkal,"2026-09-30 19:43:00",0.94128,2,haroonpuzhakkal
2805,16802071,Karan,"2026-09-05 17:07:11",0.94128,5,karan9351
2806,16822559,"Muntasir Mamun396","2026-09-04 14:54:19",0.94128,2,muntasirmamun396
2807,16889213,"Struggler Omi","2026-09-14 08:15:30",0.94128,2,omkar98
2808,16933114,"shangze wu111","2026-09-21 06:19:33",0.94128,1,shangzewu111
2809,16959010,"PARTH DEWAL","2026-09-25 07:47:13",0.94128,1,parthdewal
2810,16866066,"joshi malav","2026-09-10 11:05:37",0.94128,2,joshimalav
2811,16859319,jesusvivo,"2026-09-13 10:53:12",0.94128,1,jesusvivo
2812,16924469,"Luke Smith","2026-09-26 05:02:33",0.94127,1,lukesmith44
2813,16832701,"Aikantic Maitra","2026-09-05 16:04:53",0.94127,3,aikanticmaitra
2814,16840350,"Mikołaj Dybizbański","2026-09-08 12:33:12",0.94127,1,mikoajdybizbaski
2815,16868033,"Vivek Teja","2026-09-14 20:37:06",0.94127,4,vivektejaraju
2816,16888375,PhalacrocoraxCarbo,"2026-09-15 00:54:27",0.94127,6,phalacrocoraxcarbo
2817,16865297,hcbyun0408,"2026-09-20 04:39:02",0.94127,3,hcbyun0408
2818,16944199,Hakid999,"2026-09-23 22:32:00",0.94127,4,hxakxids
2819,16885843,"chutian Chen","2026-09-13 12:40:55",0.94127,2,chutianchen123
2820,16922262,"BODJRENOU Marcellin Vignon","2026-09-30 20:25:21",0.94126,7,marcellinbodjrenou
2821,16921073,"Smati Anis","2026-09-23 08:55:11",0.94126,14,smatianis
2822,16969977,"Dale Kube","2026-09-27 03:52:47",0.94126,1,dalekube
2823,16806818,"Nidhi Tiwari","2026-09-03 04:00:39",0.94126,1,nidhitiwari4
2824,16849958,LicheA13,"2026-09-10 06:05:01",0.94125,2,lichea13
2825,16943018,TarunSingh2002,"2026-09-29 21:35:48",0.94125,1,tarunsingh2002
2826,16862372,"Gigin George Mathew","2026-09-09 18:22:38",0.94125,2,gigingeorgemathew
2827,16858774,"Muhammad Zalan","2026-09-13 06:32:00",0.94125,1,mohammadzalan1
2828,16855421,"REVANTH CHOWDARY AREKATLA","2026-09-09 17:07:24",0.94125,2,revanth3897
2829,16807250,"Arin Avanoosyan","2026-09-02 21:51:46",0.94125,2,arinavanoosyan
2830,16918386,AquamarinHoshino,"2026-09-26 07:20:23",0.94124,23,aquamarinhoshino
2831,16918389,"Harrison Law","2026-09-18 09:44:48",0.94124,3,harrisonlaw
2832,16802779,"Đào Minh Thuấn 🎖️","2026-09-20 03:57:15",0.94124,2,thuandao
2833,16910709,Athreya2007,"2026-09-17 07:31:26",0.94124,5,athreya2007
2834,16968814,"Joud Mm","2026-09-27 23:42:05",0.94123,1,joudmm
2835,16842401,Nidhal,"2026-09-06 12:26:29",0.94123,3,znidhal
2836,16884710,"Dipali maurya","2026-09-17 13:15:04",0.94123,1,dipalimaurya565
2837,16973968,Amjedalabsy,"2026-09-27 19:09:34",0.94123,1,amjedalabsy
2838,16904932,"Huang Shih Lun","2026-09-16 08:00:38",0.94123,3,scu05170230
2839,16927403,"Harish Varma Chintalapati","2026-09-20 22:54:06",0.94123,2,hvc007
2840,16985489,kolganovdan,"2026-09-30 07:32:24",0.94123,1,"elenalesh,kolganovdan"
2841,16939776,"Md.Mahfujul Karim Sheikh","2026-09-24 04:58:06",0.94123,7,mdmahfujulkarim
2842,16938781,Cachurro,"2026-09-22 21:17:57",0.94122,2,cachurro
2843,16895095,Fede977,"2026-09-15 12:34:11",0.94122,1,fede977
2844,16884423,ravina,"2026-09-14 05:46:26",0.94122,12,piratesofmonotony
2845,16799500,"Muhammad Awais Tariq","2026-09-06 02:33:36",0.94122,2,muhammadawaistariq87
2846,16801470,"Rohan Dsouza","2026-09-01 09:24:01",0.94122,1,rohandsouza003
2847,16854418,"Trọng Lê","2026-09-08 18:35:20",0.94122,2,fuchonghihihi
2848,16923506,"Dilsha A","2026-09-19 12:59:16",0.94122,2,dilshaminnu
2849,16803904,"NAGIREDY SURYA","2026-09-03 15:24:29",0.94122,5,nagiredysurya
2850,16878522,twofacedfour,"2026-09-13 17:29:46",0.94121,3,twofacedfour
2851,16799135,"Aqib Raza","2026-09-01 04:02:20",0.94121,1,aqibrazadev
2852,16980136,"Anandha Dinesh","2026-09-28 18:26:26",0.94121,1,anandha003
2853,16855616,Eagle888,"2026-09-08 18:04:22",0.94121,3,eagle888
2854,16944114,"Anushri Noriya","2026-09-30 17:16:05",0.94121,1,anushrinoriya
2855,16941972,"Ben Voss","2026-09-22 16:52:10",0.94121,1,blvoss
2856,16846637,"Saad M Khan","2026-09-08 14:04:22",0.94121,1,saadkhanxdcatalyst
2857,16809386,"Shobhit kumar","2026-09-03 08:23:06",0.94121,1,shobhitkumar29
2858,16844030,rodea0952,"2026-09-10 14:41:24",0.94120,2,ryutohosokawa
2859,16893236,"احمد احمد","2026-09-14 22:52:50",0.94120,4,pic66474
2860,16842405,"Arnav Shendurnikar","2026-09-09 05:55:58",0.94120,6,arnavshendurnikar
2861,16950699,hpp666,"2026-09-24 06:28:33",0.94120,1,ppplovepeace
2862,16954038,"Yakovleva Tamara","2026-09-24 15:54:05",0.94120,5,yakovlevatamara
2863,16938934,Kanade147359,"2026-09-22 02:27:16",0.94120,1,kanade147359
2864,16866216,k240042Manahil,"2026-09-10 11:27:55",0.94120,1,k240042manahil
2865,16982834,MoonMancer,"2026-09-29 10:48:46",0.94119,1,cjh718
2866,16957814,samuelson,"2026-09-25 02:59:03",0.94119,1,samuelson1004
2867,16893370,IvanYakovl,"2026-09-23 23:04:14",0.94119,1,ivanyakovl
2868,16930954,"michele fresneda","2026-09-20 19:31:06",0.94119,1,michelefresneda
2869,16954593,Coding-Smurf,"2026-09-24 16:39:40",0.94119,2,codingsmurf
2870,16962624,Pulkit,"2026-09-27 17:07:36",0.94119,2,pulkit1985
2871,16888726,"Ankit Kumar","2026-09-14 06:12:09",0.94119,1,e404ankitfound
2872,16823765,"Arda Baran Baytar","2026-09-04 02:32:04",0.94119,1,ardabaranbaytar
2873,16954305,merthyn,"2026-09-24 15:52:45",0.94119,1,merthyn
2874,16944431,"Teresa Ferrill","2026-09-23 04:28:56",0.94118,1,teresaferrill
2875,16839214,field996,"2026-09-06 01:36:13",0.94118,1,field996
2876,16888820,"Kirill Gubkin","2026-09-14 04:33:21",0.94118,1,kirillgubkin
2877,16929421,"Anjali Ajith","2026-09-27 08:41:45",0.94117,4,anjaliajith99
2878,16984817,MysticalDawn,"2026-09-29 13:11:05",0.94117,1,mysticaldawn
2879,16936312,"Daniel Khusainov","2026-09-23 16:33:35",0.94117,1,danielkhusainov
2880,16822737,"Shaurya Handu","2026-09-03 18:26:58",0.94117,2,shauryahandu
2881,16856820,"Kolybalova Anastasia ","2026-09-09 18:38:48",0.94117,7,kolybalovaanastasia
2882,16931015,"Adi Nath Bhawani","2026-09-21 08:42:08",0.94116,10,adinathbhawani
2883,16951488,Martial_Gautam,"2026-09-24 14:44:44",0.94116,2,martialgautam
2884,16894470,mynameisrafay,"2026-09-18 04:59:45",0.94116,21,mynameisrafay
2885,16958918,"Parth Pathak","2026-09-25 06:06:00",0.94115,1,piyush047
2886,16922040,sdfdfgh,"2026-09-19 19:17:17",0.94115,8,torshkadasdas
2887,16967157,"Victor Simba","2026-09-29 22:53:47",0.94115,1,victorsimba
2888,16810086,"Akash Babu","2026-09-10 20:57:53",0.94115,2,akashbabu17
2889,16803861,jakeyjokey,"2026-09-01 17:33:47",0.94115,4,jakeyjokey
2890,16823320,"Orlando Virginio Penha Junior","2026-09-29 00:46:25",0.94115,4,orlandovpjunior96
2891,16890960,aonama,"2026-09-15 15:34:17",0.94115,1,aonama
2892,16864551,"[Deleted] 3f8a9d58-59d4-46a5-9e1d-5bb70f7c9c09","2026-09-10 06:06:53",0.94115,3,del=85c4488145403dee
2893,16868880,"Denis Zhuk","2026-09-11 08:25:41",0.94115,1,dead4an
2894,16843285,yamauchi,"2026-09-08 06:35:51",0.94115,4,yamauch1
2895,16907118,TPranavl231269,"2026-09-16 17:15:20",0.94114,1,tpranavl231269
2896,16976183,"MANE SAMARTH SUNIL","2026-09-29 10:20:14",0.94114,2,manesamarthsunil
2897,16959330,"LOHAR OM RAJENDRA","2026-09-29 08:48:12",0.94114,1,loharomrajendra
2898,16935776,"Mythili S","2026-09-29 10:04:30",0.94114,1,mythili2902
2899,16798912,"Elnur Bairamov","2026-09-10 02:34:03",0.94114,5,elnurbairamov
2900,16865529,"David C. Langat","2026-09-24 08:49:09",0.94114,1,davidlangatkirui
2901,16805389,"Emir Delipınar","2026-09-01 20:55:22",0.94114,3,emirdelipnar
2902,16846395,"Davit Khantadze","2026-09-11 13:42:39",0.94114,11,davitkhantadze
2903,16822564,"Linus Henneberger","2026-09-29 23:55:53",0.94113,18,linushenneberger
2904,16868039,"Lev Beloussov","2026-09-11 20:18:40",0.94113,5,lev1106
2905,16846909,qqq123321,"2026-09-07 08:26:10",0.94113,1,qqq123321
2906,16805576,Orochimaru,"2026-09-18 22:07:34",0.94113,6,ishan8061
2907,16799521,"Süleyman Yılmaz","2026-09-30 08:39:31",0.94112,16,slymnylmz
2908,16986434,FenicP,"2026-09-29 18:26:49",0.94111,4,"fenicp,taniavargasmartinez"
2909,16986126,CAU53744-T02,"2026-09-30 06:26:40",0.94111,7,"moonsunmoor,omargadimli,torvaldripel"
2910,16861845,"Yash Sansare","2026-09-30 15:21:22",0.94111,1,yashs1010
2911,16799355,"Mr Robot","2026-09-01 06:16:42",0.94110,3,hngnguynnn
2912,16844637,Azzam,"2026-09-06 19:23:22",0.94110,1,iltizamhasann
2913,16934430,"Shreyansh Singh #2","2026-09-22 04:20:28",0.94110,2,shreyanshsingh7777
2914,16839806,"Довыдовский Назар","2026-09-05 18:20:56",0.94110,1,nazzzrr
2915,16960772,"Александр Павлов","2026-09-25 16:12:30",0.94109,1,aapv17
2916,16881055,Kentsik,"2026-09-12 12:30:30",0.94109,1,kentsik
2917,16891446,Actuallyhrishi,"2026-09-15 13:48:51",0.94109,2,actuallyhrishi
2918,16926251,"Артём Мелёхин","2026-09-19 17:54:53",0.94109,2,milonity
2919,16943357,kpsarn,"2026-09-22 20:43:33",0.94108,1,kpsarn
2920,16951755,"Munesh Kumar","2026-09-27 15:42:39",0.94108,2,k250967muneshkumar
2921,16927052,"zhjian duan","2026-09-30 12:50:21",0.94108,1,zhjianduan
2922,16933392,"Sk Mastansaheb ","2026-09-21 04:03:06",0.94108,1,skmastansaheb
2923,16876744,"Angella Semu","2026-09-11 22:31:29",0.94108,1,angellasemu
2924,16810459,"Hoso Badalyan","2026-09-26 11:37:21",0.94108,6,hosobadalyan
2925,16805233,"Ryan Dave Fernandes","2026-09-06 08:23:47",0.94107,5,ryandavefernandes
2926,16894893,roa0605,"2026-09-15 08:42:18",0.94107,1,roa0605
2927,16879834,蔵田雄基,"2026-09-25 23:30:47",0.94107,2,crutch1126
2928,16810461,"Bekama Regasa Negewo","2026-09-03 06:20:41",0.94107,1,bekamaregasanegewo
2929,16799142,mcotton,"2026-09-08 21:16:09",0.94107,1,mcotton
2930,16940780,"Ashmit Rana","2026-09-23 12:20:50",0.94107,10,ashmitrana110
2931,16908690,"özgür can doğan","2026-09-16 21:29:11",0.94106,1,zgrcandoan
2932,16823384,Vanshika0902,"2026-09-16 04:11:51",0.94106,10,vanshika0902
2933,16889915,"Anunake Yaipongsakorn","2026-09-14 07:13:53",0.94106,2,anunakeyaipongsakorn
2934,16845270,"Kacper Lipiec","2026-09-07 08:09:20",0.94106,1,kacperlipiec
2935,16839273,"Junya _318","2026-09-09 14:32:49",0.94105,2,junya318
2936,16808632,"Emmanuel Felix","2026-09-02 14:39:40",0.94105,1,manuelfelix
2937,16838573,"huanxian chen","2026-09-10 07:50:31",0.94105,2,huanxiachen
2938,16852940,bmax16634,"2026-09-11 18:42:47",0.94105,2,bmax16634
2939,16867511,"[Mali12]Aboubacar Diarra","2026-09-10 15:40:24",0.94105,1,aboubacardiarra1810
2940,16832100,Stormy.kaggle,"2026-09-04 19:08:15",0.94105,2,stormykaggle
2941,16893034,600944_ธนวัฒน์,"2026-09-15 11:32:14",0.94104,2,tanawatrun
2942,16897011,"Shivansh Mehrotra","2026-09-17 12:18:47",0.94104,1,shivanshmehrotra23
2943,16864916,THARUNC,"2026-09-10 06:20:59",0.94104,1,tharunc2006
2944,16846170,Sentinels,"2026-09-07 06:40:58",0.94104,1,vaishnavik1409
2945,16848414,"Yossef Elshamy","2026-09-08 04:49:51",0.94103,3,yossefelshamy
2946,16879457,"Shiddu Kuppast","2026-09-22 14:33:58",0.94103,3,shiddukuppast
2947,16978113,"Gulshan Rajdev","2026-09-29 18:09:57",0.94103,3,gulshanrajdev
2948,16925917,Ayush90Sharma,"2026-09-19 16:37:52",0.94103,1,ayush90sharma
2949,16803869,"Kevin Villeda De Leon","2026-09-01 17:50:31",0.94102,4,kevinvilledadeleon
2950,16823984,"Ibhi Yassine","2026-09-14 11:43:39",0.94102,5,ibhiyassine
2951,16895816,Akrome,"2026-09-22 00:19:44",0.94102,15,akrome
2952,16859703,"Giorgos Lymperis","2026-09-13 22:47:46",0.94102,1,giorgoslyberis
2953,16808669,SriAliasBobby,"2026-09-21 19:23:41",0.94102,22,srialiasbobby
2954,16927528,석유한사발,"2026-09-22 10:05:51",0.94102,8,bbty0310
2955,16855296,"Akash Kailas Nagdive","2026-09-10 05:44:27",0.94101,1,akashkailasnagdive
2956,16886106,porzlck,"2026-09-14 09:55:34",0.94101,1,orzlck
2957,16799847,有浦大貴,"2026-09-07 04:54:25",0.94101,8,taikiariura
2958,16971627,"Tiana Verma","2026-09-27 15:39:10",0.94101,5,"sheetal18,tianaverma"
2959,16954214,shoheimoriyama,"2026-09-24 14:12:12",0.94101,1,shoheimoriyama
2960,16927937,"Hyeon Seo Yong","2026-09-22 06:50:53",0.94101,1,hyeonseoyong
2961,16905875,"NYIRIHIRWE Olivier","2026-09-16 12:06:16",0.94100,2,nyirihirweolivier
2962,16840476,Qingge96,"2026-09-05 16:39:49",0.94100,1,qingge96
2963,16833306,"JC Alicaway","2026-09-17 23:26:13",0.94100,1,jcalicaway
2964,16802689,"Andrey K.","2026-09-01 16:49:02",0.94100,3,heelhook
2965,16914578,Selfie123,"2026-09-17 14:13:20",0.94100,1,selfie123
2966,16822536,"Chinedum Chijindu","2026-09-29 12:13:17",0.94100,1,chinedumchijindu
2967,16803239,"Mohammed Nafay Ali","2026-09-03 04:12:04",0.94100,2,mohammednafayali
2968,16810465,DavitPoghosyan2007,"2026-09-04 16:42:52",0.94100,2,davitpoghosyan2007
2969,16979815,CAU53744-T06,"2026-09-30 13:39:58",0.94099,3,locshang
2970,16807235,AdityaRai,"2026-09-22 06:07:27",0.94099,1,raia91268
2971,16826596,陈思危大王,"2026-09-04 07:33:32",0.94099,1,csw2023302141216
2972,16885584,Dushmilan,"2026-09-13 11:13:54",0.94099,1,dushmilan
2973,16857845,"Himanshu Dhiman","2026-09-09 04:04:09",0.94099,1,hmnshudhmn24
2974,16916537,"Hüseyin Karaduman","2026-09-18 12:32:01",0.94099,3,hsynkrdmn
2975,16934926,"shivam maharanwar","2026-09-21 09:42:19",0.94099,2,shivammaharanwar
2976,16866812,"Rishi Jha","2026-09-10 14:28:40",0.94098,1,rishijha0910
2977,16979710,"Sai Prabhav (Sai Prabhav)","2026-09-28 17:54:39",0.94098,3,saiprabhavsaiprabhav
2978,16806021,"Yung Kam Lun","2026-09-02 05:49:58",0.94097,1,yungkamlun
2979,16808968,"Aditya Kamtikar","2026-09-02 13:55:41",0.94097,2,adityakamtikar
2980,16974620,"Max Yap","2026-09-28 19:26:14",0.94097,1,maxyap
2981,16954594,JoaquínVC,"2026-09-24 18:17:10",0.94096,1,joaqunvc
2982,16805981,"Loretta Kovács","2026-09-29 18:55:11",0.94096,1,lorettakovcs
2983,16934857,"Carl Emil Gadegaard Gjørup","2026-09-21 08:58:34",0.94096,1,carlgoijer
2984,16933284,"peng duan","2026-09-22 07:23:43",0.94096,2,kaggle172
2985,16866832,"MohammadEsmaeil Nikbakhsh","2026-09-11 19:39:12",0.94095,1,ms20237
2986,16805711,shinchisaito,"2026-09-02 01:01:03",0.94095,1,shinchisaito
2987,16830545,"Petchiammal Devi","2026-09-21 12:06:39",0.94094,2,"petchiammaldevi,preethi2296,ratthikasiva07"
2988,16799075,"Monique Senjaya","2026-09-01 09:56:42",0.94094,2,moniquesenjaya
2989,16799358,"Faria Shahid","2026-09-08 06:21:46",0.94093,4,fariashahid
2990,16886663,"surya prakash Nayak2","2026-09-14 05:22:25",0.94093,3,suryaprakashnayak2
2991,16877450,"Ansh Mahoviya","2026-09-30 06:29:52",0.94093,1,anshmahoviya
2992,16978859,okaynotok,"2026-09-30 12:14:10",0.94093,1,thesober001
2993,16885857,Y1Jun0000,"2026-09-15 01:45:02",0.94093,2,y1jun0000
2994,16989032,24F3005230,"2026-09-30 07:32:43",0.94092,5,anisha24f3005230
2995,16879449,Devarsh203shah,"2026-09-19 09:14:21",0.94092,7,devarsh203shah
2996,16829765,"George Othon","2026-09-06 01:26:16",0.94092,12,georgeothon
2997,16887798,Wade2615,"2026-09-14 03:04:28",0.94091,1,wade2615
2998,16893088,"حمود الجرمي","2026-09-15 22:40:44",0.94091,7,hmwdaljrmy3
2999,16875810,"Prabhat Lodhi","2026-09-19 11:38:34",0.94091,1,prabhatlodhi
3000,16937947,"Mohammad Hosein Mozafary","2026-09-25 19:34:35",0.94091,1,mohammadhmozafary
3001,16854511,"Renan Braga","2026-09-14 17:13:16",0.94091,2,renanbragac
3002,16909911,"Rahul Kumar Singh","2026-09-17 09:27:04",0.94090,2,singha07
3003,16881492,"Niccolò Dell'Agnello","2026-09-12 16:34:06",0.94090,2,niccoldellagnello
3004,16924537,malek2375,"2026-09-27 18:09:33",0.94090,3,malek2375
3005,16805461,OTA_1,"2026-09-11 15:26:00",0.94090,5,"creativesxtra,dolajyd,johnjojewale"
3006,16802685,"Luca Lullo","2026-09-30 17:42:29",0.94090,25,lucalullo
3007,16887321,Lonnie,"2026-09-14 00:43:26",0.94089,2,lonnieqin
3008,16965871,"Mouleshwar Saravanan","2026-09-28 15:32:32",0.94089,3,mouleshwarsaravanan
3009,16810130,Sivu_Nzimeni,"2026-09-23 19:01:57",0.94089,50,sivunzimeni
3010,16881796,"Humayra Afia","2026-09-12 15:54:29",0.94089,1,humayraafia
3011,16823491,Dana,"2026-09-03 21:10:38",0.94089,1,de3xie
3012,16925042,Arjun,"2026-09-19 11:27:29",0.94089,1,arjun248
3013,16803809,ElenaSuperWoman,"2026-09-01 16:28:28",0.94089,1,elenasuperwoman
3014,16908966,"Wei Hao Chan","2026-09-22 20:49:11",0.94088,2,weihaochan
3015,16980379,"Roshan Vishwanath","2026-09-28 18:55:19",0.94088,1,naniroshan
3016,16865943,"Okeanu Michael","2026-09-24 16:41:51",0.94088,2,okeanumichael
3017,16927806,"Mick Yama","2026-09-22 06:25:14",0.94088,3,mickyama
3018,16916860,Aribaa.s,"2026-09-17 20:53:40",0.94087,1,aribaas
3019,16968552,"Guy Movshovich","2026-09-27 08:42:02",0.94087,1,guymovshovich
3020,16848389,Eric,"2026-09-20 08:24:16",0.94087,7,hamstard
3021,16840457,都甲健翔,"2026-09-08 10:25:35",0.94087,2,kento628
3022,16831932,Kelimm,"2026-09-11 18:38:16",0.94087,1,kelimm
3023,16819882,eisu_kgl,"2026-09-12 14:41:47",0.94085,4,eisu34
3024,16954726,"Matsuda Kenta","2026-09-26 03:24:32",0.94085,2,kenken38
3025,16800841,OmeiOgami,"2026-09-01 11:14:29",0.94085,3,omeiogami
3026,16953827,Kouk70,"2026-09-24 14:33:11",0.94085,2,kouk70
3027,16830905,Xhxxcc,"2026-09-08 08:54:15",0.94084,2,xhxxcc
3028,16805239,"Kamil Nazarli","2026-09-15 12:05:05",0.94084,11,kamil9999
3029,16859184,"CHEN Qiyue","2026-09-09 09:46:27",0.94084,1,hmtychen
3030,16840732,"Артём Попов","2026-09-21 10:53:09",0.94083,1,combich
3031,16875727,"David Pintea","2026-09-24 15:58:31",0.94083,1,davidpintea
3032,16845957,"Zaine Ancheta","2026-09-07 16:26:52",0.94082,1,zaine2k
3033,16973295,Meet,"2026-09-27 20:11:31",0.94082,1,meet212
3034,16867812,"Priya yadav","2026-09-10 18:13:33",0.94082,1,impriya12
3035,16946889,"Yao Yingying12","2026-09-30 12:57:02",0.94082,2,yaoyingying12
3036,16878057,"Kayrahan sarnıç","2026-09-17 22:14:44",0.94082,2,kayrahansarn
3037,16805088,"Ankita Gupta","2026-09-14 18:05:58",0.94082,1,ankitaguptaindia
3038,16871374,"Steven Zhu","2026-09-11 08:20:18",0.94082,4,stevenzzhu
3039,16858596,"Christian Kent Bayani","2026-09-16 22:30:47",0.94082,1,kent0170
3040,16860240,"Tanuj Saxena","2026-09-09 12:34:22",0.94082,3,tanujsaxena
3041,16805529,"Brisa Marina","2026-09-07 00:39:53",0.94081,2,brisamarina
3042,16881089,"craig sid","2026-09-13 10:27:08",0.94081,3,craigsid
3043,16858056,"Karolos Liveris","2026-09-09 05:54:39",0.94080,1,karolosliveris
3044,16802086,Prakash,"2026-09-10 16:43:16",0.94080,12,mlkash
3045,16924686,Erik.M,"2026-09-19 13:12:24",0.94079,1,harharharhar
3046,16845650,zzzzzql,"2026-09-16 02:38:51",0.94079,5,zzzzzql
3047,16950262,"Павел Ким","2026-09-24 03:04:56",0.94077,2,pishka12
3048,16897584,"Thibault KOBLER","2026-09-24 15:29:37",0.94077,1,thibaultkobler
3049,16897205,im425090,"2026-09-23 09:54:56",0.94077,5,im425090
3050,16842525,Bandi04a,"2026-09-20 10:36:43",0.94076,3,bandi04a
3051,16965401,Sihai1993,"2026-09-26 22:05:11",0.94076,3,sihai1993
3052,16840931,Aaliyan_Shaikh,"2026-09-21 18:29:05",0.94076,1,aaliyanshaikhhh
3053,16905952,Daniya_prakasham,"2026-09-28 10:32:46",0.94075,5,daniyaprakasham
3054,16921067,"Nguyễn Cường","2026-09-19 05:04:57",0.94075,1,nguyncngo
3055,16926853,"Antti Toivanen","2026-09-21 15:18:07",0.94075,4,anttitoivanen
3056,16806574,吉澤　隆生,"2026-09-24 09:31:28",0.94075,1,ryuuyoshizawa
3057,16941395,brinzazxc,"2026-09-26 16:21:06",0.94075,1,brinzazxc
3058,16828370,"Antonio Paul","2026-09-04 17:05:32",0.94074,1,antoniopaul
3059,16859188,Avichal,"2026-09-21 19:35:09",0.94073,1,avichalsingh
3060,16845070,Saif_Ashraf,"2026-09-10 08:38:18",0.94073,6,saifashraf232
3061,16984406,xxluo13,"2026-09-29 14:29:52",0.94073,1,xxluo13
3062,16842741,"Ilya Den","2026-09-13 20:49:09",0.94073,5,ilyaden
3063,16864942,"Dhruv Chakraborty","2026-09-10 10:23:26",0.94072,1,dhruv07321
3064,16920840,taiki,"2026-09-27 13:57:59",0.94072,6,taikiickw
3065,16916763,Rishabh_1112,"2026-09-27 15:09:34",0.94071,1,syntaxbreaker
3066,16877664,fursbi,"2026-09-12 19:08:39",0.94071,6,fursbi
3067,16843900,"Dharin Dave","2026-09-09 17:49:08",0.94071,2,"dharindave120703,prathmeshkolekar"
3068,16872131,yalmawka,"2026-09-14 18:39:41",0.94070,2,yalmawka
3069,16930733,"Kirti K","2026-09-21 17:06:54",0.94070,1,kirtikn
3070,16876317,AsrielA,"2026-09-16 23:26:18",0.94070,1,asriela
3071,16805031,"arend jansen","2026-09-06 19:07:39",0.94070,1,arendjansen
3072,16924617,"Aditi Joshi","2026-09-19 11:27:13",0.94070,3,crazzieaj
3073,16843326,"Chirel Chi","2026-09-07 14:32:01",0.94070,1,chirelchi
3074,16849461,"Israa Saede","2026-09-12 13:39:02",0.94069,1,esraaalsaeede
3075,16936379,"Vinit Prohitham","2026-09-24 16:13:05",0.94069,1,vinitprohitham
3076,16798919,"Gopi Krishnan R","2026-09-01 16:55:00",0.94068,1,gopikrishnan2005
3077,16932347,"Ankur Agarwal","2026-09-20 21:33:48",0.94068,2,ankur98
3078,16971641,yuu0252,"2026-09-27 11:43:12",0.94068,1,yuu0252
3079,16814301,"Nilesh Singh","2026-09-04 07:14:22",0.94067,1,nileshsingh09
3080,16981185,"TAKANORI ANDO","2026-09-28 22:20:59",0.94067,1,takanoriando
3081,16860865,"Rohith J","2026-09-26 19:48:54",0.94066,2,rohiththomas
3082,16861035,"Gauri Maruti Katkar","2026-09-09 14:22:28",0.94065,1,gaurikatkar
3083,16907842,"Shahid Hussain","2026-09-16 22:31:49",0.94064,1,shah1dhussain
3084,16860836,Dong,"2026-09-22 00:44:30",0.94064,2,dongstat
3085,16933458,"menuka prasad","2026-09-27 11:02:17",0.94063,1,menukaprasad
3086,16915503,"Hoai Tran Huynh Bao","2026-09-21 14:08:03",0.94062,4,hoaitranhuynhbao
3087,16805227,"Lucius Neo","2026-09-04 16:54:23",0.94062,1,lucius000
3088,16916945,Knixee,"2026-09-18 17:44:33",0.94061,2,knixee
3089,16963720,PrinceRj,"2026-09-26 10:53:50",0.94061,3,princerj
3090,16809424,"Doodle Peach","2026-09-03 14:25:58",0.94060,1,doodlepeach
3091,16799219,Samekto,"2026-09-01 03:57:47",0.94060,2,samekto
3092,16942136,"Audi Stephen","2026-09-30 13:11:24",0.94060,1,audistephen
3093,16897275,Csylon,"2026-09-25 12:28:25",0.94060,1,shimheon
3094,16822670,AndNov,"2026-09-20 09:49:02",0.94060,1,andnov
3095,16992886,CAU53744-T07,"2026-09-30 17:42:34",0.94059,4,taissey
3096,16986805,"Nadia de Santiago","2026-09-29 20:20:00",0.94059,1,nadiadesantiago
3097,16799853,"Aum Patel 131","2026-09-02 03:56:00",0.94058,9,aumpatel131
3098,16881274,"Jinfang Zhang","2026-09-30 15:45:59",0.94057,1,jinfangzhang
3099,16832489,"Sarp Esenli","2026-09-04 20:38:31",0.94057,1,sarpda
3100,16921721,"Vivek Saravanan","2026-09-28 03:43:30",0.94057,2,viveks295
3101,16838545,"Văn FIFA","2026-09-06 01:37:48",0.94056,1,vnfifa
3102,16951202,"Savirigana Swami","2026-09-26 11:51:58",0.94056,1,saviriganaswami
3103,16985519,CAU53744-T04,"2026-09-30 15:51:24",0.94055,7,rhddnjs1974
3104,16890002,Pjankov_Mikhail_3384,"2026-09-14 16:10:36",0.94055,5,michaelpjankov
3105,16904968,Macoo68,"2026-09-18 05:30:27",0.94054,3,macoo68
3106,16857786,sanobertin,"2026-09-29 22:27:42",0.94054,1,sanobertin
3107,16817864,ultrayyy,"2026-09-22 13:09:57",0.94054,4,ultrayyy
3108,16810453,"Arsen Ishkhanian","2026-09-02 18:32:02",0.94054,1,arsenishkhanian
3109,16954327,"Samuel Uraj","2026-09-29 19:40:34",0.94052,2,samuel282006
3110,16808827,"Joel Rautavaara","2026-09-02 12:40:48",0.94050,1,joelrautavaara
3111,16933133,Sponetics,"2026-09-21 03:17:48",0.94050,2,sponetics
3112,16919525,"Dhia Mrabet","2026-09-18 14:34:02",0.94050,2,dhiamrabet
3113,16966839,"Yang Zhou","2026-09-26 11:52:37",0.94049,4,yaaangzhou
3114,16921571,"Abdulrahman Alhendi","2026-09-25 14:22:07",0.94047,1,abdulrahmanalhendi
3115,16812617,fixedstarK,"2026-09-03 17:14:21",0.94047,1,koseikaida
3116,16800107,masayasuonodera,"2026-09-30 15:38:23",0.94046,3,masayasuonodera
3117,16881063,KevinBastawrous,"2026-09-12 14:07:31",0.94046,1,kevinbastawrous
3118,16806595,chuan-chih,"2026-09-03 06:27:07",0.94046,3,meowlu
3119,16904236,"Abhra Jaiswal","2026-09-21 15:15:19",0.94044,2,abhrajaiswal
3120,16802339,Yashika202006,"2026-09-19 16:37:32",0.94043,6,yashika202006
3121,16850442,ElvisHe,"2026-09-23 21:06:02",0.94042,2,jakcyhe
3122,16894130,itmirsx,"2026-09-15 03:43:49",0.94042,1,readidno
3123,16925922,"Rohan Kumar","2026-09-20 06:25:00",0.94039,3,rohansinghchauhan03
3124,16852548,Kunal_Anand7222,"2026-09-08 05:29:01",0.94038,1,kunalanand7222
3125,16886608,"Mayuresh Mane","2026-09-14 08:16:28",0.94038,2,mayureshmane123
3126,16875784,"Rawat Harsh","2026-09-29 15:52:41",0.94037,1,rawatharsh188
3127,16865441,HendraDanuSaputraChauwito,"2026-09-10 09:31:04",0.94034,2,usilisme
3128,16866600,Buzzo666,"2026-09-11 14:40:54",0.94034,2,buzzo666
3129,16853385,"Eshan Osman","2026-09-10 11:00:54",0.94033,2,eshanishere
3130,16802321,rail2478,"2026-09-30 20:01:13",0.94032,14,rail2478
3131,16963562,"Rishi Enugala","2026-09-25 23:54:33",0.94031,2,rishienugala
3132,16929667,kirill,"2026-09-20 13:52:53",0.94031,10,kirishafpv
3133,16799449,Dhol_Aman,"2026-09-01 06:21:50",0.94030,1,dholaman
3134,16847847,"Mahyar Rajaei","2026-09-07 14:24:22",0.94030,7,mahyarrajaei
3135,16804049,"Vijesh Kumar 45","2026-09-08 11:19:40",0.94027,1,vijeshkumar45
3136,16845212,"Zhang Ying","2026-09-23 14:30:37",0.94027,1,zhangyingkk
3137,16967335,"Jai Agrawal","2026-09-30 09:38:38",0.94026,4,jaijan10
3138,16808999,Magnus,"2026-09-04 09:42:07",0.94022,2,plshelpme
3139,16881713,"R4N99a NGRO","2026-09-12 16:41:52",0.94020,5,r4n99angro
3140,16842799,VaishnxviUchiha_,"2026-09-06 09:40:02",0.94019,2,vaishnxviuchiha
3141,16926087,"Haadi Tasleem Zargar","2026-09-20 05:58:53",0.94017,1,haaditasleemzargar
3142,16800206,KenRit,"2026-09-03 10:41:34",0.94016,1,kenrit
3143,16856109,"Zakaria Hanir","2026-09-08 19:25:20",0.94015,3,zakariahanir
3144,16890769,Nikolay,"2026-09-25 15:35:42",0.94015,1,nikolaykrd
3145,16936846,"Yuichi Yoshino","2026-09-27 13:01:17",0.94014,1,yuichiyoshino
3146,16920271,MGi2911,"2026-09-19 10:07:52",0.94012,1,mgi2911
3147,16862273,"kogul s","2026-09-09 18:55:12",0.94012,2,kogullll
3148,16873030,TanoPereira,"2026-09-11 16:06:40",0.94012,4,tanopereira
3149,16952863,"Chappa Rajesh","2026-09-26 12:11:43",0.94011,1,chapparajesh
3150,16951179,"Venkata Rao Reddy","2026-09-26 11:32:17",0.94011,1,venkataraoreddy
3151,16847252,yxxchh,"2026-09-07 11:59:28",0.94010,3,yxxchh
3152,16959177,"Jeremias Cabrera","2026-09-26 02:32:06",0.94006,1,jeremiascabrera
3153,16827814,ShivanshDut,"2026-09-04 11:00:31",0.94003,3,shivanshdut
3154,16922939,"SAKSHAM CHAUHAN","2026-09-19 17:12:08",0.93999,1,sakshamchauhan003
3155,16885856,"Công Nguyễn Chí","2026-09-13 12:32:46",0.93999,1,chicongnguyen
3156,16963065,Tensor,"2026-09-26 07:22:13",0.93997,1,"anayatasinha,pranavkumar1685"
3157,16930525,"Ali Hanapiah","2026-09-22 07:57:45",0.93996,5,alihanapiah
3158,16885144,Fail-Safe,"2026-09-13 18:01:47",0.93996,1,kennethnyanteh
3159,16848589,"Chirayu Gupta09","2026-09-07 21:34:45",0.93996,2,chirayugupta09
3160,16802309,funtik,"2026-09-17 13:37:22",0.93995,11,"arsenyvetkasov,brattsew"
3161,16803006,DDQQ,"2026-09-04 13:10:50",0.93994,6,onjrey
3162,16970518,gigint,"2026-09-27 08:17:48",0.93992,1,gigint
3163,16851300,"yousef Elshahat","2026-09-10 15:23:47",0.93991,1,yousefelshahat2
3164,16885833,"Sergiy Kazanin","2026-09-13 19:35:27",0.93989,1,sergiykazanin
3165,16805823,sunset7651,"2026-09-30 21:24:10",0.93988,2,sunset7651
3166,16810931,DP,"2026-09-30 22:56:58",0.93985,14,dmitrypimenov99
3167,16944374,kyuuuuro,"2026-09-23 04:48:56",0.93982,1,kuromaru4869
3168,16842123,"Vecheslav Eremeev","2026-09-06 05:36:57",0.93980,1,lorddiablo74
3169,16799464,"Ryota Tanaka","2026-09-10 22:16:54",0.93976,4,toyodart
3170,16859694,priya@1234556,"2026-09-09 10:57:58",0.93972,1,priya1234556
3171,16975730,"amna zahid30","2026-09-28 05:18:27",0.93969,2,amnazahid30
3172,16838813,"Baidurya Bhattacharyya","2026-09-08 16:27:11",0.93966,1,boibhai
3173,16896882,"Billy Koech","2026-09-16 12:27:41",0.93966,2,billykoech
3174,16802827,"Mina Niazizadeh","2026-09-01 16:23:38",0.93963,5,mina8888
3175,16869561,"Andrés de la Roca","2026-09-11 21:52:22",0.93963,1,andrsdelaroca
3176,16799183,"Jesmi George","2026-09-08 17:47:38",0.93962,2,jesmigeorge04
3177,16843715,puruchinera,"2026-09-08 00:14:35",0.93962,6,yoel39
3178,16855426,"Baptiste Lesne","2026-09-08 20:02:32",0.93958,1,baptistelesne
3179,16943182,"João Augusto P. Batista","2026-09-28 11:50:18",0.93958,22,joaoapb
3180,16821189,Vlodus,"2026-09-09 14:14:56",0.93957,6,vlodus
3181,16832543,"Tyler C","2026-09-04 20:56:42",0.93956,1,trc204
3182,16809450,"Koceilla Yousfi","2026-09-22 07:42:43",0.93956,1,koceillayousfi
3183,16943498,"Samaya Ranjan Behera","2026-09-30 12:20:21",0.93953,23,samayaranjanbehera
3184,16993091,"Oye Kn khabar","2026-09-30 17:59:54",0.93953,1,oyeknkhabar
3185,16854051,vynie1605,"2026-09-08 12:29:23",0.93953,1,vynie1605
3186,16917359,"Rodion Kholodaev","2026-09-19 18:49:19",0.93945,1,rodionkholodaev
3187,16807901,"Tracy Porter","2026-09-02 15:37:45",0.93945,1,tracyporter
3188,16957502,"Rabindra Thakur","2026-09-25 20:36:17",0.93945,1,rabindrathakur
3189,16971971,Ranjana,"2026-09-27 12:31:17",0.93945,1,ranjanadevik1802
3190,16924614,"Aditya Majumdar","2026-09-20 10:59:09",0.93942,2,adityano1
3191,16966794,"Francesco Albanese","2026-09-30 16:54:11",0.93941,1,francescoalbanesephd
3192,16865603,"Bhagyashri Raut21","2026-09-10 11:25:48",0.93940,1,bhagyashriraut21
3193,16937264,"Tien Nguyen","2026-09-21 16:59:52",0.93937,1,tiennguyen0712
3194,16966359,"Ashutosh Dhamania","2026-09-30 16:40:50",0.93937,1,ashutoshdhamania
3195,16805256,"Manuk Mkheyan","2026-09-26 09:38:02",0.93937,4,manukmkheyan
3196,16848665,"Chelsi Ranjan","2026-09-30 17:45:09",0.93927,1,chelsiranjan
3197,16915815,"Mit Mhatre","2026-09-22 07:54:31",0.93919,5,mitmhatre
3198,16880255,thanhbt25,"2026-09-14 09:06:24",0.93916,1,thanhbt25
3199,16919687,"Богдан Лаптев","2026-09-18 10:37:36",0.93911,2,truemlgod
3200,16914315,"Shashwat Awate","2026-09-24 09:28:04",0.93907,2,shashwatawate
3201,16876799,pocapoca,"2026-09-12 05:24:23",0.93905,2,pocapoca
3202,16868272,"Md Intishar","2026-09-13 14:46:27",0.93898,1,mdintishar
3203,16810281,"Manas yadav001","2026-09-16 12:56:46",0.93893,1,manasyadav001
3204,16831119,"MSAADI ABDELLAH","2026-09-05 01:10:05",0.93886,3,msaadiabdellah
3205,16833077,"Thomas Deng","2026-09-04 23:23:41",0.93881,1,tdeng24
3206,16843576,Chandrashekar,"2026-09-06 16:46:46",0.93873,1,hermitsays
3207,16979348,"Ayush Mishra #2","2026-09-29 03:51:31",0.93872,1,ayushmishra0020
3208,16926541,"Austin Bermingham","2026-09-20 00:43:16",0.93868,2,austinbermingham
3209,16934003,Kishan,"2026-09-21 09:33:42",0.93861,3,highvariannce
3210,16854975,"Lukas Maximo","2026-09-29 20:51:04",0.93855,2,lukasmaximo
3211,16908845,"Uğur Gümüş","2026-09-18 14:20:06",0.93851,3,ugurgumus
3212,16953897,Montu1,"2026-09-30 18:15:12",0.93851,9,montu1
3213,16805274,sh1nd3l,"2026-09-19 19:55:39",0.93848,3,sh1nd3l
3214,16976483,Coder_Danil,"2026-09-29 15:00:11",0.93846,2,coderdanil
3215,16899255,"Allie Shuldman","2026-09-16 02:03:41",0.93844,2,allieshuldman1
3216,16810841,"christopher obuchere","2026-09-17 19:35:07",0.93838,20,owls0711
3217,16885937,"Kylian Dictador","2026-09-19 11:24:27",0.93836,4,thaaimessiah
3218,16930346,ascsass,"2026-09-22 01:22:18",0.93831,1,ascsass
3219,16889301,"Bobby Kumar","2026-09-15 05:42:05",0.93831,7,bobbyyadav1950
3220,16915044,"Bertrand Pigeon","2026-09-18 12:56:09",0.93829,2,bertrandpigeon
3221,16965866,WeiJie123@,"2026-09-30 12:28:31",0.93829,1,weijie196
3222,16799322,"Shubham Nayak","2026-09-01 14:47:00",0.93828,5,cyborgnayak
3223,16860273,SHY舒O=v=O,"2026-09-25 12:34:21",0.93826,4,shyovo
3224,16855826,"Nathan Gilman1","2026-09-10 18:13:31",0.93807,7,nathangilman1
3225,16852531,seo3770,"2026-09-28 06:10:20",0.93805,1,seo3770
3226,16830307,"Padamata Dhanush","2026-09-06 13:09:10",0.93799,1,padamatadhanush
3227,16954968,"KANASE HARSHAL","2026-09-24 18:18:38",0.93798,1,kanaseharshal
3228,16964767,"Swapnil Parekar","2026-09-26 02:43:18",0.93798,1,swapnilparekar
3229,16808435,Barbagrande007,"2026-09-05 12:43:34",0.93797,3,barbagrande007
3230,16921929,"Iesus Davila","2026-09-19 20:27:22",0.93796,1,iesusdavila
3231,16815407,"SIVA S","2026-09-30 07:27:03",0.93795,280,codingmaster24
3232,16892359,"Juan Miguel Vilar","2026-09-28 16:40:24",0.93794,9,juanmiguelvilar
3233,16801853,Mutahar,"2026-09-07 20:31:14",0.93789,9,mmalam
3234,16814031,"Anis Rashidov","2026-09-03 14:05:14",0.93788,4,anrash001
3235,16802806,Akniet,"2026-09-07 17:35:27",0.93787,7,aknietkusmoldayeva
3236,16871711,yuanyizz,"2026-09-21 12:58:32",0.93787,4,yuanyizz
3237,16938320,"Dean Vaitsos","2026-09-21 21:15:11",0.93786,1,deanvaitsos
3238,16862261,Mykyta,"2026-09-16 18:51:31",0.93785,1,mykytakh
3239,16973576,"SHAMIK BHATTACHARJEE","2026-09-27 17:44:41",0.93785,1,shamik03
3240,16885881,"Timur Çakmakoğlu","2026-09-14 14:30:41",0.93784,1,timurcakmakoglu
3241,16844065,"Srikar Uppuluri","2026-09-30 03:05:35",0.93784,2,srikaruppuluri
3242,16855076,"Muhammad Zaki Zulhamlizar","2026-09-08 17:19:17",0.93784,1,muhammadzakizulham
3243,16916106,"Ashish Singh 1987","2026-09-19 14:32:56",0.93783,2,ashishsingh1987
3244,16921525,burblingbrooks,"2026-09-18 23:15:46",0.93783,6,burblingbrooks
3245,16844806,"Jean Deutchoua","2026-09-09 12:12:55",0.93783,4,jeandeutchoua
3246,16832270,coolngr8,"2026-09-16 15:10:49",0.93781,14,coolngr8
3247,16808487,momomoran,"2026-09-02 14:07:33",0.93781,1,momomoran
3248,16832607,burhan.hl,"2026-09-29 18:11:00",0.93779,1,burhanhl
3249,16920285,"deequoique Wang","2026-09-18 15:25:53",0.93779,1,deequoiquewang
3250,16849794,"Sidharth AS","2026-09-30 16:47:14",0.93774,1,sidharthas4u
3251,16799497,Leneen,"2026-09-08 15:35:57",0.93774,1,leneen
3252,16866829,"Tien Thang Mai","2026-09-10 15:09:02",0.93773,1,tienthangmai
3253,16932253,Pella,"2026-09-21 03:43:11",0.93772,3,aphristov
3254,16961340,Figusama,"2026-09-27 14:00:48",0.93771,1,figusama
3255,16918373,"Тимофей Устюгов","2026-09-23 15:34:24",0.93771,3,ladas27
3256,16844980,OTA_2,"2026-09-08 08:12:12",0.93767,2,"jamiuabdullahbaba,johnchristopherm,tosinola"
3257,16829784,"Tyom Papiyan","2026-09-04 12:41:49",0.93767,2,tyompapiyan
3258,16827597,"Harsh Saharan","2026-09-11 04:41:33",0.93767,3,harshsaharan001
3259,16811809,"Samu War","2026-09-16 03:17:16",0.93766,1,samuwar
3260,16871073,Slug,"2026-09-11 07:54:10",0.93766,4,dusanpark
3261,16843174,"Milan Nagy","2026-09-28 20:16:50",0.93765,5,milannagy
3262,16827616,YWY2002,"2026-09-23 15:04:22",0.93761,4,ywy2002
3263,16843931,madongping,"2026-09-07 06:17:32",0.93758,1,madongping
3264,16874902,"Joshua Thos","2026-09-13 13:36:03",0.93757,2,joshuathos
3265,16974292,"Satya Sai Koppalu","2026-09-28 05:35:51",0.93754,4,satyasaikoppalu
3266,16870832,"David Uribe","2026-09-18 04:54:52",0.93753,5,duckpie
3267,16919203,seaweedbrain,"2026-09-18 09:37:16",0.93750,7,devbarik
3268,16810186,"Kishore Kannan","2026-09-04 07:26:15",0.93747,6,kishorekannan123
3269,16826461,"Debojyoti Basu","2026-09-05 13:53:55",0.93743,1,debojyoti29basu
3270,16805450,aWright,"2026-09-16 18:18:01",0.93741,12,ktownactuary
3271,16882759,"Chelsie Minor","2026-09-26 18:39:26",0.93741,2,chelsieminor
3272,16860726,sgvnobxqf,"2026-09-13 09:27:48",0.93740,3,sgvnobxqf
3273,16844016,"Artsiom Hancharenka","2026-09-29 17:50:25",0.93739,1,artsiomhancharenka
3274,16867914,"Akana Padmarao","2026-09-22 10:46:03",0.93738,1,akanapadmarao
3275,16854614,冲冲冲高,"2026-09-09 14:02:56",0.93738,2,rush0high
3276,16959655,"mohanned zayoud","2026-09-27 12:21:24",0.93738,4,mohannedzayoud
3277,16971032,"Akai Red","2026-09-28 05:10:23",0.93738,2,akaired
3278,16921097,FayorBolt,"2026-09-18 15:26:28",0.93738,1,fayorbolt
3279,16855425,"Mukund Krishna","2026-09-19 13:54:36",0.93738,3,mukundkrishna
3280,16876234,"G Prashant","2026-09-21 03:17:42",0.93738,1,znine09
3281,16866074,"Vlad Tkachenko","2026-09-17 12:27:57",0.93738,1,vladtkachenko
3282,16943284,"Manoj Chandar","2026-09-30 18:09:11",0.93738,1,manojchandar
3283,16936110,Yanagiguchi,"2026-09-22 11:24:38",0.93738,1,xenosmilus
3284,16846682,ntxmai_hd,"2026-09-08 12:38:25",0.93738,4,ntxmaihd
3285,16810433,"Faruk Alıç","2026-09-02 20:00:51",0.93738,2,farukal
3286,16898973,"Olamilekan Akintilebo","2026-09-20 19:35:58",0.93738,1,olamilekanakintilebo
3287,16894100,"Lu o Karen","2026-09-26 01:39:49",0.93738,1,"crispysz,luokaren"
3288,16832417,"Anjali Khantaal","2026-09-07 19:00:07",0.93738,1,anjalikhantaal
3289,16868239,"Md. Al Amin","2026-09-11 13:00:55",0.93738,1,sialamin
0,16714052,baseline_submission.csv,"2026-08-12 18:43:47",0.93738,1,
3290,16798667,"Taylor S. Amarel","2026-09-02 16:47:53",0.93738,1,taylorsamarel
3291,16859362,pething,"2026-09-09 12:00:05",0.93738,1,pething
3292,16864856,"Harshita Lad","2026-09-10 10:02:39",0.93738,2,harshitalad
3293,16860406,deltawater,"2026-09-12 12:11:31",0.93738,1,deltawater
3294,16895735,mwq21,"2026-09-16 15:05:06",0.93738,1,mingweiqiu
3295,16906896,DmitryFedoseenko,"2026-09-16 16:32:05",0.93738,1,dmitryfedoseenko
3296,16943151,RaghavanS7777,"2026-09-22 18:26:29",0.93738,1,raghavans7777
3297,16894451,"tea oblea (Oblea tea)","2026-09-26 14:49:25",0.93738,1,teaobleaobleatea
3298,16984771,JiayinMM,"2026-09-30 09:33:39",0.93738,1,jiayinmm
3299,16968041,Nish1016,"2026-09-28 09:43:12",0.93738,1,nish1016
3300,16865555,"Niranjan Lamichhane","2026-09-18 08:17:40",0.93737,2,niranjanlamichhane
3301,16981021,"Zack Waxler","2026-09-28 22:08:11",0.93737,1,zackwaxler
3302,16993719,"Chenya Tao","2026-09-30 20:54:05",0.93737,1,chenyatao
3303,16824877,DwijitDasari,"2026-09-04 13:11:42",0.93737,1,dwijitdasari
3304,16972557,"song he1228","2026-09-27 15:20:07",0.93737,1,songhe1228
3305,16802654,"Dmitry C4be","2026-09-01 12:52:57",0.93737,1,dmitryc4be
3306,16838875,rsIntelligence,"2026-09-05 07:42:40",0.93737,1,rsintelligence
3307,16893113,"Anjula Amarakoon","2026-09-19 08:47:49",0.93737,1,anjulaprasad
3308,16991768,岸本万奈,"2026-09-30 17:49:53",0.93737,1,kotoriko
3309,16880838,Snehan,"2026-09-12 11:07:55",0.93737,1,snehan1608
3310,16841618,"Avnish Ahlawat","2026-09-06 02:12:51",0.93737,1,avnishahlawat
3311,16823647,"Christian F. Badillo H.","2026-09-04 02:47:57",0.93737,2,christiaanfbadilloh
3312,16879100,"Konain worsi","2026-09-13 13:51:29",0.93737,4,konainworsi
3313,16809231,"Takayanagi Sensei","2026-09-04 15:34:38",0.93736,4,takayanagisensei
3314,16919960,"Герман Мазздам","2026-09-20 12:46:43",0.93736,4,mazzdam
3315,16908324,Mamba_FENG,"2026-09-17 19:10:42",0.93736,1,soaringmaple09
3316,16829681,"Adrian Luu","2026-09-04 13:07:48",0.93731,2,adrianluu
3317,16804806,"Priyanshu Mishra","2026-09-08 15:35:36",0.93731,1,priyanshu7930
3318,16856576,"Alex O'Brien","2026-09-29 18:58:38",0.93730,1,bumboj
3319,16894189,AlexS814,"2026-09-15 12:22:45",0.93724,1,alexs814
3320,16884246,"Sohail Ahmed","2026-09-20 11:46:50",0.93723,3,datascientistsohail
3321,16879359,BeepBoop231,"2026-09-28 03:44:58",0.93722,1,beepboop231
3322,16975735,"k240040 Shahzaib","2026-09-28 05:13:14",0.93722,1,k240040shahzaib
3323,16934928,Buggy,"2026-09-26 10:01:25",0.93722,3,buggy7073
3324,16855618,"kaustuk rathod","2026-09-15 16:12:37",0.93722,2,kaustukrathod
3325,16809893,"Irfan Arisani","2026-09-12 03:46:59",0.93718,1,irfanarisani
3326,16894818,taek5205,"2026-09-15 07:35:28",0.93718,1,taek5205
3327,16921162,Nikesh@Niku,"2026-09-18 14:20:09",0.93713,1,nikeshpandey9090
3328,16820326,benpython,"2026-09-03 16:27:23",0.93713,2,benlepers
3329,16882223,"Nikolai Vodolazov","2026-09-30 20:40:57",0.93711,1,nikolaivodolazov
3330,16870248,"Philip Ross","2026-09-18 22:07:03",0.93710,1,cooliocool11
3331,16842307,"Deepti Singh","2026-09-06 12:26:08",0.93710,1,deeptisingh3004
3332,16803644,"Philippe Coulombe","2026-09-11 15:18:21",0.93710,1,philippecoulombe
3333,16808828,vcor,"2026-09-07 09:54:39",0.93706,2,vcokaggle
3334,16877802,KJ,"2026-09-12 02:19:38",0.93702,1,jokerrt
3335,16822910,"Amit Roy Antu","2026-09-04 08:48:01",0.93702,2,amitroyantu
3336,16803920,seamanc2016,"2026-09-05 03:55:37",0.93701,1,seamanc2016
3337,16808966,"kaka m8n","2026-09-03 18:20:08",0.93701,1,kakam8n
3338,16954113,shixingkong,"2026-09-27 14:28:59",0.93693,2,shixingkong
3339,16960294,"Shivam Singh","2026-09-27 12:20:31",0.93692,1,shivamnsingh
3340,16898043,"Himanshu Sharma","2026-09-28 10:08:16",0.93678,3,himanshusharma0068
3341,16823293,"Troy Loeffler","2026-09-15 00:29:46",0.93674,39,troyloeffler
3342,16838462,"JASMIN BANU M","2026-09-19 15:12:39",0.93673,1,jasminbanum
3343,16853690,"Jean Aiblou","2026-09-15 19:36:21",0.93673,1,jeanaiblou
3344,16951451,"Vishnu Srivastava","2026-09-24 09:16:47",0.93670,3,vishnusrivastava
3345,16983950,"Huy Hoàng Nguyễn","2026-09-30 16:50:50",0.93668,1,huyhonglo
3346,16818530,"Mohamed HADRICH","2026-09-03 12:56:04",0.93667,4,mohamedhadrich01
3347,16805226,JiatongLi,"2026-09-02 21:40:56",0.93665,1,jenniferjtli
3348,16840413,medraddaoui,"2026-09-06 17:53:55",0.93661,3,medraddaoui
3349,16825759,"Nagendra Gouda 125","2026-09-06 07:49:20",0.93655,2,nagendragouda125
3350,16925180,"Albert Zaqaryan","2026-09-19 11:45:39",0.93653,1,albertzaqaryan
3351,16962298,"Miqayel Petrosyann","2026-09-25 18:07:20",0.93653,1,miqayelpetrosyann
3352,16841130,"ADITYA UPADHYAY","2026-09-06 17:06:26",0.93652,1,realaduop
3353,16823127,mukunthanviznxt,"2026-09-30 21:24:31",0.93649,1,mukunthanviznxt
3354,16844201,"Parthiban Elavarasan","2026-09-14 15:27:38",0.93636,1,parthibanelavarasan
3355,16975810,"k240009 RfQ","2026-09-28 05:26:23",0.93606,1,k240009rfq
3356,16975747,"Altaf Hussain","2026-09-28 05:15:26",0.93604,1,altafhussain857
3357,16849291,"Emmanuel P Babu","2026-09-25 16:34:40",0.93590,2,emmanuelpbabu
3358,16823947,"ridwan islam","2026-09-30 16:52:09",0.93587,2,ridwanislam
3359,16947708,AQARZero,"2026-09-25 16:43:23",0.93583,1,aqarzero
3360,16969952,"Sachin Mardikar","2026-09-27 13:28:07",0.93576,2,sachinmardikar
3361,16975787,"P240039 Sibghatullah","2026-09-28 05:17:22",0.93576,2,p240039sibghatullah
3362,16975781,"Azan Naveed","2026-09-28 05:28:45",0.93567,1,azannaveed
3363,16894835,"Arjun Dixit","2026-09-15 14:12:34",0.93566,1,arjundix
3364,16858020,"Md Tareq Shah Alam","2026-09-09 10:55:34",0.93563,1,mdtareqshahalam27
3365,16975757,"Yahya Shamim","2026-09-28 04:52:01",0.93558,1,yahyashamim
3366,16975754,"Muhammad Asad Ul Haq","2026-09-28 04:52:36",0.93558,1,muhammadasadulhaq
3367,16975759,"Ahmed Jalal24","2026-09-28 05:11:07",0.93558,1,ahmedjalal24
3368,16864338,"Maddux Labovitch","2026-09-30 07:14:59",0.93557,3,madduxlabovitch
3369,16840982,"Abraham Daniel Yat","2026-09-28 23:41:53",0.93556,2,abrahamdanielyat
3370,16866050,G.SHRITHIKA3,"2026-09-24 11:44:38",0.93551,1,gshrithika3
3371,16860035,simplecar,"2026-09-09 12:15:28",0.93550,1,simplecar
3372,16975765,S_Zahid_Hussain,"2026-09-28 05:14:47",0.93550,1,szahidhussain
3373,16937752,"Ariel Lien","2026-09-23 19:28:53",0.93539,7,ariellien
3374,16986206,Sana,"2026-09-29 16:11:07",0.93498,2,sanatabassum17
3375,16973641,HamzaMousa17,"2026-09-28 11:58:38",0.93485,1,hamzamousa17
3376,16845408,"Creeper Thánh","2026-09-10 03:25:15",0.93483,4,creeperthnh
3377,16949583,chadcsesi,"2026-09-27 17:13:45",0.93480,15,chadcsesi
3378,16841782,"Muh Amri Sidiq","2026-09-12 22:34:30",0.93465,1,amri11
3379,16845192,"Sahil Naseem","2026-09-07 00:13:46",0.93436,1,sahilnaseem7
3380,16805120,"Prateek Srivastava","2026-09-06 19:48:31",0.93426,1,pratik2901
3381,16799198,cygnusterbang,"2026-09-01 07:26:30",0.93422,1,cygnusterbang
3382,16855470,"Hector D.V.","2026-09-08 20:17:42",0.93409,1,hectordv
3383,16908134,shreyaharshal,"2026-09-22 06:12:55",0.93404,1,shreyaharshal
3384,16975783,"Abdullah Sonija","2026-09-28 04:53:08",0.93390,1,abdullahsonija
3385,16975821,"k240031 Safi Ur Rehman","2026-09-28 05:05:46",0.93390,1,k240031safiurrehman
3386,16892004,"Koen van Gent","2026-09-14 15:22:36",0.93386,1,koenvangent
3387,16969175,"Anes Meftah","2026-09-26 21:25:47",0.93378,1,anesmeftah
3388,16975755,"k240036 Ziam Ali Khan","2026-09-28 05:23:05",0.93377,2,k240036ziamalikhan
3389,16913078,"Roman Nikolaev","2026-09-26 20:20:22",0.93373,12,romannikolaev754
3390,16825670,stop__h_,"2026-09-07 03:32:27",0.93373,1,stophhh
3391,16855630,WangweCharles,"2026-09-15 12:31:11",0.93372,1,wangwecharles
3392,16842269,"Anomali Hitam","2026-09-16 12:34:07",0.93362,1,muhyusuf1112
3393,16951466,"Aarkesh Sharma","2026-09-26 08:05:47",0.93359,1,aarkeshsharma
3394,16904430,"Sanjay Suresh","2026-09-21 09:03:57",0.93346,8,sanjaysuresh3311
3395,16867716,Vsevolod_progr,"2026-09-10 17:16:43",0.93340,1,vsevolodprogr
3396,16928282,"Aadesh Upadhyay","2026-09-26 16:59:09",0.93328,1,aadeshupadhyay77
3397,16808108,"Avishek Sinha","2026-09-13 16:09:39",0.93327,1,avisheksinha91
3398,16842726,brobagazz,"2026-09-25 22:42:03",0.93326,1,brobagazz
3399,16805481,"Leon Makaryan","2026-09-01 21:54:59",0.93324,1,leonmakaryan
3400,16802447,"Kanat Kozhaniyazov","2026-09-09 11:28:09",0.93324,1,kanatkozhaniyazov
3401,16804845,"abd el moujib","2026-09-01 20:31:18",0.93317,1,abdelmoujib
3402,16867635,"Boogey Man","2026-09-11 18:58:47",0.93307,10,boogey004
3403,16907612,"sejal raykhere","2026-09-17 10:35:56",0.93294,1,sejalraykhere19
3404,16888633,"David Gamboa","2026-09-14 01:51:19",0.93276,1,gamboadd27
3405,16988743,21011917_공희철,"2026-09-30 11:02:50",0.93274,3,kongheechul
3406,16843493,"Murali Sairam","2026-09-12 13:31:59",0.93266,1,muralisairam
3407,16803754,"Priyanka Asthana","2026-09-02 17:54:28",0.93266,5,priyankasthana
3408,16809613,"PATIL HARIOM VIJAY","2026-09-29 03:53:09",0.93265,1,hariom0910
3409,16983269,"Rajvardhan yadav","2026-09-29 07:29:55",0.93265,1,rajvardhanyadav07
3410,16983478,"shubham madane","2026-09-29 08:16:15",0.93265,1,shubhammadane01
3411,16983514,"SHINDE PRUTHVIRAJ ANKUSH","2026-09-29 08:27:27",0.93265,1,shindepruthviraj330
3412,16853479,MachineNeil,"2026-09-08 09:14:49",0.93250,1,machineneil
3413,16890286,Nic,"2026-09-22 14:47:34",0.93234,3,nicoledcosta1
3414,16809007,"Krishna Mahajan","2026-09-02 18:16:31",0.93228,1,krishna17311
3415,16845325,"Adewole Adedapo","2026-09-09 01:35:04",0.93205,1,adewoleadedapo
3416,16876763,"Toyosi Jogunola","2026-09-11 18:21:47",0.93201,1,toyosijogunola1
3417,16898175,Rahulrockstarrr,"2026-09-16 06:47:06",0.93184,1,rahulrockstarrr
3418,16839552,"Deepak Reddy Kura","2026-09-10 18:07:29",0.93182,1,deepakreddykura
3419,16980297,"BALLA GANESH","2026-09-29 15:17:44",0.93180,2,ballaganesh
3420,16887960,zhangkunling,"2026-09-13 20:56:36",0.93136,1,zhangkunling
3421,16975731,"Syed Shabhi Haider","2026-09-28 05:04:41",0.93107,1,syedshabhihaider
3422,16891887,"Hamza Mojeeb","2026-09-14 14:58:22",0.93093,1,hamzamojeeb
3423,16875483,vignesh201121,"2026-09-11 13:05:01",0.93093,1,vignesh201121
3424,16848898,CardboardTank,"2026-09-07 16:49:51",0.93087,1,cardboardtank
3425,16804793,algyier,"2026-09-03 18:59:50",0.93056,2,zyatro09
3426,16831284,"Yuduo Wu","2026-09-05 03:47:21",0.93032,1,yuduowu
3427,16939970,"Ivan Shigolakov","2026-09-30 05:04:47",0.93009,1,ivanshigolakov
3428,16887394,"Jahongir Tuychiyev","2026-09-18 19:24:25",0.93005,1,jahongirtuychiyev
3429,16928102,"manish Raikwar","2026-09-21 10:04:13",0.92988,7,manishraikwar
3430,16881573,"Ahmad Yousuf Jan","2026-09-26 10:46:34",0.92907,3,ahmadjan20
3431,16831142,Роман,"2026-09-12 14:22:47",0.92870,1,romanneromanov
3432,16940980,"Herman Lapa","2026-09-22 16:21:40",0.92841,1,hermanlapa
3433,16806874,DhruvPatel0113,"2026-09-02 07:58:38",0.92756,1,dhruvpatel0113
3434,16831408,"Sneha Dhanda","2026-09-23 08:12:17",0.92671,1,snehadhanda
3435,16841307,johlys,"2026-09-15 20:03:29",0.92670,4,johlys
3436,16809691,"Saif Mahdi","2026-09-20 07:57:33",0.92662,1,saifsamianmahdi
3437,16807148,"Zhong Yige","2026-09-02 07:18:52",0.92581,1,zhongyige
3438,16848116,"Enzo Cruciani","2026-09-11 13:00:00",0.92581,2,enzocruciani
3439,16801819,PHKSE7D39,"2026-09-03 07:27:00",0.92567,2,phkse7d39
3440,16966131,"Shuncheng Tang","2026-09-26 13:29:04",0.92549,1,shunchengtang123
3441,16944796,MSU-BIT_ML_2026-yuxiaoli,"2026-09-24 03:27:29",0.92529,3,yuxiaoli111
3442,16958235,"Ivan Danut","2026-09-26 00:37:15",0.92519,1,ivandanut
3443,16930967,"Ujjal kumar Maity","2026-09-22 18:20:25",0.92421,1,ujjalkumarmaity
3444,16804963,"Jonathan T","2026-09-01 19:39:46",0.92406,2,jtdataperuser
3445,16862252,bumapdumpt,"2026-09-09 20:23:54",0.92371,1,bumapdumpt
3446,16877012,Chaitu_210304,"2026-09-30 05:16:30",0.92369,1,chaitu210304
3447,16923372,"Yizhe Li47","2026-09-19 04:20:18",0.92330,1,yizheli47
3448,16810468,"Adam Martí","2026-09-03 18:48:10",0.92303,2,adammart
3449,16841173,"Juairia Apsara","2026-09-07 00:00:45",0.92205,1,juairiaapsara
3450,16952063,"[MSU-BUT_ML_2026] Mikhail","2026-09-24 09:11:46",0.92178,2,muxabuxa
3451,16838926,Noon,"2026-09-08 03:19:03",0.91919,1,noon555
3452,16892639,"Ali Furkan Kaya","2026-09-21 21:16:21",0.91428,1,afurkankaya
3453,16966341,"Wathsala Damindu","2026-09-27 18:01:56",0.90880,3,wathsaladamindu
3454,16880519,"Youssef taha25","2026-09-13 13:17:21",0.90449,1,yousseftaha25
3455,16963532,PMR3508-2021-2-120,"2026-09-26 01:09:09",0.90412,1,tomasolenscki
3456,16892238,"Hamzah Saif","2026-09-15 10:03:37",0.88890,10,hamzahsaif
3457,16871392,edisonnnnnnn,"2026-09-18 07:21:56",0.88850,1,"edisonnnnnnn,ovanespetrosian"
3458,16898920,"Bianca Denadai","2026-09-18 17:53:58",0.88826,12,biancadenadai
3459,16810471,"Swayam Bhoir","2026-09-05 15:49:01",0.88581,1,swayambhoir
3460,16914591,"Anatoly L","2026-09-17 13:06:03",0.88423,1,anatolyal
3461,16808572,"Mihnea Munteanu","2026-09-02 12:46:45",0.88361,4,mihneamunteanu
3462,16981210,"Paulo Alex","2026-09-28 23:04:52",0.88305,1,pauloalex11
3463,16798909,"Jisung woo","2026-09-02 06:00:28",0.88256,1,jisung77
3464,16854797,"Swayam S Patra","2026-09-15 13:58:56",0.88244,5,"deeptanshuray,swayamspatra"
3465,16810083,bourbaki,"2026-09-02 16:28:42",0.88146,2,filippogiovagnini
3466,16805566,"Hrishikesh Dhuri","2026-09-01 21:48:14",0.88110,1,hrishikeshdhuri19
3467,16799381,"Paras Gaur","2026-09-01 18:29:51",0.87908,2,animeguylrn
3468,16799123,"Ishir Singhal","2026-09-19 15:04:31",0.87747,1,ishirsinghal
3469,16848899,"Daniil Pulatov","2026-09-08 16:35:24",0.87729,1,daniilpulatov
3470,16887223,"Josipa Sever","2026-09-21 13:35:11",0.87725,21,josipasever
3471,16960111,"Eduardo Cañas","2026-09-25 13:07:13",0.87643,10,eduardocaas
3472,16881205,Sonali210,"2026-09-12 13:02:13",0.87589,2,sonali210
3473,16811633,"Wai Mai Lydia Tsang","2026-09-13 18:56:02",0.87582,13,waimailydiatsang
3474,16966037,Saturday,"2026-09-26 16:47:03",0.87539,7,"saideependra,shubhams9k96"
3475,16940845,"Angaddeep Singh5875","2026-09-22 11:37:09",0.87494,1,angaddeepsingh5875
3476,16807146,"Amir Sohail","2026-09-12 10:55:54",0.87482,9,amirsohail122
3477,16870441,jbaudson,"2026-09-14 22:57:13",0.87443,1,jbaudson
3478,16844514,Charlotte,"2026-09-08 15:20:40",0.87420,1,alekseus
3479,16830899,"Alireza Ziglary","2026-09-28 17:45:42",0.87102,1,alirezaziglary
3480,16937622,TalhaEjaz19040,"2026-09-27 09:47:19",0.87093,10,talhaejaz19040
3481,16929429,张博越越,"2026-09-22 06:59:59",0.87038,1,zby0601
3482,16830806,"First name Second name","2026-09-13 20:47:59",0.86992,7,bredonmwangi
3483,16936368,"KRISHNA MAKHIJA","2026-09-24 09:56:27",0.86822,1,krishna15425makhija
3484,16811236,BlazeAdapt,"2026-09-03 00:23:56",0.86632,1,blazeadapt
3485,16885951,"Priyank Gupta","2026-09-14 05:02:06",0.86589,1,priyankgupta01
3486,16819628,"Rohit kumar211987","2026-09-04 08:10:34",0.86563,3,rohitkumar211987
3487,16803065,"Gauttam Jangir","2026-09-07 06:46:35",0.85345,14,gauttamjangir
3488,16844142,"Pawan Thakur9875","2026-09-28 15:13:26",0.84629,1,pawanthakur9875
3489,16865707,"Punit Parmar","2026-09-13 16:54:44",0.84391,5,punitparmar8949
3490,16832862,IMASD123,"2026-09-06 21:41:36",0.84160,1,imasd123
3491,16869709,"Felipe Livon","2026-09-11 17:16:51",0.84160,1,felipelivon
3492,16949117,Egor_535,"2026-09-23 19:23:32",0.83809,1,egor535
3493,16896407,M.Umabs,"2026-09-22 11:38:09",0.83457,1,mumabs
3494,16842196,PsayaP,"2026-09-27 04:53:23",0.81978,5,psayap
3495,16875774,Darynbek,"2026-09-12 03:05:32",0.81978,2,darynbek
3496,16799269,"Abdulhay Yassir","2026-09-05 14:56:08",0.81572,1,abdulhayyassir
3497,16883820,stm32f103c8t6,"2026-09-13 14:25:37",0.81436,1,stm32f103c8t6
3498,16804821,porvani2zi,"2026-09-27 20:19:30",0.81023,2,"belyaevgleb,duckichpuckich"
3499,16916529,"Zhores Hakobyan","2026-09-17 18:50:45",0.80976,1,zhoreshakobyan
3500,16798985,"Heath Dingus","2026-09-01 04:21:21",0.80913,10,heathdingus
3501,16861633,"Hamza sajid","2026-09-24 15:47:47",0.80900,1,anonymusserver
3502,16891883,BastienFa,"2026-09-27 09:36:22",0.80890,1,bastienfa
3503,16881354,"Meet Gajera","2026-09-13 09:01:49",0.80886,1,mitgajera
3504,16893055,cvmhatre,"2026-09-15 03:10:32",0.80839,1,cvmhatre
3505,16975791,"Arnav Amrit","2026-09-28 06:38:11",0.80832,3,pseudochrome
3506,16838324,"Sumit Kumar Dwivedi","2026-09-11 07:34:25",0.80829,1,sumitdwi123
3507,16975611,"Omprakash Mishra","2026-09-30 16:22:41",0.80809,12,oasmivera
3508,16808494,palpawan12,"2026-09-24 16:51:11",0.80785,1,palpawan12
3509,16851817,HotMitDev,"2026-09-08 02:05:33",0.80784,2,hotmitdev
3510,16904118,"Naman Rai","2026-09-16 08:02:08",0.80779,1,namanrai01
3511,16870608,田中偲惟人,"2026-09-12 06:52:02",0.80759,1,shiito
3512,16974184,"Jaydip Chauhan","2026-09-28 10:16:10",0.80743,3,iiijaydipchauhan
3513,16822993,"Cuschevici Climent","2026-09-04 13:24:51",0.80735,1,cuschevicicliment
3514,16841838,the007prime,"2026-09-07 14:10:11",0.80676,2,the007prime
3515,16839764,"P.Lakshmi Sainath Reddy","2026-09-05 13:45:54",0.80664,1,plakshmisainathreddy
3516,16913795,"Abhishek Sinha","2026-09-17 13:10:41",0.80651,3,abhisheksinha01111
3517,16934395,"Yamaguchi, Ryohey U.","2026-09-21 07:34:42",0.80613,2,ryoheyuenoyamaguchi
3518,16922629,"Blog Yusuf","2026-09-28 20:20:31",0.80611,1,blogyusuf
3519,16896823,VoltVision,"2026-09-16 10:05:56",0.80568,1,"aishwaryanikam1630,vaishnavi1512"
3520,16848037,Kutay23,"2026-09-07 13:25:44",0.80563,1,kutay23
3521,16896003,"Jagannath R","2026-09-21 03:54:45",0.80547,3,jagannath1824
3522,16883175,"Waleed Almorade","2026-09-13 19:59:05",0.80522,5,waleedalmorade
3523,16805441,"Beyza Durdu","2026-09-02 17:57:22",0.80490,1,beyzadurduu
3524,16876792,"Thales Galuchi","2026-09-14 23:11:18",0.80460,9,thalesgaluchi
3525,16840492,YMOM249,"2026-09-06 12:29:02",0.80424,1,kaggle5kaggle
3526,16842129,"Sakib Alam Jisan","2026-09-06 05:38:38",0.80312,1,sakibalamjisan
3527,16801177,AbuHelweh,"2026-09-08 12:14:28",0.80280,10,yahiaabuhelweh
3528,16876908,"Atharv Nawab","2026-09-11 20:19:51",0.80257,1,atharvnawab
3529,16830297,"Surendra Yarrareddy","2026-09-12 10:54:38",0.80069,1,surendrayarrareddy
3530,16864401,"Zhi1 Wang","2026-09-11 04:22:19",0.80063,1,zhi1wang
3531,16799356,"Vincentius Leonanda Prabowo","2026-09-06 07:21:27",0.80043,3,vincentius1013
3532,16924328,"Shao Jiayu_SMBU","2026-09-20 00:53:35",0.80000,2,shaojiayusmbu
3533,16872035,"Victor Pastor","2026-09-16 09:15:18",0.79995,1,victorpastor
3534,16990719,kys2002316,"2026-09-30 11:48:51",0.79971,1,kys2002316
3535,16966740,"D Yoga Harshitha","2026-09-27 06:59:14",0.79661,1,dyogaharshitha
3536,16990717,"Seojin Lee","2026-09-30 11:53:24",0.79641,1,pinataconfetti
3537,16804788,"Abdullah Al Aymon","2026-09-18 11:20:25",0.79570,1,abdullahalaymon
3538,16960496,"Kishor J K","2026-09-25 13:32:34",0.79455,1,kishorkonaraddi
3539,16885817,Mosii721,"2026-09-20 14:44:22",0.79337,1,mosii721
3540,16910763,"Mohit Gemini","2026-09-17 15:45:50",0.79253,1,mohitgemini
3541,16851465,jokerdf,"2026-09-17 20:50:58",0.79165,1,jokds2
3542,16852164,MLCoder90,"2026-09-23 15:55:49",0.78700,1,mlcoder90
3543,16930747,"Loselen Luari Jonanda","2026-09-20 14:03:08",0.77919,1,loselen
3544,16948729,Kishank8,"2026-09-27 11:01:33",0.77878,2,kishank8
3545,16854481,"Akinyemi Tobi","2026-09-25 09:58:51",0.77104,2,akinyemitobi
3546,16842135,Arif_tech,"2026-09-07 13:13:31",0.76518,1,ariftech
3547,16975727,"Ali Shahmeer","2026-09-28 05:24:32",0.72691,1,alishahmeer7
3548,16916547,CtrlC_CtrlV,"2026-09-27 00:01:32",0.68872,6,"bhuveshchauhan,gouthamgopakumar"
3549,16832454,M1nhPh4m,"2026-09-04 18:19:44",0.67459,1,m1nhph4m
3550,16986567,"Mieszko Fus","2026-09-29 17:09:45",0.67167,1,mieszkofus
3551,16936427,"Khang HHuỳnh","2026-09-21 13:49:15",0.66944,1,khanghhunh
3552,16827674,"Shaikh Mohammad Hasnat ","2026-09-04 11:42:33",0.58749,1,shaikhmohammadhasnat
3553,16798650,parkjuuyeong,"2026-09-01 00:31:02",0.50000,1,parkjuuyeong
3554,16800096,"BALAJI VARA PRASAD DEGA","2026-09-01 09:08:37",0.50000,1,balajivaraprasad
3555,16802594,"Sahir Maharaj","2026-09-30 07:47:05",0.50000,30,sahirmaharajj
3556,16805611,"David Blandón","2026-09-01 22:14:41",0.50000,1,dacxj0
3557,16841153,"Test Team","2026-09-05 19:36:24",0.50000,1,"emilygrace1431998,mdabdullahalafif"
3558,16841442,"Eng Ali Mutahhar","2026-09-05 21:52:31",0.50000,1,aliree
3559,16841573,"Mohammed alnzary","2026-09-05 23:45:25",0.50000,2,mohammedalnzary
3560,16841692,TommyMSCS,"2026-09-06 02:14:50",0.50000,1,tommymscs
3561,16857481,"Nguyễn Anh Tài","2026-09-09 01:50:56",0.50000,1,tainadpln
3562,16913986,Kou111111,"2026-09-17 10:57:59",0.50000,1,kou111111
3563,16922605,"Reagan Ochieng","2026-09-18 21:16:43",0.50000,1,reaganochieng
3564,16898554,Rahul05211,"2026-09-19 04:03:29",0.50000,1,rahul05211
3565,16927560,SelestialBeing,"2026-09-20 06:53:17",0.50000,1,selestialbeing
3566,16933755,karinkaito,"2026-09-23 22:30:13",0.50000,2,karinkaito
3567,16937614,"Muhammad Ali Amir","2026-09-21 17:32:29",0.50000,2,malialice
3568,16907000,"Nancy Cat111","2026-09-25 15:19:32",0.50000,1,nancycat111
3569,16962528,edjenkins,"2026-09-25 17:29:38",0.50000,1,edjenkins
3570,16980551,"Badal Kumar Sharma","2026-09-28 18:52:03",0.50000,1,badal5226
3571,16981872,"Hernan Greco","2026-09-29 02:00:16",0.50000,1,hgreco85
3572,16989336,CAU53744-T6,"2026-09-30 06:40:55",0.50000,1,thibaudw
3573,16990181,"Goh Kun Ming","2026-09-30 09:01:58",0.50000,1,gohkunming
3574,16992503,"Haewon Namkung","2026-09-30 16:01:07",0.50000,1,haewonnamkung
3575,16974838,"Zach CohenNeamie","2026-09-28 16:35:39",0.31511,1,zachcohenneamie
