Rank,teamId,teamName,submissionDate,score,rank_min
1,16798949,Chris Deotte,2026-09-30 18:59:48.830000,0.94602,1
2,16913247,Team Alicia,2026-09-30 23:11:44.580000,0.94588,2
3,16798852,M & M,2026-09-30 23:50:50.876000,0.94584,3
4,16848954,Prior,2026-09-30 19:08:34.980000,0.94583,4
5,16802221,Maher el Ouahabi,2026-09-30 22:04:10.353000,0.94581,5
6,16799811,Ohm My Car,2026-09-30 20:30:16.596000,0.94581,5
7,16809885,Paul Bryan Elefante,2026-09-30 23:52:58.706000,0.9458,7
8,16799429,yuurei,2026-09-30 22:58:00.663000,0.94575,8
9,16799620,Ismail Ucuran,2026-09-30 19:23:09.990000,0.94575,8
10,16798610,MILANFX,2026-09-30 22:29:32.433000,0.94574,10
11,16943178,sergeicu,2026-09-30 22:40:59.630000,0.94574,10
12,16798679,Don-Ravi,2026-09-30 21:28:14.983000,0.94573,12
13,16799788,Timofej Golobokov,2026-09-30 21:34:36.453000,0.94573,12
14,16801950,haukesteffen,2026-09-30 18:26:40.316000,0.94572,14
15,16800007,Rapha,2026-09-30 18:09:56.920000,0.94572,14
16,16823835,kakuteki,2026-09-30 08:56:31.630000,0.94571,16
17,16823911,Team A.Ş,2026-09-30 21:44:53.236000,0.94571,16
18,16798784,yalpha,2026-09-30 20:40:07.520000,0.94571,16
19,16980707,Arhan canli,2026-09-30 16:54:58.233000,0.94571,16
20,16978739,Hasan Cömert,2026-09-30 12:30:55.023000,0.9457,20
21,16866443,goodpjw2008,2026-09-30 18:20:29.166000,0.9457,20
22,16803825,Laura Liepa,2026-09-30 21:20:18.040000,0.9457,20
23,16882606,Clare Laurent,2026-09-30 21:50:41.043000,0.9457,20
24,16937828,whycs123,2026-09-30 15:19:39.306000,0.9457,20
25,16798625,haya,2026-09-30 21:39:29.553000,0.9457,20
26,16803764,lionel W509,2026-09-30 03:56:26.066000,0.94569,26
27,16805636,Optimistix,2026-09-30 23:57:49.526000,0.94569,26
28,16839803,AreJain,2026-09-30 00:33:35.070000,0.94569,26
29,16975568,sadanamaru,2026-09-30 15:29:57.463000,0.94568,29
30,16989731,Koumei Maki,2026-09-30 18:45:38.683000,0.94568,29
31,16843730,Kaggler Sergio,2026-09-30 21:29:39.403000,0.94568,29
32,16806112,Dariush Afshar,2026-09-30 00:39:50.076000,0.94568,29
33,16810298,Jared Floersch,2026-09-30 18:13:18.476000,0.94568,29
34,16810341,datatuu,2026-09-30 18:38:09.640000,0.94568,29
35,16868144,firat yavas,2026-09-30 22:11:58.060000,0.94568,29
36,16845336,onlynor,2026-09-30 13:55:29.206000,0.94568,29
37,16798866,Huzaifa Mankda,2026-09-30 21:11:17.340000,0.94567,37
38,16865368,F1star,2026-09-30 23:58:18.513000,0.94567,37
39,16799295,ikevayansky,2026-09-30 23:18:19.616000,0.94567,37
40,16798594,bostonkaggle,2026-09-30 18:41:53.096000,0.94567,37
41,16881257,minghao ma,2026-09-30 07:37:17.016000,0.94567,37
42,16802295,Ajanraj,2026-09-30 18:47:05.610000,0.94567,37
43,16937293,dipper13579,2026-09-30 14:53:00.750000,0.94567,37
44,16991734,Patrick Joël MAIRLOT-MBEZELE,2026-09-30 18:27:32.680000,0.94567,37
45,16976313,fake conquerors,2026-09-30 20:00:53.526000,0.94567,37
46,16809348,Mrsalty,2026-09-30 07:52:59.773000,0.94567,37
47,16800681,Mikhail Naumov,2026-09-30 20:28:25.280000,0.94567,37
48,16804907,jvachier,2026-09-30 17:42:53.926000,0.94566,48
49,16802736,Joe Young,2026-09-30 13:32:51.276000,0.94566,48
50,16822665,Leo,2026-09-08 10:52:33.783000,0.94566,48
51,16847429,scikit-learn,2026-09-30 15:57:03.263000,0.94566,48
52,16823003,gulfan,2026-09-30 15:31:39.590000,0.94566,48
53,16799525,BOB,2026-09-30 14:46:48.560000,0.94566,48
54,16806696,米津玄師.,2026-09-30 07:40:05.243000,0.94566,48
55,16805610,Marie Victoire IPOUK,2026-09-30 08:22:02.983000,0.94566,48
56,16989782,ShubhSeth007,2026-09-30 23:36:17.816000,0.94566,48
57,16823053,XAVI,2026-09-30 22:47:12.336000,0.94566,48
58,16804847,Vladimir Demidov,2026-09-30 19:59:53.006000,0.94566,48
59,16905828,Gaurav Vyas,2026-09-30 17:12:41.896000,0.94566,48
60,16807826,rupsa roy,2026-09-30 19:28:26.756000,0.94566,48
61,16929647,Gaelaw,2026-09-30 17:20:38.903000,0.94566,48
62,16840013,ajikajadeh,2026-09-30 17:07:51.033000,0.94566,48
63,16949062,Eason Gao,2026-09-30 17:16:34.203000,0.94566,48
64,16862526,Javier Hernáez,2026-09-30 17:18:32.666000,0.94566,48
65,16993039,Lakhindar Pal,2026-09-30 17:41:18.953000,0.94566,48
66,16894204,Team 青葱,2026-09-30 20:01:51.500000,0.94566,48
67,16939536,I D E N T I T Y,2026-09-30 19:22:56.146000,0.94566,48
68,16968874,Uddeshay-ml,2026-09-30 18:41:02.560000,0.94566,48
69,16880110,papa chany pa,2026-09-30 19:06:25.896000,0.94566,48
70,16798803,AnthonyTherrien,2026-09-30 20:09:22.030000,0.94566,48
71,16917967,Thái Văn Tài,2026-09-30 06:19:00.176000,0.94566,48
72,16798831,Naji,2026-09-30 23:50:38.940000,0.94566,48
73,16802405,Toshifumi Komiya,2026-09-30 10:59:29.256000,0.94566,48
74,16845946,lucataco,2026-09-30 16:16:37.910000,0.94566,48
75,16799914,tomasa2,2026-09-30 22:03:08.293000,0.94566,48
76,16799720,Krizsó Gergely,2026-09-30 21:56:15.903000,0.94566,48
77,16798730,K.THARUN KUMAR,2026-09-30 23:23:48.233000,0.94566,48
78,16961208,Nada Youssef Amrawy,2026-09-30 17:13:16.766000,0.94566,48
79,16960341,Daniel Mineev,2026-09-30 21:03:28.656000,0.94565,79
80,16799414,Laurent Pourchot,2026-09-30 12:05:59.383000,0.94565,79
81,16802848,Soham,2026-09-30 16:56:49.763000,0.94565,79
82,16942826,Layer_0,2026-09-30 17:58:08.813000,0.94565,79
83,16810673,BT boilerplate,2026-09-30 20:47:07.623000,0.94565,79
84,16889447,Exposed,2026-09-30 07:15:30.013000,0.94565,79
85,16947779,SHUBH SETH,2026-09-30 23:58:15.970000,0.94565,79
86,16918504,Adnan Zaman,2026-09-30 20:12:56.200000,0.94565,79
87,16930522,Shinonome Seiga,2026-09-30 17:49:57.056000,0.94565,79
88,16849526,hajiev nail,2026-09-30 20:12:54.010000,0.94565,79
89,16798870,Jenny He,2026-09-30 11:07:14.140000,0.94565,79
90,16879439,vizeno,2026-09-30 18:04:38.036000,0.94565,79
91,16903815,HyeongSeok Lee_KR,2026-09-30 03:38:19,0.94565,79
92,16823555,Bulşah Keçici,2026-09-30 20:47:37.706000,0.94565,79
93,16895859,Tadeáš Tkadlec,2026-09-30 20:24:31.420000,0.94565,79
94,16926930,Aleksei Martyniuk,2026-09-30 17:37:59.233000,0.94565,79
95,16965556,Duc Trung Hoang,2026-09-30 15:41:58.696000,0.94565,79
96,16800764,Mizushima Toshihiko,2026-09-30 16:23:42.873000,0.94565,79
97,16803084,Satyam Kumar0725,2026-09-30 13:39:10.766000,0.94565,79
98,16805583,jazivxt,2026-09-30 19:23:27.236000,0.94565,79
99,16989382,Tatsuya Wakabayashi,2026-09-30 20:29:39.093000,0.94564,99
100,16848028,Kirderf,2026-09-30 20:46:07.313000,0.94564,99
101,16954601,Gigrise,2026-09-30 20:50:43.616000,0.94564,99
102,16920770,Nikitas Rafael Nikitas,2026-09-30 22:01:24.383000,0.94564,99
103,16807114,jdw0899,2026-09-30 10:21:24.393000,0.94564,99
104,16958343,Andrewy,2026-09-30 14:14:11.616000,0.94564,99
105,16799042,F.A.Nina,2026-09-30 23:50:21.366000,0.94564,99
106,16993681,batuhan kalem,2026-09-30 23:22:53.966000,0.94564,99
107,16849043,xinghan,2026-09-30 20:01:37.513000,0.94564,99
108,16798882,Solid,2026-09-30 23:53:45.070000,0.94564,99
109,16962422,zengpu,2026-09-30 17:34:34.630000,0.94564,99
110,16847802,IchikaHoshino,2026-09-30 23:27:28.710000,0.94564,99
111,16984058,Oguz Enver Uzan,2026-09-30 21:02:40.033000,0.94564,99
112,16807961,Arivu Chezhiyan,2026-09-30 20:15:09.173000,0.94564,99
113,16798563,M.N. Mohamed Aman,2026-09-30 23:20:18.510000,0.94564,99
114,16932351,Amr Yasser,2026-09-30 19:23:46.443000,0.94564,99
115,16946511,Roustoum Abdel Moula,2026-09-30 20:34:49.306000,0.94564,99
116,16924966,SynthReaper,2026-09-30 21:24:06.470000,0.94564,99
117,16799115,kglctf,2026-09-30 21:56:30.770000,0.94564,99
118,16924463,Matterhorn3838,2026-09-30 23:26:18.920000,0.94564,99
119,16805518,Santiago Maniches,2026-09-30 23:42:14.823000,0.94564,99
120,16802394,LEVAN KANKADZE,2026-09-30 21:49:01.176000,0.94563,120
121,16800029,BhuvanNR,2026-09-30 23:53:41.446000,0.94563,120
122,16798714,Sung Heo,2026-09-30 21:34:32.996000,0.94563,120
123,16842264,ML Player 1,2026-09-30 18:35:46.060000,0.94563,120
124,16947206,Aron Bakes,2026-09-30 22:16:29.643000,0.94563,120
125,16798880,Hermengardo,2026-09-30 17:33:41.803000,0.94563,120
126,16840897,Kiran Kunapuli,2026-09-30 20:41:28.360000,0.94563,120
127,16863351,GeunMo Yi,2026-09-30 23:47:45.403000,0.94562,127
128,16993022,Cameron Warrennn,2026-09-30 17:49:47.330000,0.94562,127
129,16802434,Arko Bera,2026-09-30 14:41:43.470000,0.94562,127
130,16799231,Omkar Kadam,2026-09-30 19:10:46.966000,0.94562,127
131,16801830,Tilii,2026-09-30 19:50:16.250000,0.94562,127
132,16885983,Mohamed el.harery,2026-09-30 07:33:25.220000,0.94562,127
133,16916842,Anon,2026-09-30 13:24:06.363000,0.94562,127
134,16847933,weichy7,2026-09-30 09:23:33.386000,0.94561,134
135,16962692,Haarinii,2026-09-30 11:55:50.453000,0.94561,134
136,16975158,yuanshi789,2026-09-30 02:12:27.503000,0.94561,134
137,16799543,Finezza,2026-09-30 19:03:00.080000,0.94561,134
138,16965445,Mohamed Salah,2026-09-30 22:37:14.933000,0.94561,134
139,16809944,Brejesh Balakrishnan,2026-09-30 04:46:17.536000,0.94561,134
140,16990319,Iason Malkotsis,2026-09-30 11:59:14.793000,0.94561,134
141,16853354,Eduardo Molina,2026-09-26 01:31:49.853000,0.94561,134
142,16980610,Adisak Sukul,2026-09-30 00:02:02.970000,0.94561,134
143,16968608,Teo Benarous,2026-09-30 22:29:39.073000,0.94561,134
144,16832536,Md. Hamid Hosen,2026-09-30 15:31:57.400000,0.94561,134
145,16811824,Hammad Farooq,2026-09-30 18:11:23.890000,0.94561,134
146,16966025,Minato Namikaze,2026-09-30 15:19:03.636000,0.94561,134
147,16962962,Muhammed Ashiq Abdul Khader,2026-09-26 18:14:33.886000,0.94561,134
148,16944452,Teddy Tennant,2026-09-30 22:36:22.723000,0.94561,134
149,16799336,Souvik_D_Biswas,2026-09-30 12:37:46.156000,0.94561,134
150,16799998,Hemanth Raja Guttikonda,2026-09-30 14:41:31.983000,0.94561,134
151,16802581,AI6102,2026-09-30 15:22:53.110000,0.94561,134
152,16875526,CHENJUNFENG,2026-09-30 15:38:33.763000,0.94561,134
153,16839908,Mehran Kazeminia,2026-09-30 09:06:12.916000,0.94561,134
154,16799982,Talha Tursun,2026-09-30 09:00:56.743000,0.94561,134
155,16820688,Umair Zia,2026-09-30 09:24:22.700000,0.94561,134
156,16934946,T.Ashwath Ram,2026-09-30 16:54:58.900000,0.94561,134
157,16828688,All over the golf,2026-09-30 14:01:00.526000,0.94561,134
158,16894434,Zhenrui.Weng & Zhouyi.Wang,2026-09-30 12:41:50.630000,0.94561,134
159,16846969,Ashwathram T,2026-09-30 14:50:33.573000,0.94561,134
160,16985272,benkerrouche abdelbasset,2026-09-30 10:31:49.073000,0.94561,134
161,16798911,Chiranjeev,2026-09-30 15:00:20.736000,0.94561,134
162,16926841,Oleksandr Zalievskyi,2026-09-30 13:52:48.020000,0.94561,134
163,16806889,dagentui,2026-09-30 17:58:29.303000,0.94561,134
164,16870701,Võ Xuân Thùy,2026-09-30 17:38:31.880000,0.94561,134
165,16947490,IITH & NITA,2026-09-30 17:18:47.063000,0.94561,134
166,16992627,Adam Vajda,2026-09-30 22:20:15.316000,0.94561,134
167,16970854,Tarekswd,2026-09-30 19:22:02.036000,0.9456,167
168,16805966,CAPRICORNUS0908,2026-09-30 13:30:21.583000,0.9456,167
169,16966993,Hironori,2026-09-30 13:42:34.146000,0.9456,167
170,16803041,nkmr,2026-09-30 03:52:36.393000,0.9456,167
171,16823977,Guilherme Raiuga,2026-09-30 14:20:56.393000,0.9456,167
172,16886121,Kota Fuchiwaki,2026-09-30 10:30:19.903000,0.9456,167
173,16932982,Francisco Angulo de Lafuente,2026-09-30 10:25:04.996000,0.9456,167
174,16806545,mochi0601,2026-09-30 04:36:49.056000,0.9456,167
175,16926809,62326368,2026-09-30 21:58:37.193000,0.9456,167
176,16928229,Gao Yingbo,2026-09-30 18:16:47.583000,0.9456,167
177,16801847,QuedboX,2026-09-30 19:05:50.100000,0.9456,167
178,16809986,Guru Prasaath S,2026-09-30 19:17:50.150000,0.9456,167
179,16832427,ASHML,2026-09-30 17:17:48.373000,0.94559,179
180,16866220,Kydyrbek Kozykorpesh,2026-09-30 18:14:19.766000,0.94559,179
181,16886396,Rajan Nagarajan,2026-09-30 14:44:27.240000,0.94559,179
182,16992280,Chloe,2026-09-30 15:19:27.603000,0.94559,179
183,16830559,guansuo,2026-09-30 15:31:24.413000,0.94559,179
184,16803030,Hoai Vo,2026-09-30 15:57:33.413000,0.94559,179
185,16954890,HUANG PENGYU,2026-09-30 17:02:25.250000,0.94559,179
186,16865509,Danush_Kalyan,2026-09-30 18:03:43.333000,0.94559,179
187,16960466,Phantom F5,2026-09-30 08:09:44.746000,0.94559,179
188,16885753,Rabia Naz,2026-09-30 22:01:37.233000,0.94559,179
189,16948518,muqsithanif,2026-09-30 06:08:02.476000,0.94559,179
190,16840371,CG,2026-09-30 16:32:41.890000,0.94559,179
191,16906909,BobtheBot369,2026-09-30 00:04:45.513000,0.94558,191
192,16803972,Pradeep Sriramula,2026-09-30 15:49:48.790000,0.94558,191
193,16809769,Machine Learners,2026-09-30 18:18:48.083000,0.94558,191
194,16977750,kojikojikeio,2026-09-29 00:06:43.140000,0.94558,191
195,16988606,naren_v,2026-09-30 05:52:09.523000,0.94558,191
196,16857288,Jerry,2026-09-30 01:42:55.650000,0.94558,191
197,16922102,Prabhat Agnihotri,2026-09-30 13:26:55.563000,0.94558,191
198,16798965,Hussaan Haroon,2026-09-30 17:22:11,0.94557,198
199,16802953,Ole-Jakob,2026-09-30 08:47:41.676000,0.94557,198
200,16983574,Bohan Shao,2026-09-30 13:02:34.876000,0.94556,200
201,16841803,JasonDTao,2026-09-30 05:03:11.310000,0.94556,200
202,16822208,Jasper Dekoninck,2026-09-05 18:28:21.373000,0.94556,200
203,16854578,Asuu Dane,2026-09-30 01:22:57.296000,0.94556,200
204,16810015,shawncsx,2026-09-30 00:47:10.980000,0.94556,200
205,16969120,Arnab G.,2026-09-29 00:20:14.696000,0.94555,205
206,16848218,Thiago L.,2026-09-30 10:45:37.720000,0.94555,205
207,16833479,pp,2026-09-28 00:02:35.226000,0.94554,207
208,16969657,Anand B,2026-09-28 00:05:04.830000,0.94553,208
209,16989621,jvnhong lei,2026-09-30 16:13:39.016000,0.94552,209
210,16867753,Varangians,2026-09-30 09:22:33.050000,0.94552,209
211,16971631,Abdülbaki Bayır,2026-09-30 13:41:03.470000,0.94552,209
212,16918677,cinnamon melon pig,2026-09-25 22:55:57.560000,0.94552,209
213,16855478,CHEN Xiang,2026-09-30 15:25:57.526000,0.94551,213
214,16942458,Syed Haris,2026-09-30 19:44:16.426000,0.94551,213
215,16798614,cstdy,2026-09-20 12:21:22.323000,0.94551,213
216,16916970,Zuki,2026-09-19 10:51:39.610000,0.94551,213
217,16962037,Ömer Faruk Yüce,2026-09-30 20:34:47.870000,0.94551,213
218,16993067,Shozyfrenia,2026-09-30 18:04:17.500000,0.94551,213
219,16807474,Tamerlan Omralinov,2026-09-29 08:55:27.346000,0.94551,213
220,16858192,Igor A,2026-09-20 10:08:43.996000,0.94551,213
221,16952534,Nolan BONHOMME,2026-09-29 00:02:30.903000,0.9455,221
222,16799267,June3141,2026-09-29 13:49:29.316000,0.9455,221
223,16932566,Aman Anand,2026-09-28 01:44:49.866000,0.9455,221
224,16966234,Silita,2026-09-27 06:17:31.196000,0.9455,221
225,16933492,Pranav Natekar,2026-09-25 01:03:15.720000,0.9455,221
226,16892601,Rockandmat,2026-09-30 13:39:07.996000,0.94549,226
227,16974443,Pirhosseinlou,2026-09-28 13:05:24.540000,0.94549,226
228,16838574,Taemyung Heo,2026-09-29 15:15:48.740000,0.94549,226
229,16957086,Richard (Ryszard) Cieplechowicz,2026-09-30 12:47:37.043000,0.94549,226
230,16811459,GCarnovale,2026-09-29 00:21:14.536000,0.94549,226
231,16798601,Georgy Mamarin,2026-09-26 11:59:48.216000,0.94549,226
232,16799762,NapoleonIT,2026-09-14 07:31:37.326000,0.94549,226
233,16889922,Simonlolita,2026-09-30 11:07:09.510000,0.94549,226
234,16882163,Oleksii Zhukov,2026-09-19 04:22:25.553000,0.94548,234
235,16801189,Keanan,2026-09-28 07:55:27.946000,0.94548,234
236,16921192,Heval Önay,2026-09-29 14:04:17.596000,0.94548,234
237,16948839,Celibistrial,2026-09-27 13:37:13.860000,0.94548,234
238,16858537,VC4,2026-09-28 19:09:14.460000,0.94548,234
239,16798830,Juyong,2026-09-29 01:29:55.503000,0.94548,234
240,16826356,Pablo César Ruíz,2026-09-20 02:03:25,0.94548,234
241,16942050,Raymond Parker,2026-09-25 21:03:41.066000,0.94548,234
242,16919982,Nao Matsuda,2026-09-30 22:43:54.250000,0.94548,234
243,16969033,Umut Büdün,2026-09-29 19:42:03.636000,0.94548,234
244,16863564,Saki Tenma,2026-09-30 06:14:48.743000,0.94548,234
245,16807998,Md Abdul Al Hasib,2026-09-29 16:35:13.983000,0.94548,234
246,16806374,Ronit Agarwal,2026-09-30 00:11:53.453000,0.94548,234
247,16988202,Karina,2026-09-30 02:02:54.340000,0.94548,234
248,16970067,LEEKANG,2026-09-30 02:15:57.076000,0.94548,234
249,16798605,Pavlo Ivanin,2026-09-30 23:37:33.556000,0.94548,234
250,16986735,Ryan Fernandes,2026-09-30 05:58:49.606000,0.94548,234
251,16806230,yukiZ,2026-09-29 23:25:02.833000,0.94548,234
252,16865334,Rohitt_94,2026-09-30 14:16:15.043000,0.94548,234
253,16802824,Liam O’Brien,2026-09-29 23:00:48.870000,0.94548,234
254,16832257,Jack,2026-09-30 20:24:43.783000,0.94548,234
255,16800040,Fabien Roduit,2026-09-27 07:43:17.920000,0.94547,255
256,16950129,s0673468,2026-09-30 13:56:13.480000,0.94547,255
257,16858075,Carter,2026-09-28 19:25:38.463000,0.94547,255
258,16807946,Supanat Khaodhiar,2026-09-28 20:16:24.050000,0.94547,255
259,16857433,F0921,2026-09-25 01:56:19.526000,0.94547,255
260,16920832,SEUN OH,2026-09-24 08:43:53.403000,0.94547,255
261,16939010,Escap1ng,2026-09-22 12:29:43.620000,0.94547,255
262,16977842,Ujjval Patel,2026-09-30 08:51:35.410000,0.94547,255
263,16802720,shimizuYY,2026-09-27 16:09:10.560000,0.94547,255
264,16977594,Hitarth Jain,2026-09-29 11:22:40.410000,0.94547,255
265,16927708,里奥梅东,2026-09-24 13:59:41.713000,0.94547,255
266,16798984,sABHI,2026-09-29 17:27:07.206000,0.94547,255
267,16799518,Danish Adam,2026-09-29 08:55:48.756000,0.94546,267
268,16967877,ISeeData,2026-09-29 06:59:04.386000,0.94546,267
269,16865714,UTE AI Lab,2026-09-29 10:43:35.813000,0.94546,267
270,16926569,Jet Locati,2026-09-30 20:22:32.590000,0.94546,267
271,16804794,avg,2026-09-25 14:02:26.583000,0.94546,267
272,16978899,casper2080,2026-09-29 03:10:08.910000,0.94546,267
273,16945611,Yoshitomo AI,2026-09-26 13:26:52.613000,0.94546,267
274,16922922,Jeff Xue,2026-09-19 17:29:17.066000,0.94546,267
275,16817920,Juan Oliver,2026-09-25 15:17:56.726000,0.94546,267
276,16947885,Syed Mohammad Ali,2026-09-24 12:19:39.330000,0.94545,276
277,16799970,Tuncay Aydın,2026-09-30 14:28:43.943000,0.94545,276
278,16848963,DefiAudit,2026-09-30 00:16:18.830000,0.94545,276
279,16980932,A.T.Sahin,2026-09-28 20:27:47.726000,0.94545,276
280,16850553,Mark Barney,2026-09-29 12:03:15.753000,0.94545,276
281,16808095,kminsher,2026-09-25 11:23:18.163000,0.94545,276
282,16974636,TildAlice,2026-09-28 04:04:10.480000,0.94545,276
283,16842110,nick.ai007,2026-09-25 04:17:31.706000,0.94545,276
284,16870992,Aaryan Pawar,2026-09-16 07:41:03.303000,0.94545,276
285,16968019,Juan David Villate,2026-09-28 22:33:24.450000,0.94545,276
286,16868621,Code Master,2026-09-30 22:19:46.456000,0.94545,276
287,16854010,Dank Axon,2026-09-16 05:40:55.796000,0.94545,276
288,16893928,JackyFan123,2026-09-16 11:18:45.380000,0.94545,276
289,16839987,Dalia Mowafy,2026-09-30 12:25:41.633000,0.94545,276
290,16930775,Amaraa,2026-09-29 05:11:19.736000,0.94545,276
291,16944307,Lukan,2026-09-29 15:18:17.073000,0.94545,276
292,16953989,lockcole,2026-09-25 03:26:46.916000,0.94545,276
293,16906503,K3V1NM,2026-09-18 17:33:11.800000,0.94545,276
294,16946312,himanshu mittal,2026-09-30 10:26:29.453000,0.94545,276
295,16968806,Ayaan Mustafa,2026-09-29 12:34:20.363000,0.94545,276
296,16805310,Sergey Qt2024,2026-09-30 08:23:39.523000,0.94545,276
297,16822873,hkassimi,2026-09-20 13:28:37.090000,0.94545,276
298,16803528,choqui62,2026-09-26 10:17:36.353000,0.94545,276
299,16812070,Shuta Takano,2026-09-28 12:27:55.296000,0.94545,276
300,16845485,niulai,2026-09-08 03:57:10.086000,0.94545,276
301,16808677,Funguscakehead,2026-09-21 02:48:24.393000,0.94545,276
302,16805739,Gerald Schwartz,2026-09-30 00:30:54.523000,0.94545,276
303,16925005,conole,2026-09-19 12:35:41.116000,0.94545,276
304,16798600,Busya PRIME,2026-09-21 15:04:59.186000,0.94545,276
305,16943698,Akil Al-Sharafi,2026-09-25 10:16:53.033000,0.94545,276
306,16847295,Team HRI,2026-09-16 11:56:35.616000,0.94545,276
307,16920408,Artur Markosyan,2026-09-29 13:47:58.646000,0.94545,276
308,16952328,notme,2026-09-25 13:04:46.880000,0.94544,308
309,16823643,Muneeb ul Hassan,2026-09-29 07:40:33.096000,0.94544,308
310,16968824,MedvAx,2026-09-27 07:58:07.306000,0.94544,308
311,16971606,azamat1ch,2026-09-27 20:48:31.290000,0.94544,308
312,16814218,人畜无害,2026-09-29 04:38:44.440000,0.94544,308
313,16805476,KuziJA,2026-09-30 00:14:30.586000,0.94544,308
314,16807627,aki,2026-09-26 06:38:01.330000,0.94544,308
315,16960581,Repala Manideep,2026-09-25 14:34:48.480000,0.94544,308
316,16884436,malcolm tan,2026-09-16 05:28:33.523000,0.94544,308
317,16853876,KotaroT1,2026-09-30 04:51:56.880000,0.94544,308
318,16955421,kalizo,2026-09-27 03:16:44.773000,0.94544,308
319,16985119,Victor Chege,2026-09-30 17:35:21.230000,0.94544,308
320,16907387,Slowed,2026-09-30 20:13:43.136000,0.94544,308
321,16808436,NIklitaCheporev,2026-09-23 21:59:28.926000,0.94544,308
322,16905485,Le Huy Tuong,2026-09-28 04:06:16.446000,0.94544,308
323,16839897,kenchanhodgkin,2026-09-30 21:56:05.673000,0.94544,308
324,16946750,Kefei Yan,2026-09-24 18:24:02.050000,0.94544,308
325,16838711,sakkn sakkn,2026-09-27 21:41:37.973000,0.94544,308
326,16839321,shenjj02,2026-09-26 12:11:41.333000,0.94544,308
327,16911754,Mohd Aasim Ansari,2026-09-18 05:35:52.533000,0.94544,308
328,16859870,Pankaj_Kumar037,2026-09-23 12:39:29.403000,0.94544,308
329,16914484,Sachin Sachdeva,2026-09-18 11:49:30.360000,0.94544,308
330,16929633,snehitha28,2026-09-30 17:29:06.456000,0.94544,308
331,16847488,Yan Tao Tang,2026-09-29 13:11:15.056000,0.94544,308
332,16800069,wmls^0^okok,2026-09-27 11:00:10.300000,0.94544,308
333,16972808,Yoyo,2026-09-29 10:32:52.166000,0.94544,308
334,16885873,Дмитрий Герасимов,2026-09-13 10:58:15.806000,0.94544,308
335,16886880,Elvis GEM,2026-09-24 12:06:38.886000,0.94544,308
336,16813926,인공저능연구소( Artificial Idiocy Lab ),2026-09-30 03:36:58.933000,0.94544,308
337,16801873,Evgeny Nevodnich,2026-09-16 17:06:42.600000,0.94544,308
338,16805488,Meryem Kevser Keskin,2026-09-27 16:31:46.913000,0.94544,308
339,16953361,Dheerendra Singh Tomar,2026-09-28 07:23:09.080000,0.94544,308
340,16978397,Vasu Soni,2026-09-28 12:39:36.300000,0.94544,308
341,16933215,ashark.0027,2026-09-28 12:43:40.073000,0.94544,308
342,16897877,Mitansh kanani ,2026-09-30 16:47:38.863000,0.94544,308
343,16798636,Jeki Wan Taufik,2026-09-29 00:29:46.013000,0.94544,308
344,16984469,Phoenix #3,2026-09-29 10:28:25.290000,0.94544,308
345,16799732,camurberkayy,2026-09-30 11:08:30.660000,0.94544,308
346,16889144,YASH JAMINE,2026-09-30 12:35:42.330000,0.94544,308
347,16952788,Aarav C,2026-09-30 17:03:21.353000,0.94544,308
348,16946640,Stefan,2026-09-30 18:06:28.306000,0.94544,308
349,16970174,pioneerqaz,2026-09-30 00:44:56.330000,0.94544,308
350,16866334,Zihang Yu,2026-09-30 19:21:41.393000,0.94544,308
351,16925978,herens,2026-09-29 06:04:21.603000,0.94544,308
352,16933154,Atlas Black,2026-09-30 06:21:47.020000,0.94544,308
353,16803997,Praneeth Paikray,2026-09-24 09:38:56.726000,0.94544,308
354,16804861,RuiFSPinto,2026-09-28 06:47:15.776000,0.94544,308
355,16954151,Doge(Adv. LinHuayan&LiuPeng),2026-09-27 11:36:02.823000,0.94544,308
356,16848636,Takumu Hata,2026-09-19 15:13:59.086000,0.94544,308
357,16823225,Aurrog,2026-09-13 16:25:58.020000,0.94544,308
358,16963295,Kwaku Bonsu Wiredu,2026-09-29 15:56:22.410000,0.94544,308
359,16928153,anngle,2026-09-30 04:52:20.890000,0.94544,308
360,16799784,Mathurin Ache,2026-09-29 07:48:44.553000,0.94544,308
361,16971795,Lewis Roy,2026-09-29 08:24:15.490000,0.94544,308
362,16861020,VIKASH YADAV,2026-09-29 04:45:36.273000,0.94544,308
363,16944232,Jimin Wang,2026-09-30 06:22:16.006000,0.94544,308
364,16989173,Diyorbek Islomov,2026-09-30 08:30:32.323000,0.94544,308
365,16855994,Vanshika,2026-09-30 09:02:32.996000,0.94544,308
366,16991391,Riddy Mazumder,2026-09-30 12:52:44.226000,0.94544,308
367,16880417,Dazai_is_not_here,2026-09-30 16:17:04.166000,0.94544,308
368,16804877,Code by Nadiia,2026-09-30 16:43:05.783000,0.94544,308
369,16928334,Vaibhav Nhayade,2026-09-30 19:33:34.160000,0.94544,308
370,16897049,Sammy Anagavah,2026-09-30 09:43:54.470000,0.94544,308
371,16805147,Hemingweb,2026-09-30 22:21:53.176000,0.94544,308
372,16936562,mukdam,2026-09-29 12:47:11.593000,0.94544,308
373,16824841,Faraz Shamim,2026-09-28 11:22:06.023000,0.94544,308
374,16961288,HyperNeonByte,2026-09-30 15:50:13.526000,0.94543,374
375,16922915,JerryChen,2026-09-28 00:56:11.993000,0.94543,374
376,16838710,psychoTKC,2026-09-29 13:01:33.570000,0.94543,374
377,16832278,hotaq,2026-09-22 08:31:32.850000,0.94543,374
378,16922131,Madhu Siddharth,2026-09-25 01:10:32.223000,0.94543,374
379,16841137,Görkem Ege Akıncı,2026-09-25 02:56:41.953000,0.94543,374
380,16871921,Md Arafat,2026-09-30 11:51:23.440000,0.94543,374
381,16885134,Manjunadh Padarthi,2026-09-17 06:28:20.516000,0.94543,374
382,16939901,HaoL,2026-09-22 11:43:05.960000,0.94543,374
383,16840930,Dubnium,2026-09-23 13:11:15.516000,0.94543,374
384,16858954,Khoi Ng,2026-09-17 08:37:42.866000,0.94543,374
385,16894248,Ahsaan Raza,2026-09-17 17:45:56.790000,0.94543,374
386,16843266,Jim879793123,2026-09-30 12:49:44.446000,0.94543,374
387,16810800,Randy,2026-09-21 01:39:46.983000,0.94543,374
388,16930462,Дмитрий Томилов,2026-09-20 16:19:40.520000,0.94543,374
389,16957851,fukangzhang9,2026-09-30 19:32:00.023000,0.94543,374
390,16930304,Tsjzkzyzz,2026-09-20 11:44:34.900000,0.94543,374
391,16799328,CyberRacoon,2026-09-24 10:20:21.050000,0.94543,374
392,16924035,Furqan Ahmad,2026-09-21 18:56:49.356000,0.94543,374
393,16953249,Thomas Tschinkel,2026-09-24 12:45:21.883000,0.94543,374
394,16805319,サポタン,2026-09-30 02:10:30.743000,0.94543,374
395,16968833,Priyanshu Kumar,2026-09-28 11:02:17.576000,0.94543,374
396,16876270,Asem Adnan,2026-09-26 17:29:14.080000,0.94543,374
397,16945562,Parth Patel,2026-09-29 22:49:04.993000,0.94543,374
398,16881621,MudassarPAPI,2026-09-25 08:13:48.736000,0.94543,374
399,16802812,Abu Kayyisah Basyid,2026-09-19 16:03:39.636000,0.94543,374
400,16840999,Emirhan,2026-09-30 15:41:36.436000,0.94543,374
401,16804882,elmo,2026-09-19 06:34:28.160000,0.94543,374
402,16957530,misten,2026-09-26 06:42:57.843000,0.94543,374
403,16978004,lanhuanggao,2026-09-30 09:19:31.543000,0.94543,374
404,16889983,Subodh Deogade,2026-09-16 14:01:11.503000,0.94543,374
405,16798723,ganesha,2026-09-28 05:12:39.383000,0.94543,374
406,16944934,Orange,2026-09-30 13:22:06.176000,0.94543,374
407,16890256,Luca Portugalli,2026-09-16 21:07:00.920000,0.94543,374
408,16904557,Aliy Elbekov,2026-09-18 09:28:42.980000,0.94543,374
409,16799609,Vinay Rai,2026-09-25 11:49:18.406000,0.94543,374
410,16821861,Mohammed Majeed,2026-09-26 14:18:01.473000,0.94543,374
411,16894524,Chudeng Lin,2026-09-15 08:38:36.810000,0.94543,374
412,16958698,lllllll1111,2026-09-29 04:05:42.253000,0.94543,374
413,16828094,兄弟陪我同甘共苦，我就变同甘苦兄弟,2026-09-20 09:28:21.623000,0.94543,374
414,16906682,peizhen qiu,2026-09-16 13:58:40.420000,0.94543,374
415,16825448,Arnav Goel,2026-09-16 14:38:14.486000,0.94543,374
416,16807388,Minh Đăng Lê,2026-09-27 15:14:44.213000,0.94543,374
417,16931489,Zuoqinghua,2026-09-29 00:13:00.810000,0.94543,374
418,16832827,JeedimetlaCharan213,2026-09-15 11:56:37.893000,0.94543,374
419,16882446,AlperennBaran,2026-09-20 11:36:49.600000,0.94543,374
420,16918435,Roxy CAT22,2026-09-22 09:53:42.210000,0.94543,374
421,16888372,Niloofar Yoonesi,2026-09-27 07:07:47.546000,0.94543,374
422,16898480,Pranav pant,2026-09-25 06:54:28.186000,0.94543,374
423,16814953,ypl0lpy,2026-09-09 06:29:49.386000,0.94543,374
424,16799087,easonyanyan,2026-09-28 04:56:58.526000,0.94543,374
425,16897999,Kelp1k,2026-09-15 21:11:29.673000,0.94543,374
426,16803203,oliver,2026-09-30 18:11:37.850000,0.94543,374
427,16921149,Soren-ABT,2026-09-24 08:50:11.506000,0.94543,374
428,16814215,Pra,2026-09-18 18:17:43.670000,0.94543,374
429,16909151,mrwanggang,2026-09-23 06:42:29.293000,0.94543,374
430,16910591,Laraib Fatima,2026-09-17 03:59:39.220000,0.94543,374
431,16921484,Ahmed Abohadeed,2026-09-18 15:43:56.596000,0.94543,374
432,16804031,JusteME😅,2026-09-22 18:27:50.493000,0.94543,374
433,16943450,green algeria,2026-09-22 19:08:46.513000,0.94543,374
434,16856887,Aamod06,2026-09-26 14:14:13.943000,0.94543,374
435,16944869,Sahil Sharma,2026-09-23 10:03:33.936000,0.94543,374
436,16809918,aliemirkoca,2026-09-23 14:06:10.343000,0.94543,374
437,16844752,Senih Bayankulu,2026-09-20 14:10:32.803000,0.94542,437
438,16933854,m_meles,2026-09-21 16:34:30.943000,0.94542,437
439,16891683,yjjhuj,2026-09-15 05:54:13.783000,0.94542,437
440,16845269,GyuDong Lee,2026-09-17 02:16:11.673000,0.94542,437
441,16801810,Anushka Kumari,2026-09-15 13:18:48.370000,0.94542,437
442,16896249,Gaurav Kokila,2026-09-29 18:59:54.290000,0.94542,437
443,16853864,Ritanshu Prasad,2026-09-28 09:58:44.983000,0.94542,437
444,16896130,Pj Sh,2026-09-16 12:27:59.200000,0.94542,437
445,16805381,taiseiu,2026-09-18 05:59:03.603000,0.94542,437
446,16847462,kphotchara,2026-09-23 07:25:33.120000,0.94542,437
447,16897825,ghostttt_who,2026-09-16 12:26:40.490000,0.94542,437
448,16802111,Nazar Koval,2026-09-30 20:23:45.390000,0.94542,437
449,16875988,Taeyang,2026-09-14 11:24:41.943000,0.94542,437
450,16798705,shushushun,2026-09-26 11:43:39.090000,0.94542,437
451,16969409,explise,2026-09-28 12:44:36.753000,0.94542,437
452,16827009,dosomethingbetter,2026-09-18 10:34:56.963000,0.94542,437
453,16808003,Matilda Tasiens,2026-09-30 16:05:37.633000,0.94542,437
454,16954730,Lio Kingo,2026-09-28 06:43:08.416000,0.94542,437
455,16802907,YUYA,2026-09-30 10:07:08.993000,0.94542,437
456,16904645,Longyu Qin,2026-09-17 22:53:15.093000,0.94542,437
457,16912809,spark328,2026-09-17 09:19:01.630000,0.94542,437
458,16820934,Nilav Kashyap,2026-09-25 14:28:39.523000,0.94542,437
459,16881307,yeqinxin,2026-09-18 06:54:04.510000,0.94542,437
460,16918752,Hyun-woo Kim,2026-09-18 06:45:26.546000,0.94542,437
461,16913726,suxing-star,2026-09-19 05:19:35.650000,0.94542,437
462,16919863,Arseniy Kalashnikov,2026-09-18 09:52:53.856000,0.94542,437
463,16799149,Jay Prakash,2026-09-30 22:46:04.816000,0.94542,437
464,16920300,Sum Hsin Jee,2026-09-18 14:23:52.360000,0.94542,437
465,16921247,Лукин Алексей,2026-09-18 21:13:06.836000,0.94542,437
466,16802882,Adithya Giridharan,2026-09-23 13:59:16.230000,0.94542,437
467,16814691,Chinzorigt Ganbat,2026-09-29 13:50:04.133000,0.94542,437
468,16876854,MPEVP,2026-09-25 17:55:26.600000,0.94542,437
469,16953096,Harish Yadav,2026-09-24 11:49:43.603000,0.94542,437
470,16954083,TomaszBoguslawski,2026-09-24 13:49:09.536000,0.94542,437
471,16937097,etsuko,2026-09-28 14:23:32.093000,0.94542,437
472,16955169,SibamSamanta07,2026-09-24 17:16:41.600000,0.94542,437
473,16831056,Alexey Kuznetsov,2026-09-26 14:44:31.076000,0.94542,437
474,16961274,河瀬　蒼央,2026-09-25 13:10:55.410000,0.94542,437
475,16805281,SC,2026-09-26 14:45:57.276000,0.94542,437
476,16967958,Wai Wai,2026-09-27 03:14:52.663000,0.94542,437
477,16843671,Soni-KR,2026-09-29 13:11:51.660000,0.94542,437
478,16979056,Panagiotis Anagnostou,2026-09-29 19:02:55.416000,0.94542,437
479,16839989,awei,2026-09-28 16:27:32.623000,0.94542,437
480,16981924,K1taIkuyo,2026-09-29 05:19:23.636000,0.94542,437
481,16980381,Navya Nawal,2026-09-30 13:43:14.573000,0.94542,437
482,16959044,Punit Kanzariya,2026-09-30 12:40:37.586000,0.94542,437
483,16829821,Raghav Agrawal,2026-09-13 19:16:26.606000,0.94542,437
484,16907199,N.N.,2026-09-30 06:42:58.506000,0.94542,437
485,16949191,Sarun P M,2026-09-30 17:14:18.516000,0.94542,437
486,16854763,Iswar Patra,2026-09-25 16:41:37.423000,0.94542,437
487,16890917,Jiatong Ji,2026-09-20 07:21:51.826000,0.94542,437
488,16799121,thisray,2026-09-24 05:45:49.373000,0.94542,437
489,16831827,nick gault,2026-09-16 05:45:36.900000,0.94542,437
490,16799681,S-as-H,2026-09-30 10:38:03.186000,0.94542,437
491,16827807,Alpay Abbaszade,2026-09-15 16:41:07.710000,0.94542,437
492,16843855,Sumit Sarkar,2026-09-15 17:58:47.123000,0.94542,437
493,16870380,Tejasv Bhatia,2026-09-12 07:45:41.710000,0.94542,437
494,16974689,Soilair,2026-09-30 20:15:34.373000,0.94542,437
495,16881524,Muhammed Shad Bhati,2026-09-12 14:14:51.686000,0.94542,437
496,16885493,Briano,2026-09-28 03:49:08.486000,0.94542,437
497,16879871,Jakiduy,2026-09-17 16:45:03.120000,0.94542,437
498,16891090,yankai shao,2026-09-16 01:23:13.426000,0.94542,437
499,16886835,LIH.YUN,2026-09-13 18:04:03.733000,0.94542,437
500,16845334,Dary Cuello,2026-09-13 02:06:20.436000,0.94542,437
501,16799484,Charismatic Pizza Party🍕,2026-09-28 05:28:46.930000,0.94542,437
502,16881958,Febriyansyah,2026-09-12 21:29:21.383000,0.94542,437
503,16889249,Dirt Ball,2026-09-16 02:51:37.556000,0.94542,437
504,16924033,Apil Khadka,2026-09-30 18:24:08.430000,0.94542,437
505,16802297,Aman Atar,2026-09-25 14:19:12.370000,0.94542,437
506,16843656,Raju Sah,2026-09-22 01:13:18.510000,0.94542,437
507,16887398,ymtezo,2026-09-20 16:03:42.616000,0.94542,437
508,16955085,pinion05,2026-09-25 08:20:41.956000,0.94542,437
509,16807117,shisan92,2026-09-27 02:29:51.310000,0.94542,437
510,16932088,HuaXiang Liang,2026-09-27 03:09:10.243000,0.94542,437
511,16804076,Renji Starfall,2026-09-16 21:29:40.630000,0.94542,437
512,16954875,kyusang Jung,2026-09-27 12:49:14.670000,0.94542,437
513,16933056,WANG DONGYANG,2026-09-27 23:39:48.023000,0.94542,437
514,16808782,Semih Temiz,2026-09-22 20:50:13.580000,0.94542,437
515,16882852,John Tyler,2026-09-12 20:33:35.513000,0.94542,437
516,16920308,VicenteCardoso,2026-09-27 09:06:41.923000,0.94542,437
517,16913372,Devansh Gupta,2026-09-30 14:01:58.043000,0.94542,437
518,16879331,aliREZA,2026-09-29 05:12:47.180000,0.94542,437
519,16817026,kif,2026-09-29 23:34:04.393000,0.94542,437
520,16884013,fahim magsi,2026-09-13 11:16:52.753000,0.94542,437
521,16885322,aether,2026-09-13 12:20:19.890000,0.94542,437
522,16875499,Berat Erol ÇELİK,2026-09-29 13:02:59.090000,0.94542,437
523,16926155,Samer Elhamy ,2026-09-21 16:15:16.513000,0.94542,437
524,16932732,Chris Chia,2026-09-23 12:52:01.076000,0.94542,437
525,16842157,SM30,2026-09-11 13:09:35.136000,0.94542,437
526,16976448,chen yibo,2026-09-29 00:58:34.126000,0.94542,437
527,16803858,Elvern Neylmav Tanny,2026-09-14 03:11:21.103000,0.94542,437
528,16967441,Ahmet Kağan Koral,2026-09-29 18:10:03.053000,0.94542,437
529,16802764,cigdembal,2026-09-29 11:08:12.743000,0.94542,437
530,16891352,Catalyst,2026-09-14 13:56:56.710000,0.94541,530
531,16798611,Samuel martinez perez,2026-09-19 13:15:40.813000,0.94541,530
532,16930652,D_EXIST,2026-09-30 02:41:07.243000,0.94541,530
533,16887566,Sōsuke Aizen,2026-09-13 18:17:32.436000,0.94541,530
534,16852305,RainbowC0,2026-09-16 05:10:39.670000,0.94541,530
535,16897007,RUSHMANTH NALLURI,2026-09-24 00:08:14.583000,0.94541,530
536,16809829,Tatsuya Aramaki,2026-09-29 22:01:18.713000,0.94541,530
537,16970980,Yoyo0125,2026-09-29 23:05:49.723000,0.94541,530
538,16876094,Nihil1337,2026-09-30 18:03:06.833000,0.94541,530
539,16889701,Rahul Balakrishnan Adhi,2026-09-29 12:46:13.036000,0.94541,530
540,16889558,Sharath S,2026-09-29 12:48:08.680000,0.94541,530
541,16882307,Yadunandan Raman,2026-09-29 12:48:35.383000,0.94541,530
542,16889676,rowhit,2026-09-29 12:52:10.063000,0.94541,530
543,16881741,mmasato,2026-09-17 16:18:22.683000,0.94541,530
544,16935708,potter xu,2026-09-22 05:27:55.536000,0.94541,530
545,16943604,Wael El Ghazzawi,2026-09-22 21:11:31.513000,0.94541,530
546,16865969,SAURABH VISHWAKARMA,2026-09-18 06:54:02.926000,0.94541,530
547,16806684,Akmal Azzam o'g'li,2026-09-30 20:31:04.276000,0.94541,530
548,16802586,Rob Schieber,2026-09-30 22:32:21.226000,0.94541,530
549,16849951,Guy Bason,2026-09-25 10:53:22.256000,0.94541,530
550,16914611,zhangc0207,2026-09-25 03:05:58.613000,0.94541,530
551,16846342,khursani,2026-09-17 07:57:22.303000,0.94541,530
552,16809336,Sreejit Pradhan,2026-09-18 16:17:12.270000,0.94541,530
553,16817896,famou,2026-09-19 10:00:47.256000,0.94541,530
554,16802712,Michael Y. Qiu,2026-09-28 05:34:28.630000,0.94541,530
555,16802602,ML learner,2026-09-19 15:26:53.146000,0.94541,530
556,16942023,hr15de,2026-09-30 13:21:18.830000,0.94541,530
557,16798678,YoussefSalem_fr,2026-09-30 21:37:34.140000,0.94541,530
558,16907141,Habib ullah,2026-09-25 02:54:05.806000,0.94541,530
559,16875841,cccyou,2026-09-13 10:09:19.700000,0.94541,530
560,16894327,maccine,2026-09-18 12:56:06.136000,0.94541,530
561,16839884,MN Kaggler,2026-09-30 10:12:45.053000,0.94541,530
562,16823055,SDA000,2026-09-19 00:25:51.806000,0.94541,530
563,16804406,dangwok,2026-09-30 17:11:16.403000,0.94541,530
564,16809987,ManuelArt,2026-09-25 01:45:58.556000,0.94541,530
565,16823819,Clark Kitchen,2026-09-25 18:54:27.210000,0.94541,530
566,16798971,daoviet,2026-09-20 13:53:34.003000,0.94541,530
567,16805325,Monesh Satheeswaran,2026-09-22 17:43:48.886000,0.94541,530
568,16962707,Dragos XI,2026-09-29 21:00:14.493000,0.94541,530
569,16989373,Md Jahidul Islam Jihad,2026-09-30 06:53:12.400000,0.94541,530
570,16847692,Aryaveer Gupta,2026-09-30 07:01:14.193000,0.94541,530
571,16991170,AbdUlaziz Mohammed,2026-09-30 12:49:17.686000,0.94541,530
572,16917128,Here,2026-09-28 21:56:04.473000,0.94541,530
573,16879081,都是同龄人我原本没想降维打击！,2026-09-16 01:11:28.330000,0.9454,573
574,16886721,Harsh Kumar,2026-09-23 02:55:31.493000,0.9454,573
575,16933838,MYOUCER,2026-09-24 08:00:11.580000,0.9454,573
576,16864825,casperow,2026-09-28 08:21:21.070000,0.9454,573
577,16956668,Rafael Gallo,2026-09-25 02:24:37.256000,0.9454,573
578,16922413,Gullal,2026-09-30 02:12:54.533000,0.9454,573
579,16798792,Allan,2026-09-29 23:42:10.203000,0.9454,573
580,16947748,k1nyua,2026-09-28 12:25:24.256000,0.9454,573
581,16916705,paugibertacarreta,2026-09-20 19:59:36.023000,0.9454,573
582,16846930,Bertholdt,2026-09-11 07:19:59.863000,0.9454,573
583,16969223,dibagrov,2026-09-28 13:32:59.500000,0.9454,573
584,16820017,Mika SHNHR,2026-09-30 23:00:48.303000,0.9454,573
585,16980887,Rayane Rousseau,2026-09-30 00:50:28.126000,0.9454,573
586,16803281,Mohan Krishna Thalla,2026-09-20 18:33:23.813000,0.9454,573
587,16915397,Logan Clark,2026-09-17 14:34:52.260000,0.9454,573
588,16802789,DinCaus,2026-09-30 13:03:36.490000,0.9454,573
589,16808961,QSynPrim,2026-09-15 08:12:56.783000,0.9454,573
590,16808993,Akiyoshi Kinoshita,2026-09-30 21:15:56.383000,0.9454,573
591,16960843,Jarek Zmudzinski,2026-09-26 06:37:13.820000,0.9454,573
592,16916561,Prinshu Dewangan,2026-09-26 16:09:43.266000,0.9454,573
593,16881380,GAURAV PARKHEDKAR,2026-09-27 09:16:10.293000,0.9454,573
594,16799216,Ilya Sevastyanov,2026-09-30 03:14:52.196000,0.9454,573
595,16974617,ianchute,2026-09-27 22:22:55.916000,0.9454,573
596,16941384,Shaun2024,2026-09-23 07:28:50.480000,0.9454,573
597,16845047,Rafael Gomes,2026-09-11 20:51:23.370000,0.9454,573
598,16971475,Graziano Ucci,2026-09-28 14:12:20.973000,0.9454,573
599,16870580,Ugur Tasdan,2026-09-13 00:06:03.490000,0.9454,573
600,16922129,takdf056,2026-09-30 17:04:16.623000,0.9454,573
601,16824074,SOONHANKWON,2026-09-15 02:54:30.623000,0.9454,573
602,16798958,huangbin,2026-09-12 08:50:03.206000,0.9454,573
603,16853007,jeongwonyu123,2026-09-09 01:15:22.806000,0.9454,573
604,16948162,DovyDigital,2026-09-25 00:08:28.236000,0.9454,573
605,16925075,Killer Codm,2026-09-19 13:02:10.896000,0.9454,573
606,16832906,Nelson VIKOU,2026-09-30 18:56:43.403000,0.9454,573
607,16935462,Tom&Jerry,2026-09-23 07:40:32.430000,0.9454,573
608,16830917,Murat Emre YÜCEL,2026-09-09 10:48:11.786000,0.9454,573
609,16951221,Control1,2026-09-30 12:58:29.736000,0.9454,573
610,16842698,MinhTran2346,2026-09-10 08:41:40.356000,0.9454,573
611,16809884,Water ground,2026-09-30 16:30:45.280000,0.9454,573
612,16833189,DD_AI_Studio,2026-09-23 07:43:12.990000,0.94539,612
613,16907304,swamyksk@2004,2026-09-25 17:01:49.363000,0.94539,612
614,16810878,Jorgen9B,2026-09-28 20:08:50.266000,0.94539,612
615,16802998,Yoongdoo Noh,2026-09-30 22:59:40.173000,0.94539,612
616,16805596,zuoyi666,2026-09-30 23:11:33.273000,0.94539,612
617,16850451,Cpleasance,2026-09-12 00:14:49.146000,0.94539,612
618,16982851,wang zhanyi,2026-09-29 11:50:19.383000,0.94539,612
619,16849097,Diya Sharma,2026-09-10 17:08:57.600000,0.94539,612
620,16809162,kyle Taylorer,2026-09-12 09:37:54.883000,0.94539,612
621,16866897,Algorex,2026-09-10 13:50:15.933000,0.94539,612
622,16857102,Possible Knowledge,2026-09-12 19:35:53.560000,0.94539,612
623,16811961,Fil Thinh,2026-09-10 12:27:45.516000,0.94539,612
624,16799752,Romone Dunlop,2026-09-11 08:10:40.186000,0.94539,612
625,16864959,Ripon C. Malo,2026-09-10 23:28:47.623000,0.94539,612
626,16849496,PapaSoda,2026-09-09 17:08:57.846000,0.94539,612
627,16871221,haodou092,2026-09-11 06:22:54.640000,0.94539,612
628,16863612,JinchengZhang1,2026-09-10 02:54:35.193000,0.94539,612
629,16866332,Mantis,2026-09-22 13:17:05.273000,0.94539,612
630,16828175,Gregory L.,2026-09-10 11:33:00.276000,0.94539,612
631,16853244,Vũ Tuấn,2026-09-21 09:07:47.360000,0.94539,612
632,16866502,Aniket Abhishek Soni,2026-09-10 12:11:03.883000,0.94539,612
633,16870782,e3k,2026-09-23 08:10:24.440000,0.94539,612
634,16941297,Timmor,2026-09-24 18:25:52.936000,0.94539,612
635,16799072,lighth,2026-09-26 09:58:12.860000,0.94539,612
636,16802187,jyama,2026-09-17 23:16:16.330000,0.94539,612
637,16881329,Den Pugovkin,2026-09-24 13:30:41.830000,0.94539,612
638,16926330,Mitudru Dutta,2026-09-24 11:18:46.830000,0.94539,612
639,16872249,Farazsha,2026-09-20 05:42:04.606000,0.94539,612
640,16937543,dai dx,2026-09-23 16:32:05.946000,0.94539,612
641,16959486,Nicbos Lol,2026-09-29 16:50:58.403000,0.94539,612
642,16888009,dp23334,2026-09-17 03:55:31.293000,0.94539,612
643,16872029,devsungyeon,2026-09-22 06:27:01.036000,0.94539,612
644,16872257,Tomohiko Ikeda,2026-09-12 15:15:51.446000,0.94539,612
645,16822871,Timass,2026-09-04 15:24:36.083000,0.94539,612
646,16881357,zhangwr6666,2026-09-15 13:50:41.686000,0.94539,612
647,16879334,Leer Wong,2026-09-15 18:21:18.973000,0.94539,612
648,16799109,BlamerX,2026-09-26 22:46:28.346000,0.94539,612
649,16877418,Kostiantyn Kazanin,2026-09-30 09:34:22.573000,0.94539,612
650,16931360,Elon Peep,2026-09-21 16:07:32.486000,0.94539,612
651,16930331,borealisalastor,2026-09-20 11:23:33.290000,0.94539,612
652,16932313,ادم عبده,2026-09-20 21:29:45.750000,0.94539,612
653,16806736,Heet Limbani,2026-09-21 15:50:13.063000,0.94539,612
654,16814708,maronist,2026-09-22 05:11:41.373000,0.94539,612
655,16939610,K Wayne,2026-09-22 07:04:18.846000,0.94539,612
656,16931887,Dalton Omondi,2026-09-26 06:46:45.310000,0.94539,612
657,16942220,matelong,2026-09-22 14:36:22.233000,0.94539,612
658,16926639,Diganta,2026-09-21 18:15:31.576000,0.94539,612
659,16924943,Web wizard,2026-09-19 10:06:40.956000,0.94539,612
660,16844504,Grace7523,2026-09-19 12:40:39.500000,0.94539,612
661,16935533,sztszt0726,2026-09-22 08:53:43.413000,0.94539,612
662,16906698,GeniusLab Coding Club,2026-09-27 09:33:06.563000,0.94539,612
663,16807259,Manoj L9865988,2026-09-29 19:45:10.570000,0.94539,612
664,16924866,Abhishek Mahto,2026-09-19 09:57:48.020000,0.94539,612
665,16926041,[KGZ] Aruke Sulaimanova,2026-09-19 15:16:49.380000,0.94539,612
666,16860962,Suraj Kumar Nanda,2026-09-30 15:52:07.676000,0.94539,612
667,16942047,Chris Thomas,2026-09-28 14:10:45.233000,0.94539,612
668,16922728,Dhyanesh Anchula,2026-09-21 13:56:37.130000,0.94539,612
669,16925603,梦里真的什么都有,2026-09-30 01:50:56.900000,0.94539,612
670,16955106,man1ac-1773,2026-09-27 03:59:44.853000,0.94538,670
671,16917694,Zhaocheng Dong,2026-09-24 03:24:39.856000,0.94538,670
672,16966526,Baseer Shah,2026-09-30 14:27:02.070000,0.94538,670
673,16965635,KoYokoyama,2026-09-27 06:20:48.190000,0.94538,670
674,16803292,dukka,2026-09-25 14:06:58.400000,0.94538,670
675,16990790,Kirill Klebanov,2026-09-30 20:50:00.763000,0.94538,670
676,16823625,Varadaraj Borkar,2026-09-22 14:19:37.623000,0.94538,670
677,16853116,navazsh fathi,2026-09-12 08:58:57.356000,0.94538,670
678,16876372,Ayodeji,2026-09-19 17:10:36.363000,0.94538,670
679,16817843,Dannya AbdulHadi,2026-09-13 03:29:17.696000,0.94538,670
680,16850692,Cate,2026-09-11 10:10:03.973000,0.94538,670
681,16963656,octoopus,2026-09-26 00:02:42.833000,0.94538,670
682,16819331,Mike chen666,2026-09-26 07:28:36.006000,0.94538,670
683,16842031,Kim Minh,2026-09-12 03:42:48.593000,0.94538,670
684,16920201,Mikołaj Olesiński,2026-09-24 13:56:34.733000,0.94538,670
685,16861973,quzhihang,2026-09-10 11:36:20.046000,0.94538,670
686,16859579,CongNguyenM,2026-09-09 12:43:24.316000,0.94538,670
687,16842758,Keiichiro Terahara,2026-09-08 08:35:17.976000,0.94538,670
688,16954299,OctOpus,2026-09-25 22:51:43.230000,0.94538,670
689,16881623,Wei,2026-09-21 23:40:58.650000,0.94538,670
690,16811067,Baha Enes Ören,2026-09-08 10:15:48.823000,0.94538,670
691,16809529,平野竜貴,2026-09-30 15:42:11.343000,0.94538,670
692,16926400,Kizabgd123,2026-09-21 06:18:57.046000,0.94538,670
693,16798810,kava1,2026-09-30 10:17:36.266000,0.94538,670
694,16855215,Marc Maldonado Lorca,2026-09-30 11:51:48.046000,0.94538,670
695,16908412,Kartik Chilkoti,2026-09-17 17:28:02.270000,0.94538,670
696,16922940,Beagle_King,2026-09-20 04:49:31.800000,0.94538,670
697,16964629,Yamazaki Tomoya,2026-09-27 02:00:21.996000,0.94538,670
698,16810711,codehendrix,2026-09-30 17:09:46.136000,0.94538,670
699,16881908,pwxc00,2026-09-12 17:12:31.466000,0.94538,670
700,16828109,sanny0605,2026-09-18 01:38:39.260000,0.94538,670
701,16811275,Leonardo Melniski,2026-09-30 16:50:59.583000,0.94538,670
702,16855993,LR.AIML,2026-09-30 19:59:17.526000,0.94538,670
703,16875458,SeraphinaGlacia,2026-09-11 13:32:45.363000,0.94538,670
704,16830370,KikET,2026-09-11 13:09:06.933000,0.94538,670
705,16806807,Zeyou Zhang,2026-09-27 21:35:09.996000,0.94537,705
706,16804441,Andrew Leal70,2026-09-10 18:29:47.103000,0.94537,705
707,16938281,Jayhawk1900,2026-09-28 10:19:40.046000,0.94537,705
708,16799685,starkhushi,2026-09-22 05:05:34.970000,0.94537,705
709,16805339,Nikhil Fotedar,2026-09-30 14:33:20.910000,0.94537,705
710,16843980,Shengwei Lu,2026-09-19 10:51:12.606000,0.94537,705
711,16831551,Wenbo Qin,2026-09-30 15:02:17.333000,0.94537,705
712,16802166,Shigeru Kondou,2026-09-27 18:56:15.570000,0.94537,705
713,16969227,Noam Asayag,2026-09-27 06:13:01.206000,0.94537,705
714,16815449,Boltuzamaki,2026-09-28 17:22:22.476000,0.94537,705
715,16948445,Cunriman,2026-09-24 08:32:21.563000,0.94537,705
716,16828069,Soham7,2026-09-19 05:44:31.846000,0.94537,705
717,16953534,İlker Yasin Çakır,2026-09-26 17:21:36.976000,0.94537,705
718,16870733,Jingxiang,2026-09-11 18:30:17.713000,0.94537,705
719,16974980,Sanyam Jain,2026-09-29 05:20:00.286000,0.94537,705
720,16947075,Ryan,2026-09-24 16:51:24.643000,0.94537,705
721,16847574,Liujin Qiu,2026-09-16 02:18:07.283000,0.94537,705
722,16798811,sswatari,2026-09-28 06:40:07.553000,0.94536,722
723,16859333,raghad alsaqqa,2026-09-24 07:23:55.343000,0.94536,722
724,16966085,safal lohani,2026-09-29 10:39:09.703000,0.94536,722
725,16847628,Kunal Desale,2026-09-29 09:24:30.186000,0.94536,722
726,16848276,Cemal Ataş,2026-09-07 19:30:42.053000,0.94536,722
727,16922161,özgün bakla,2026-09-27 13:42:56.696000,0.94536,722
728,16890924,cristian,2026-09-22 00:01:54.046000,0.94536,722
729,16844525,zqh19991223,2026-09-07 07:33:10.013000,0.94536,722
730,16952692,Noah Öksüz,2026-09-24 12:26:38.800000,0.94536,722
731,16802257,Asterios Terzis,2026-09-05 20:51:00.703000,0.94536,722
732,16809492,Mohamed Youssef,2026-09-07 13:43:20.973000,0.94536,722
733,16799677,Krisuj,2026-09-17 09:06:55.086000,0.94536,722
734,16855013,Sakthei,2026-09-13 17:40:31.906000,0.94536,722
735,16810297,overwhelmer,2026-09-05 16:03:39.886000,0.94536,722
736,16871923,Clement Ling,2026-09-12 16:32:37.160000,0.94536,722
737,16974743,Wayne Lee,2026-09-29 15:30:52.456000,0.94536,722
738,16799137,dengyufei,2026-09-27 09:15:46.566000,0.94536,722
739,16805458,Herohito,2026-09-29 01:57:20.140000,0.94536,722
740,16952065,XiaotaoWang,2026-09-29 04:28:55.346000,0.94536,722
741,16867794,Nitish Songara,2026-09-11 08:16:10.593000,0.94536,722
742,16894103,Heavenly Venerable,2026-09-27 09:18:29.566000,0.94536,722
743,16846944,Oriol Hinojo,2026-09-28 11:26:41.763000,0.94536,722
744,16802421,Ryotaro Minato,2026-09-27 05:03:57.923000,0.94536,722
745,16826564,Karrenay,2026-09-29 15:25:25.236000,0.94536,722
746,16914777,canary17,2026-09-24 09:00:14.136000,0.94536,722
747,16813886,Animesh Kumar,2026-09-22 08:20:32.006000,0.94536,722
748,16807684,Sayaka Kitahara,2026-09-15 08:20:17.443000,0.94536,722
749,16852935,Jackpot181,2026-09-15 12:24:28.763000,0.94535,749
750,16808767,BNBU YUXIANG Jiang,2026-09-30 01:53:08.386000,0.94535,749
751,16865928,Reda Mountassir,2026-09-17 15:01:17.893000,0.94535,749
752,16871172,Dinidu Rukshan,2026-09-12 14:20:13.976000,0.94535,749
753,16896223,Koh Endru,2026-09-16 03:42:06.186000,0.94535,749
754,16808556,Ali Ghandi,2026-09-14 14:16:14.813000,0.94535,749
755,16919268,hzn,2026-09-30 14:30:16.003000,0.94535,749
756,16971278,xgs666,2026-09-30 10:57:34.613000,0.94535,749
757,16929919,adikonn,2026-09-30 18:02:56.536000,0.94535,749
758,16844017,hamdi mohamed,2026-09-07 11:00:26.086000,0.94535,749
759,16886658,xhsmsuper,2026-09-13 19:18:08.713000,0.94535,749
760,16851746,chen junnian,2026-09-08 07:16:45.960000,0.94535,749
761,16964863,ZeroDegress,2026-09-26 05:43:08.313000,0.94535,749
762,16941036,KOBA,2026-09-30 12:27:57.496000,0.94535,749
763,16921319,Hydru8128,2026-09-19 10:27:22.223000,0.94535,749
764,16803816,Santhana,2026-09-30 09:33:52.300000,0.94535,749
765,16969390,rlawoals0529,2026-09-29 22:08:27.300000,0.94535,749
766,16891617,Arnav Gawade ,2026-09-22 01:43:00.890000,0.94535,749
767,16893752,Jack Shumway,2026-09-23 01:40:26.790000,0.94535,749
768,16867105,Ayush Tiwari,2026-09-19 20:31:47.946000,0.94535,749
769,16876177,SergioMoras,2026-09-13 16:27:16.366000,0.94535,749
770,16803634,Arnie Jimenez,2026-09-14 19:00:50.920000,0.94535,749
771,16842814,ParsaAshrafi,2026-09-14 12:19:37.143000,0.94535,749
772,16810884,Vaibhav,2026-09-08 12:40:19.003000,0.94535,749
773,16921815,Giovanni Novelli,2026-09-25 02:41:04.766000,0.94535,749
774,16935970,Bhavesh Kolhe,2026-09-23 12:15:26.936000,0.94535,749
775,16811462,really?,2026-09-28 01:50:36.683000,0.94535,749
776,16799807,Patrice MAZEL,2026-09-13 10:35:55.356000,0.94535,749
777,16898992,Vance,2026-09-16 04:24:36.830000,0.94535,749
778,16810678,Kamonashis Halder,2026-09-29 13:06:25.386000,0.94535,749
779,16871224,padma akash,2026-09-11 08:55:08.120000,0.94535,749
780,16865244,Krissawan Boontham,2026-09-28 19:45:44.536000,0.94535,749
781,16805293,r2singh,2026-09-21 17:44:34.230000,0.94535,749
782,16881292,AryamanSi17,2026-09-13 19:03:53.333000,0.94535,749
783,16925926,CAU53744-T08,2026-09-30 16:28:59.456000,0.94534,783
784,16959518,Corgi-Samoyed,2026-09-25 07:41:55.710000,0.94534,783
785,16849042,Muhammad Khan Muneer,2026-09-10 21:52:03.736000,0.94534,783
786,16870060,Hamachi,2026-09-11 10:12:54.650000,0.94534,783
787,16910494,Sebastian Salutare,2026-09-24 18:15:26.910000,0.94534,783
788,16798566,Chovy,2026-09-10 01:00:22.873000,0.94534,783
789,16882597,Zhihuan Xue,2026-09-12 20:28:09.370000,0.94534,783
790,16845402,cshara,2026-09-15 12:00:39.766000,0.94534,783
791,16806846,Akhilesh godugu,2026-09-14 15:11:22.543000,0.94534,783
792,16972325,Abdelkader Metales,2026-09-30 19:44:20.143000,0.94534,783
793,16799438,Tahseen Aslam,2026-09-28 07:43:45.826000,0.94534,783
794,16803386,Jatin,2026-09-18 10:01:40.580000,0.94534,783
795,16838667,Xiangtao Xiao,2026-09-19 05:34:42.170000,0.94534,783
796,16852781,Safwan Amin,2026-09-08 17:56:31.030000,0.94534,783
797,16871380,Imcyj123,2026-09-26 19:40:21.460000,0.94534,783
798,16848410,takemo,2026-09-26 12:23:38.853000,0.94534,783
799,16829894,Kyr1ll,2026-09-09 12:03:22.276000,0.94534,783
800,16843254,zfzflzf,2026-09-27 17:02:42.303000,0.94534,783
801,16808122,Ricky,2026-09-05 06:06:50.720000,0.94534,783
802,16799673,@luke,2026-09-24 14:41:06.463000,0.94534,783
803,16840935,miki,2026-09-28 00:29:40.043000,0.94534,783
804,16933350,I don't know,2026-09-28 23:30:53.693000,0.94534,783
805,16891960,europanite,2026-09-28 02:14:14.323000,0.94534,783
806,16846931,beyond-compare,2026-09-11 07:08:40.746000,0.94534,783
807,16806975,John,2026-09-05 01:23:22.733000,0.94534,783
808,16982622,LiGenyu,2026-09-30 15:25:57.346000,0.94534,783
809,16979985,dx,2026-09-28 22:11:42.463000,0.94534,783
810,16864977,AmitKumarPradhan,2026-09-28 12:24:40.556000,0.94534,783
811,16841712,Sean Zhang,2026-09-08 20:43:24.306000,0.94534,783
812,16802485,JungHwan,2026-09-05 07:29:23.456000,0.94533,812
813,16894206,semistelly,2026-09-18 04:56:06.763000,0.94533,812
814,16965026,mige551,2026-09-26 11:22:05.233000,0.94533,812
815,16973181,Dihhhh,2026-09-28 17:06:35.873000,0.94533,812
816,16816456,tuko_tanzwoo,2026-09-12 05:46:18.623000,0.94533,812
817,16878837,beibeihk,2026-09-12 04:02:53.900000,0.94533,812
818,16992765,Leon Liu,2026-09-30 21:34:08.970000,0.94533,812
819,16845423,XJHya233,2026-09-07 20:49:49.120000,0.94533,812
820,16928012,OkItsEklavya,2026-09-20 21:18:55.026000,0.94533,812
821,16938407,Ronaldo Júnior,2026-09-26 13:42:21.606000,0.94533,812
822,16832950,Fayette77,2026-09-28 19:01:19.520000,0.94533,812
823,16915887,Steve T,2026-09-25 21:12:12.486000,0.94533,812
824,16823033,coder738,2026-09-19 11:54:15.336000,0.94533,812
825,16801472,Bros 360x,2026-09-05 08:11:09.270000,0.94533,812
826,16805265,Silvan Müller,2026-09-05 22:21:33.526000,0.94533,812
827,16806089,khgb,2026-09-08 00:06:21.743000,0.94533,812
828,16839411,Patrick CHER,2026-09-20 03:29:50.526000,0.94533,812
829,16953921,agshiv92,2026-09-27 02:26:26.066000,0.94533,812
830,16799386,Sala J,2026-09-10 09:59:02.460000,0.94533,812
831,16853080,jingle2026,2026-09-10 05:02:43.676000,0.94533,812
832,16974392,Maximilian Kapsecker,2026-09-29 18:17:57.720000,0.94533,812
833,16842182,Koooooooooo,2026-09-11 09:35:01.656000,0.94533,812
834,16877327,simplepotato,2026-09-27 17:53:07.003000,0.94533,812
835,16932136,Eva Urankar,2026-09-21 16:14:45.326000,0.94533,812
836,16876332,Milan Ribel,2026-09-26 15:24:40.296000,0.94533,812
837,16846099,sabbir hossain,2026-09-07 06:29:48.013000,0.94533,812
838,16838199,Shishir Adhikari,2026-09-18 00:16:01.353000,0.94533,812
839,16841279,M Who 11,2026-09-09 16:04:47.313000,0.94533,812
840,16832136,huohuaya,2026-09-06 02:13:28.463000,0.94533,812
841,16893205,kane16,2026-09-26 20:21:46.993000,0.94533,812
842,16897555,columnz7,2026-09-19 11:22:43.606000,0.94533,812
843,16928288,lequanghai,2026-09-20 10:21:20.883000,0.94533,812
844,16983438,sad12454,2026-09-29 11:03:46.453000,0.94533,812
845,16803855,Evdilos_Ikaria,2026-09-16 03:56:57.870000,0.94533,812
846,16983388,songjiajun,2026-09-30 02:42:34.063000,0.94533,812
847,16823331,Charlezz8z,2026-09-10 03:23:27.823000,0.94533,812
848,16929945,qluBGGG,2026-09-21 08:11:26.370000,0.94532,848
849,16878590,Shuichiroh Oda,2026-09-13 02:10:11.783000,0.94532,848
850,16884857,Shakeel,2026-09-20 07:00:32.733000,0.94532,848
851,16823812,Ryukichi INOUE,2026-09-30 01:30:19.570000,0.94532,848
852,16893809,EricWang,2026-09-19 00:46:44.270000,0.94532,848
853,16842677,endobop,2026-09-14 09:39:08.043000,0.94532,848
854,16832041,datarchive,2026-09-08 16:28:41.250000,0.94532,848
855,16822664,Dhruv Tibarewal,2026-09-07 16:24:01.836000,0.94532,848
856,16802382,rockyhg,2026-09-30 08:28:08.276000,0.94532,848
857,16803048,yoshiomi shimazu,2026-09-30 15:03:27.583000,0.94532,848
858,16799786,Nityashmi sharma,2026-09-05 09:11:32.123000,0.94532,848
859,16944479,Yuuki Aikawa,2026-09-23 03:35:25.730000,0.94532,848
860,16894650,Ramadhanigb19,2026-09-16 01:44:22.823000,0.94532,848
861,16891680,ZeKai Zhan,2026-09-20 10:47:56.516000,0.94532,848
862,16924185,Ayyue0716,2026-09-19 09:10:41.456000,0.94532,848
863,16871146,huijie_g,2026-09-16 08:49:17.683000,0.94532,848
864,16982778,chiranjeevi_13,2026-09-29 09:45:03.796000,0.94532,848
865,16852671,Lê Quang Cảnh,2026-09-12 13:19:46.873000,0.94532,848
866,16959498,wg9103,2026-09-26 08:26:55.576000,0.94532,848
867,16859513,Maziyar Abyari,2026-09-16 23:44:35.526000,0.94532,848
868,16847926,Vince&Holden,2026-09-28 18:47:31.470000,0.94532,848
869,16820895,Sybery_AI,2026-09-06 21:27:10.866000,0.94532,848
870,16983003,Hiteshi Kukreja,2026-09-30 04:57:35.763000,0.94532,848
871,16905383,李明,2026-09-17 04:33:01.686000,0.94531,871
872,16931066,myxxwl,2026-09-21 01:08:37.276000,0.94531,871
873,16932771,SeaGoat,2026-09-22 04:47:39.403000,0.94531,871
874,16974892,AlexeyGo,2026-09-28 12:09:07.310000,0.94531,871
875,16885966,Kan,2026-09-16 13:22:43.330000,0.94531,871
876,16799655,AjayKumar@9391123,2026-09-09 11:23:19.686000,0.94531,871
877,16804363,GurSimran,2026-09-30 19:16:43.133000,0.94531,871
878,16833289,Alejandro Lopez-Rincon,2026-09-25 08:11:03.896000,0.94531,871
879,16828134,Younghwan Hwang,2026-09-14 08:52:41.853000,0.94531,871
880,16846892,Rintaro Tsumugi,2026-09-27 16:33:08.890000,0.94531,871
881,16879245,Jasteg Singh,2026-09-25 07:38:35.143000,0.94531,871
882,16845576,CHCV,2026-09-10 11:57:33.603000,0.94531,871
883,16802740,Just Code,2026-09-28 15:13:14.323000,0.94531,871
884,16926360,Khai Nguyen,2026-09-21 08:35:37.533000,0.94531,871
885,16823495,dragoshh1984,2026-09-08 16:22:38.483000,0.94531,871
886,16933256,md10011,2026-09-21 08:13:35.170000,0.94531,871
887,16839666,Yash Aswale,2026-09-30 17:53:59.710000,0.94531,871
888,16956937,metin oztas,2026-09-26 00:17:39.336000,0.94531,871
889,16841337,JeeHyungKim,2026-09-28 07:16:03.740000,0.94531,871
890,16921270,Sergii Rogochii,2026-09-22 07:16:03.463000,0.94531,871
891,16951567,mitu316,2026-09-29 13:33:36.903000,0.94531,871
892,16802749,PIPPI,2026-09-20 22:31:56.440000,0.94531,871
893,16936290,C.Ronaldo,2026-09-22 03:16:38.550000,0.94531,871
894,16968885,Mohammad Abdur Rehman Cheema,2026-09-26 23:39:31.830000,0.94531,871
895,16915866,Duranjai V,2026-09-23 10:00:15.066000,0.94531,871
896,16802044,Arukyan,2026-09-30 11:52:02.303000,0.94531,871
897,16845056,Siddharth Patel,2026-09-20 22:35:02.293000,0.94531,871
898,16967562,Jurayev Sherali,2026-09-27 13:49:01.223000,0.94531,871
899,16846551,Dilovar,2026-09-08 05:30:21.446000,0.94531,871
900,16857913,Sukanti Kar,2026-09-09 04:09:44.933000,0.94531,871
901,16871638,aueurm,2026-09-11 17:00:01.366000,0.94531,871
902,16961710,ZhangYongyu,2026-09-25 18:43:21.406000,0.94531,871
903,16978611,Tachibana,2026-09-30 14:45:18.736000,0.9453,903
904,16808154,Grace Ganyilo,2026-09-30 13:02:43.010000,0.9453,903
905,16868487,Manny Peiso,2026-09-21 18:29:29.600000,0.9453,903
906,16842060,Rob C,2026-09-08 00:54:57.743000,0.9453,903
907,16941660,Rashid Khazeiynasab,2026-09-22 20:20:40.343000,0.9453,903
908,16893632,Nicolás Pedemonte,2026-09-18 20:21:08.126000,0.9453,903
909,16930822,M P AJITH BHARADWAJ,2026-09-22 07:52:26.163000,0.9453,903
910,16890915,关注塔菲喵,2026-09-14 17:37:25.766000,0.9453,903
911,16861891,Enrico Silvi,2026-09-09 20:50:33.316000,0.9453,903
912,16807201,Prosotas dubiosa,2026-09-30 21:36:40.443000,0.9453,903
913,16886455,Alpha Lin,2026-09-14 01:13:40.780000,0.9453,903
914,16973323,BitBullet ,2026-09-27 17:42:55.576000,0.9453,903
915,16804934,Shayan Zulfiqar,2026-09-25 11:46:02.633000,0.9453,903
916,16886495,Drek Fretson,2026-09-19 18:03:00.916000,0.9453,903
917,16799524,tuboa2,2026-09-18 07:38:51.576000,0.9453,903
918,16865589,Philemon Chan,2026-09-20 14:28:05.373000,0.9453,903
919,16802845,Pyeonggi,2026-09-25 04:18:14.643000,0.9453,903
920,16894415,Aquib Ahmad,2026-09-20 11:04:05.333000,0.9453,903
921,16993408,KURONAME,2026-09-30 20:37:34.896000,0.9453,903
922,16931713,DancingLumberjack,2026-09-22 00:02:17.240000,0.9453,903
923,16984553,dkzmn,2026-09-29 13:42:54.816000,0.9453,903
924,16880604,ML_BOY,2026-09-23 18:46:01.430000,0.9453,903
925,16833367,Mihir Argulkar,2026-09-07 08:13:42.633000,0.9453,903
926,16892492,Almaz Sakhapov,2026-09-18 03:56:32.060000,0.9453,903
927,16924630,Pratik Mahnot,2026-09-19 11:41:50.273000,0.9453,903
928,16970940,OptAI,2026-09-27 07:25:12.673000,0.9453,903
929,16964507,Andres H. Zapke,2026-09-28 09:05:45.233000,0.9453,903
930,16894981,bezul,2026-09-29 10:25:49.960000,0.9453,903
931,16798599,Дворкин Евгений Владимирович,2026-09-29 19:07:32.230000,0.9453,903
932,16843716,DeepMind,2026-09-26 07:04:17.836000,0.9453,903
933,16888915,SWAMSLABL,2026-09-28 03:06:42.296000,0.9453,903
934,16988635,Nguyễn Hùng Phát,2026-09-30 04:41:23.280000,0.9453,903
935,16798795,(ノ◡ <),2026-09-30 21:08:49.643000,0.9453,903
936,16916230,VROPEXT,2026-09-17 19:19:48.096000,0.9453,903
937,16880143,xuechengzou,2026-09-13 04:51:49.086000,0.9453,903
938,16860415,Aelly,2026-09-11 10:51:22.853000,0.9453,903
939,16845914,coke lu,2026-09-08 08:33:13.900000,0.9453,903
940,16922789,Fernando,2026-09-19 22:36:35.553000,0.94529,940
941,16913980,bank kobe,2026-09-18 06:49:51.816000,0.94529,940
942,16800145,Szwajcar ,2026-09-30 21:18:33.480000,0.94529,940
943,16815512,ali_abidi_1111,2026-09-12 14:42:22.493000,0.94529,940
944,16863977,arare-uma,2026-09-10 05:58:49.806000,0.94529,940
945,16803000,destroyer@123787,2026-09-16 11:22:03.306000,0.94529,940
946,16850954,Lamine Yamal,2026-09-07 23:38:05.930000,0.94529,940
947,16862239,MetamorphoseQ,2026-09-10 03:54:39.723000,0.94529,940
948,16904836,Mario,2026-09-17 11:04:49.060000,0.94529,940
949,16979298,vv82cinkaggle,2026-09-28 15:51:22.700000,0.94529,940
950,16927785,Lim Ba Su,2026-09-20 08:00:12.853000,0.94529,940
951,16821704,James,2026-09-30 20:30:21.526000,0.94529,940
952,16928202,GSD,2026-09-27 13:20:23.903000,0.94529,940
953,16868635,Hüseyin Enes Duran,2026-09-11 21:30:54.596000,0.94529,940
954,16960576,Alex Cheng,2026-09-30 00:42:29.543000,0.94529,940
955,16965320,netaro,2026-09-27 02:33:42.796000,0.94529,940
956,16936510,Olga Aksenova,2026-09-29 21:28:05.313000,0.94529,940
957,16925575,Katsushi Miyagawa,2026-09-29 00:17:44.726000,0.94529,940
958,16856850,Jiayi Du,2026-09-08 22:18:04.983000,0.94529,940
959,16806403,Subhobrata Dey,2026-09-23 11:28:09.830000,0.94529,940
960,16930485,Story begins ,2026-09-20 16:04:56.993000,0.94529,940
961,16877292,Hamza Zulfiqar,2026-09-19 18:01:25.236000,0.94529,940
962,16975782,hillllll45,2026-09-28 19:57:25.770000,0.94529,940
963,16880507,Omar Mukhtar,2026-09-13 12:46:19.546000,0.94529,940
964,16855395,KennyHTW,2026-09-08 19:58:46.983000,0.94529,940
965,16968776,Asif Khan,2026-09-27 04:31:47.426000,0.94529,940
966,16975746,T3MP3R3R,2026-09-28 05:13:33.726000,0.94529,940
967,16921087,Duct Dynamic,2026-09-25 07:27:12.473000,0.94529,940
968,16905057,Bala Baskar,2026-09-28 14:44:16.050000,0.94529,940
969,16904753,Kagan Mumcu,2026-09-16 12:11:42.910000,0.94529,940
970,16881535,Zoltan Ersek,2026-09-19 18:41:02.570000,0.94528,970
971,16937582,Trandict Ellegus,2026-09-22 18:32:47.596000,0.94528,970
972,16847308,Abdul Hameed,2026-09-21 09:25:50.720000,0.94528,970
973,16867270,Triết Nguyễn,2026-09-14 09:20:38.056000,0.94528,970
974,16986413,Sarthak Agarwal,2026-09-29 16:40:29.556000,0.94528,970
975,16865493,Ark Medwin,2026-09-14 08:39:20.126000,0.94528,970
976,16862089,Electric Weasle,2026-09-09 17:38:51.680000,0.94528,970
977,16814410,Khara Han,2026-09-30 13:55:23.520000,0.94528,970
978,16951425,fortyone,2026-09-24 12:05:23.280000,0.94528,970
979,16906069,Greg Spitz,2026-09-17 08:44:42.220000,0.94528,970
980,16844686,Abhinandan,2026-09-06 22:22:09.636000,0.94528,970
981,16809421,yatakeuc,2026-09-10 12:00:18.056000,0.94528,970
982,16926958,Jack Shumway #2,2026-09-20 12:47:54.953000,0.94528,970
983,16928204,aazutaku,2026-09-21 08:37:49.790000,0.94528,970
984,16939056,Ken,2026-09-22 03:46:04.050000,0.94528,970
985,16982256,Amal Tyagi,2026-09-29 05:57:29.943000,0.94528,970
986,16895410,Cho_Kang_Hee,2026-09-18 08:40:12.953000,0.94528,970
987,16832500,An Pham,2026-09-04 18:40:21.310000,0.94528,970
988,16961057,SahilIslam111,2026-09-26 09:54:02.836000,0.94528,970
989,16819432,Ali hussien jawad,2026-09-13 22:06:15.486000,0.94528,970
990,16799561,miyu.k1aras@gmail.com,2026-09-29 23:46:37.323000,0.94527,990
991,16830291,Hajime Kumami,2026-09-28 09:16:55.690000,0.94527,990
992,16857736,nawggg,2026-09-16 02:48:33.313000,0.94527,990
993,16826206,Abiram Bharathi S.A,2026-09-08 10:01:52.063000,0.94527,990
994,16821928,Akalya Bharathi S A,2026-09-12 15:51:10.940000,0.94527,990
995,16949189,Luke Stafford,2026-09-24 00:06:28.700000,0.94527,990
996,16852082,Udit Jain,2026-09-21 23:29:54.506000,0.94527,990
997,16799978,[Deleted] 45ecfd7e-78fb-4cce-a443-f746ddacb2fe,2026-09-30 20:59:07.890000,0.94527,990
998,16811220,blacksword812,2026-09-06 21:16:32.190000,0.94527,990
999,16992846,tapanreddy,2026-09-30 23:54:27.770000,0.94527,990
1000,16973325,djchosam,2026-09-28 16:43:26.623000,0.94527,990
1001,16965510,EitaF,2026-09-27 12:02:03.166000,0.94527,990
1002,16978540,Mohamed rodani,2026-09-30 22:06:05.906000,0.94527,990
1003,16805868,Gaurab Baral,2026-09-04 13:24:59.136000,0.94527,990
1004,16886006,Selim Halykov,2026-09-13 13:43:06.426000,0.94527,990
1005,16936743,reality6,2026-09-24 09:43:44.250000,0.94527,990
1006,16861090,hailillya,2026-09-10 15:48:06.670000,0.94527,990
1007,16924707,mmryouta,2026-09-20 04:01:28.583000,0.94527,990
1008,16841650,Travis Reinart,2026-09-08 23:25:44.356000,0.94527,990
1009,16799578,Nenya,2026-09-26 09:56:24.076000,0.94527,990
1010,16802687,SergeyN1942,2026-09-29 13:19:00.930000,0.94527,990
1011,16805345,彭元彥,2026-09-02 19:00:00.516000,0.94527,990
1012,16913962,Sora_JODDD,2026-09-17 14:08:30.986000,0.94526,1012
1013,16862332,Jaded Llama,2026-09-12 16:40:00.443000,0.94526,1012
1014,16954723,imaimai17468,2026-09-25 01:53:45.136000,0.94526,1012
1015,16906090,小等等,2026-09-24 05:34:00.170000,0.94526,1012
1016,16891471,Tomas Oriol,2026-09-24 12:24:25.283000,0.94526,1012
1017,16809344,Harmesh,2026-09-25 18:41:08.560000,0.94526,1012
1018,16924643,natsu0529,2026-09-30 16:53:31.060000,0.94526,1012
1019,16847182,Bitbyte gng,2026-09-20 20:53:40.653000,0.94526,1012
1020,16799691,Ern711,2026-09-27 22:58:57.843000,0.94526,1012
1021,16806474,tom c tea,2026-09-26 07:50:54.856000,0.94526,1012
1022,16887345,ronger zhu,2026-09-17 05:45:46.510000,0.94526,1012
1023,16952201,Parth Maniar,2026-09-30 06:59:23.306000,0.94526,1012
1024,16810087,CaptainNemo,2026-09-04 17:52:33.396000,0.94526,1012
1025,16957539,liko12312,2026-09-30 17:21:05.206000,0.94526,1012
1026,16971417,ts,2026-09-30 20:01:55,0.94526,1012
1027,16877284,Azamat Sadikov,2026-09-11 22:52:54.333000,0.94526,1012
1028,16798623,Evan Arlen Handy,2026-09-04 01:07:17.453000,0.94526,1012
1029,16889130,maoxin123,2026-09-15 12:52:55.816000,0.94525,1029
1030,16966715,Hanif Hefaz,2026-09-29 06:31:11.850000,0.94525,1029
1031,16832829,Ishan Raj,2026-09-26 10:22:16.480000,0.94525,1029
1032,16935637,Vadim Pashkov,2026-09-21 21:09:36.786000,0.94525,1029
1033,16847194,Horikita Saku,2026-09-07 12:28:52.306000,0.94525,1029
1034,16932514,amritanshu067,2026-09-28 12:22:36.560000,0.94525,1029
1035,16890566,Nguyen Nhut Minh,2026-09-17 16:01:42.876000,0.94525,1029
1036,16860307,Araki.rw,2026-09-12 16:08:41.523000,0.94525,1029
1037,16868319,Dron5591,2026-09-23 15:42:00.763000,0.94525,1029
1038,16919677,Lev Morozov,2026-09-18 13:18:52.703000,0.94525,1029
1039,16973569,Mositaku,2026-09-28 05:46:52.210000,0.94525,1029
1040,16808813,Muhammet Faruk Erem,2026-09-16 22:02:51.093000,0.94524,1040
1041,16857868,rehubinggao,2026-09-14 04:26:42.196000,0.94524,1040
1042,16883171,bliutech,2026-09-13 17:12:42.656000,0.94524,1040
1043,16987642,Plainview,2026-09-30 21:15:26.100000,0.94524,1040
1044,16841605,Sushmit Deb,2026-09-06 21:55:41.900000,0.94524,1040
1045,16845815,change167,2026-09-29 08:19:07.160000,0.94524,1040
1046,16811853,SOUSSOU Koffi Désiré,2026-09-10 09:34:09.696000,0.94523,1046
1047,16847043,YeFeng311@outlook.com,2026-09-23 00:55:48.776000,0.94523,1046
1048,16936081,XuanmingBao,2026-09-21 12:32:28.613000,0.94523,1046
1049,16843189,캐글리언,2026-09-15 01:11:38.293000,0.94523,1046
1050,16878061,GarrieD,2026-09-13 21:49:31.063000,0.94523,1046
1051,16974017,Paradox chuni,2026-09-28 06:31:08.773000,0.94523,1046
1052,16848214,insunglee0818,2026-09-08 03:03:07.560000,0.94523,1046
1053,16943027,False_gen,2026-09-22 19:34:55.303000,0.94523,1046
1054,16810885,Gaiar Baimuratov,2026-09-03 16:35:47.890000,0.94523,1046
1055,16963458,Abdelhafid AMMARI,2026-09-25 21:28:20.723000,0.94522,1055
1056,16833018,AsSidiq,2026-09-05 04:05:41.760000,0.94522,1055
1057,16894888,邓睿宸 2311274,2026-09-15 07:42:50.976000,0.94522,1055
1058,16877852,InformaBook2,2026-09-30 15:32:57.133000,0.94522,1055
1059,16798905,DYLAN GUNAWAN13331,2026-09-02 07:40:21.073000,0.94522,1055
1060,16840877,KLwin,2026-09-15 13:56:12.706000,0.94522,1055
1061,16877337,Felipe Figueiredo02,2026-09-11 23:12:43.666000,0.94522,1055
1062,16801545,william950615,2026-09-06 00:14:39.143000,0.94522,1055
1063,16866810,Prudhvi Yelisetti,2026-09-29 12:53:50.556000,0.94522,1055
1064,16946579,Kamil Ijuin,2026-09-23 16:16:17.826000,0.94522,1055
1065,16818192,Augustine Williams223,2026-09-03 10:48:34.643000,0.94522,1055
1066,16965544,WEE KEN GOH,2026-09-26 14:27:13.480000,0.94522,1055
1067,16859512,Kosuke KUWAHARA,2026-09-22 23:50:26.246000,0.94521,1067
1068,16897147,Mizumori59,2026-09-27 20:18:54.886000,0.94521,1067
1069,16988883,Jaden Torres,2026-09-30 23:53:59.323000,0.94521,1067
1070,16858405,Fey,2026-09-30 03:07:24.036000,0.94521,1067
1071,16806494,Lam Mo Kit ,2026-09-02 16:29:33.730000,0.94521,1067
1072,16960065,Loxiss,2026-09-30 01:53:11.283000,0.94521,1067
1073,16868638,Win Suthar,2026-09-14 20:44:47.726000,0.9452,1073
1074,16803554,PavelLiashkov,2026-09-03 11:12:12.566000,0.9452,1073
1075,16834628,GagePeppers,2026-09-06 02:47:52.863000,0.9452,1073
1076,16809375,adamdavis99,2026-09-21 13:15:48.426000,0.9452,1073
1077,16906204,big-git-man,2026-09-25 15:29:38.450000,0.9452,1073
1078,16897957,dua manusia nol persiapan,2026-09-17 17:42:05.930000,0.9452,1073
1079,16941350,Акбар Исаков,2026-09-29 12:51:23.370000,0.9452,1073
1080,16935676,Kevin Rio Harristyando,2026-09-25 09:21:02.720000,0.9452,1073
1081,16919353,Sjain,2026-09-29 21:25:57.823000,0.9452,1073
1082,16800168,MAT,2026-09-07 12:23:00.920000,0.9452,1073
1083,16919970,julian andres viejo garrido,2026-09-19 09:51:11.773000,0.9452,1073
1084,16943834,Mason Zhao,2026-09-23 02:32:01.243000,0.94519,1084
1085,16810511,StephenNedumpally,2026-09-02 18:06:05.610000,0.94519,1084
1086,16841654,HananFish,2026-09-07 15:36:23.530000,0.94519,1084
1087,16832837,Marie-Lou Barnaud,2026-09-13 17:17:35.996000,0.94519,1084
1088,16799994,jidong Wu,2026-09-06 11:57:06.646000,0.94519,1084
1089,16888864,SAHIL GROVER,2026-09-15 12:00:05.990000,0.94519,1084
1090,16854719,ILUNOSHA,2026-09-12 16:21:15.696000,0.94519,1084
1091,16866324,ravi AK,2026-09-23 15:52:06.390000,0.94519,1084
1092,16922507,Minh HoHoang,2026-09-20 21:43:40.483000,0.94519,1084
1093,16822442,rootxhacker,2026-09-04 03:38:10.730000,0.94519,1084
1094,16986469,Peyton Ramsey,2026-09-30 23:09:44.426000,0.94519,1084
1095,16913511,Silver Surfer,2026-09-28 07:50:32.070000,0.94519,1084
1096,16799922,Anhad Mahajan,2026-09-23 13:37:03.936000,0.94519,1084
1097,16987479,Yusuf Erdem ALTINSOY,2026-09-29 23:31:15.130000,0.94519,1084
1098,16898816,Jhonc08200021,2026-09-18 03:18:59.046000,0.94519,1084
1099,16887683,Viginem,2026-09-17 18:35:59.416000,0.94519,1084
1100,16985052,yihui ding123,2026-09-30 13:25:08.823000,0.94519,1084
1101,16848171,Satsujinngahara,2026-09-23 09:24:55.096000,0.94519,1084
1102,16966873,Pepe.dbz,2026-09-30 11:59:08.610000,0.94519,1084
1103,16976590,DS Research ,2026-09-30 06:55:21.823000,0.94518,1103
1104,16852863,ooooosik,2026-09-14 01:44:39.946000,0.94518,1103
1105,16802874,mariko f.,2026-09-30 23:29:18.616000,0.94518,1103
1106,16810147,Roshan Roy,2026-09-06 12:34:06.526000,0.94518,1103
1107,16939749,Gukhyun Moon,2026-09-30 14:07:04.376000,0.94518,1103
1108,16832851,Selim Akl,2026-09-05 13:22:49.560000,0.94518,1103
1109,16973126,MarPez,2026-09-28 21:01:54.670000,0.94518,1103
1110,16888814,rand346,2026-09-15 15:18:07.046000,0.94518,1103
1111,16806364,Matthew Y,2026-09-02 20:54:44.203000,0.94518,1103
1112,16926753,paridhi19,2026-09-21 10:21:20.690000,0.94518,1103
1113,16942061,la viva la desire,2026-09-24 15:34:24.590000,0.94518,1103
1114,16808114,Gaurav kumar,2026-09-30 07:40:09.243000,0.94517,1114
1115,16959823,Paul Badman,2026-09-28 15:01:31.643000,0.94517,1114
1116,16799698,Coding made Easy,2026-09-22 02:39:40.970000,0.94517,1114
1117,16960343,Wen003,2026-09-25 10:09:56.393000,0.94517,1114
1118,16798699,ONODERA,2026-09-04 12:19:14.733000,0.94517,1114
1119,16938893,Hiroki Kohara,2026-09-30 11:50:37.763000,0.94517,1114
1120,16982616,Elzandi Irfan Zikra,2026-09-29 23:42:44.333000,0.94517,1114
1121,16833268,HIGORMALz,2026-09-15 22:13:38.996000,0.94517,1114
1122,16941466,风之刃e,2026-09-24 13:44:52.190000,0.94516,1122
1123,16881487,FFFishes7,2026-09-30 12:57:08.086000,0.94516,1122
1124,16824050,Karam Khasawneh,2026-09-04 14:47:51.780000,0.94516,1122
1125,16895855,Yiman Gao,2026-09-15 15:09:23.006000,0.94516,1122
1126,16895283,edward1503,2026-09-21 06:47:06.113000,0.94516,1122
1127,16807530,falsenine,2026-09-14 00:33:32.506000,0.94515,1127
1128,16878345,ineumi2_,2026-09-23 14:45:40.370000,0.94515,1127
1129,16805721,Rommel Sharma,2026-09-17 05:53:44.450000,0.94515,1127
1130,16839540,Xerx 350,2026-09-14 20:02:14.176000,0.94515,1127
1131,16881630,Felipe Colombarolli,2026-09-13 08:42:04.623000,0.94515,1127
1132,16800504,Foxure,2026-09-03 11:10:26.543000,0.94515,1127
1133,16898644,Challenge Accepted,2026-09-15 21:45:24.140000,0.94515,1127
1134,16799209,Rakhansyah,2026-09-05 19:23:42.516000,0.94515,1127
1135,16808265,IOE,2026-09-05 12:39:27.290000,0.94515,1127
1136,16887271,Utkirbek Azimov,2026-09-14 07:47:01.896000,0.94514,1136
1137,16941575,Rajveer Vora,2026-09-30 10:18:35.703000,0.94514,1136
1138,16972059,He-Ting Chiang,2026-09-29 03:07:56.140000,0.94514,1136
1139,16841220,Animan khandelwal,2026-09-26 03:45:33.470000,0.94514,1136
1140,16944127,Umid Musaev,2026-09-24 01:30:41.003000,0.94514,1136
1141,16854013,Şahin Alp Akosman,2026-09-27 11:32:19.873000,0.94514,1136
1142,16798802,W-Bruno,2026-09-03 23:49:46.403000,0.94514,1136
1143,16975571,poiuytr mnbvcxz,2026-09-30 01:36:01.466000,0.94514,1136
1144,16954914,kk911j,2026-09-29 14:32:25.640000,0.94514,1136
1145,16802898,Dennis SH Lai,2026-09-16 16:48:26.760000,0.94514,1136
1146,16819908,weimean,2026-09-27 20:37:25.363000,0.94514,1136
1147,16926282,Sa1yam,2026-09-30 21:00:08.546000,0.94514,1136
1148,16841843,Aadit Agrawal,2026-09-06 04:05:51.673000,0.94513,1148
1149,16804378,Özgür Berke Akyol,2026-09-05 09:21:27.406000,0.94513,1148
1150,16965762,krrishk0406,2026-09-30 21:06:19.946000,0.94513,1148
1151,16892224,Khuong Duy 01,2026-09-14 15:51:17.863000,0.94513,1148
1152,16827911,Araik Tamazian,2026-09-05 19:03:59.700000,0.94513,1148
1153,16855316,Jaskaran Singh,2026-09-09 18:40:22.713000,0.94513,1148
1154,16799557,CaERu_korokoro,2026-09-16 12:28:16.806000,0.94513,1148
1155,16989082,Mehedi Meraj,2026-09-30 07:45:57.986000,0.94513,1148
1156,16932898,Kacey Kelley,2026-09-25 08:30:34.070000,0.94513,1148
1157,16930804,T.-C. Chang,2026-09-21 13:51:38.133000,0.94513,1148
1158,16822859,Jeeva2470041,2026-09-30 20:21:54.326000,0.94512,1158
1159,16987459,VladimirBlinets,2026-09-30 22:34:54.653000,0.94512,1158
1160,16800519,Alibay Alili,2026-09-30 17:41:43.676000,0.94512,1158
1161,16841762,wis-smec,2026-09-07 04:23:35.056000,0.94512,1158
1162,16827146,wanglei,2026-09-28 05:55:40.866000,0.94512,1158
1163,16875446,Zainab Khan,2026-09-28 07:55:07.070000,0.94512,1158
1164,16832614,Markus.JM,2026-09-14 14:47:22.720000,0.94512,1158
1165,16808616,amaury lc,2026-09-02 14:53:32.813000,0.94511,1165
1166,16885596,Hessa Khalfan,2026-09-15 11:58:28.670000,0.94511,1165
1167,16828042,add_mul,2026-09-05 05:24:00.980000,0.94511,1165
1168,16802312,BIZEN250,2026-09-04 07:48:36.930000,0.94511,1165
1169,16972012,nottouse,2026-09-29 04:39:21.600000,0.94511,1165
1170,16966159,apoorva dixit,2026-09-27 22:15:01.133000,0.94511,1165
1171,16814987,Zihan Ni,2026-09-06 06:03:35.930000,0.94511,1165
1172,16805359,rampichino,2026-09-03 16:18:36.576000,0.94511,1165
1173,16828369,Galza98,2026-09-04 14:47:02.553000,0.9451,1173
1174,16968215,CESAR ALARCON,2026-09-29 03:23:25.056000,0.9451,1173
1175,16821052,Adama Traore,2026-09-03 20:21:28.716000,0.9451,1173
1176,16799882,Ákos Pintér,2026-09-12 14:50:30.943000,0.9451,1173
1177,16802551,Anurag Goyal,2026-09-03 11:46:30.113000,0.9451,1173
1178,16838761,Wakabourne,2026-09-23 12:00:39.300000,0.9451,1173
1179,16799154,Kodai Fukuda,2026-09-17 08:10:39.430000,0.9451,1173
1180,16799565,Lâm Huy,2026-09-05 12:35:42.020000,0.9451,1173
1181,16811838,caiguoneng,2026-09-03 09:27:13.686000,0.9451,1173
1182,16803921,Mohammed Rajaa,2026-09-03 09:54:55.470000,0.9451,1173
1183,16948159,gkstmd050823,2026-09-27 03:03:55.726000,0.9451,1173
1184,16823110,Jan Fidor,2026-09-04 14:58:47.400000,0.9451,1173
1185,16847020,SudoShellz,2026-09-08 04:01:06.936000,0.9451,1173
1186,16843709,Azmat Hussain,2026-09-07 16:34:58.640000,0.94509,1186
1187,16799125,M. Syahrindra,2026-09-12 11:14:32.463000,0.94509,1186
1188,16803548,AndyL,2026-09-21 18:40:41.026000,0.94509,1186
1189,16803133,TBRTRL,2026-09-22 09:14:48.076000,0.94509,1186
1190,16798898,David Guzzi,2026-09-24 00:33:25.100000,0.94509,1186
1191,16842839,Hyunil Yoo,2026-09-30 07:01:14.646000,0.94509,1186
1192,16817747,Olatide Bolaji,2026-09-05 20:27:14.276000,0.94509,1186
1193,16818230,k sheep,2026-09-30 10:41:04.146000,0.94509,1186
1194,16828008,Jayyanth K B,2026-09-09 13:54:18.436000,0.94509,1186
1195,16798804,Kazuhiro Masuyama,2026-09-15 04:11:09.150000,0.94509,1186
1196,16799031,Ye,2026-09-19 16:40:37.610000,0.94509,1186
1197,16805741,NextAura AI _ ZU,2026-09-02 08:09:58.716000,0.94508,1197
1198,16806584,Nithin maktha,2026-09-02 05:40:13.473000,0.94508,1197
1199,16811749,zane666,2026-09-05 03:40:08.440000,0.94508,1197
1200,16891375,Nilanjan_Saha123,2026-09-17 10:39:18.930000,0.94508,1197
1201,16802403,noam,2026-09-03 18:10:34.320000,0.94508,1197
1202,16848540,fn4ste,2026-09-19 17:02:38.640000,0.94508,1197
1203,16968054,SHUlpt,2026-09-28 18:32:22.083000,0.94508,1197
1204,16898077,kminh712,2026-09-17 15:07:33.206000,0.94508,1197
1205,16806177,Deepak,2026-09-30 19:32:24.096000,0.94508,1197
1206,16911638,Michael Simony,2026-09-30 18:33:27.720000,0.94508,1197
1207,16911673,jayaxebai,2026-09-27 13:50:01.893000,0.94508,1197
1208,16811109,DaTaro,2026-09-13 22:34:16.610000,0.94508,1197
1209,16915407,Muhammad Zulkifil,2026-09-18 14:26:44.616000,0.94508,1197
1210,16827164,wangxt1,2026-09-04 08:19:48.643000,0.94508,1197
1211,16931217,CAU53744-T03,2026-09-30 13:31:48.700000,0.94508,1197
1212,16798805,Jim Gruman,2026-09-30 02:26:19.673000,0.94507,1212
1213,16802938,Maxim,2026-09-04 03:05:16.476000,0.94507,1212
1214,16853538,Keychain,2026-09-08 15:26:41.246000,0.94507,1212
1215,16802205,Paul Shelby,2026-09-04 11:13:37.530000,0.94507,1212
1216,16895889,Nicolás Barceló,2026-09-25 16:20:12.176000,0.94507,1212
1217,16806707,Bissultanov Yernar,2026-09-07 06:53:50.316000,0.94507,1212
1218,16826089,Dule@11,2026-09-04 18:44:32.230000,0.94507,1212
1219,16908881,Gabriele M,2026-09-16 23:04:33.993000,0.94506,1219
1220,16802466,chenshiyo,2026-09-09 10:30:54.556000,0.94506,1219
1221,16969914,sasailab,2026-09-27 09:58:09.590000,0.94506,1219
1222,16839145,Eshan Mehendale,2026-09-06 18:37:34.090000,0.94506,1219
1223,16822718,Hoaivo,2026-09-03 17:03:13.050000,0.94506,1219
1224,16884630,Kenzo Okajima,2026-09-19 01:01:51.920000,0.94506,1219
1225,16811916, Lưu Khải Hưng,2026-09-10 04:57:00.556000,0.94505,1225
1226,16895549,DebugBird,2026-09-24 08:38:37.123000,0.94505,1225
1227,16802349,rhythm master,2026-09-28 10:23:17.720000,0.94505,1225
1228,16849233,Fatemeh_Balaei,2026-09-18 20:59:24.510000,0.94505,1225
1229,16843561,QiYian,2026-09-06 15:19:25.506000,0.94505,1225
1230,16838407,Srivatsav Kannan,2026-09-05 13:16:28.350000,0.94505,1225
1231,16862365,Hien Nguyen,2026-09-30 23:06:33.863000,0.94505,1225
1232,16833371,Irkan Alfa,2026-09-05 17:33:19.026000,0.94504,1232
1233,16894388,소시지햄,2026-09-23 00:46:13.020000,0.94504,1232
1234,16991219,lfavre,2026-09-30 18:00:33.996000,0.94504,1232
1235,16841792,salamanda19,2026-09-16 19:17:22.013000,0.94504,1232
1236,16806170,Lamaq and Nastija,2026-09-20 12:18:20.576000,0.94504,1232
1237,16828977,flag_06,2026-09-22 13:55:39.160000,0.94503,1237
1238,16799748,Komil Parmar,2026-09-02 07:07:08.733000,0.94503,1237
1239,16892871,rumoa77,2026-09-24 19:20:59.716000,0.94503,1237
1240,16811769,lyagushkerr,2026-09-07 08:18:23.046000,0.94503,1237
1241,16919254,Asorac@NCCU_gf0927,2026-09-20 11:19:22.603000,0.94503,1237
1242,16808814,kouchan,2026-09-19 11:24:43.416000,0.94503,1237
1243,16799086,LULU,2026-09-07 14:21:01.756000,0.94503,1237
1244,16847483,StrGenIx | Laurens D'hooge,2026-09-07 11:52:20.406000,0.94502,1244
1245,16861514,Yanwei Lu,2026-09-11 10:37:22.020000,0.94502,1244
1246,16906224,Vaishnav Gudipudi,2026-09-27 17:27:30.213000,0.94502,1244
1247,16944548,Mangara Haposan Immanuel Siagian,2026-09-28 08:01:17.490000,0.94502,1244
1248,16842490,AYi GUO,2026-09-08 08:42:39.383000,0.94502,1244
1249,16817868,TAB0905,2026-09-30 16:26:27.406000,0.94502,1244
1250,16908521,Anish Prakash,2026-09-18 17:45:27.676000,0.94502,1244
1251,16950353,Aarav Ankola,2026-09-28 21:49:38.700000,0.94502,1244
1252,16832242,Pranjal Verma,2026-09-06 07:08:27.426000,0.94501,1252
1253,16877475,OW,2026-09-12 04:10:40.533000,0.94501,1252
1254,16858661,Vishwa,2026-09-16 07:21:19.990000,0.94501,1252
1255,16808762,Hiroko Tsuchida,2026-09-28 22:12:44.596000,0.94501,1252
1256,16829820,tkdndgus,2026-09-05 17:27:31.206000,0.94501,1252
1257,16822784,mattéo Mathis,2026-09-16 11:16:21.083000,0.94501,1252
1258,16953419,Yeandi,2026-09-27 10:02:13.713000,0.945,1258
1259,16912699,Maks M,2026-09-20 13:50:50.690000,0.945,1258
1260,16812064,Liu Classmate,2026-09-09 04:29:41.466000,0.945,1258
1261,16798976,Sadam Torres,2026-09-04 03:04:21.170000,0.945,1258
1262,16889975,znzou47,2026-09-15 05:48:07.086000,0.945,1258
1263,16857742,CalebSChen,2026-09-11 05:53:51.553000,0.945,1258
1264,16831248,Kyon,2026-09-26 14:42:27.870000,0.94499,1264
1265,16887255,Weiyuan Du,2026-09-13 17:16:43.550000,0.94499,1264
1266,16798828,AbdullahSafwan333,2026-09-30 07:29:42.173000,0.94499,1264
1267,16847930,tomohiroikeda,2026-09-21 14:43:29.920000,0.94499,1264
1268,16798628,Makoto Furukawa,2026-09-10 01:07:03.860000,0.94499,1264
1269,16920738,Николай Сергеев,2026-09-19 10:18:14.010000,0.94499,1264
1270,16937128,Akshay Jain_RB,2026-09-21 16:35:23.786000,0.94498,1270
1271,16823206,Erfan Hosseini,2026-09-26 17:28:33.253000,0.94498,1270
1272,16956895,Krizalis,2026-09-26 10:28:31.040000,0.94498,1270
1273,16876760,t-aikaggler,2026-09-25 14:30:36.163000,0.94498,1270
1274,16802989,Yong Jun Fai,2026-09-14 09:10:02.806000,0.94497,1274
1275,16845916,Toshihiro Noguchi,2026-09-07 11:57:56.976000,0.94497,1274
1276,16855391,Crystal2006,2026-09-12 02:40:24.946000,0.94497,1274
1277,16852836,Shrutika Bhiungade,2026-09-30 21:36:13.770000,0.94497,1274
1278,16984484,David Ospina,2026-09-29 18:35:45.030000,0.94497,1274
1279,16944587,Halil İbrahim Güllük,2026-09-23 21:58:17.420000,0.94497,1274
1280,16798899,Chekhlov Dmitrii,2026-09-06 15:31:43.286000,0.94497,1274
1281,16853299,Artem Deviatov,2026-09-08 12:55:58.380000,0.94496,1281
1282,16927485,TEIKOTA,2026-09-30 23:21:14.640000,0.94496,1281
1283,16854218,Filip Martinek,2026-09-08 21:49:16.960000,0.94496,1281
1284,16892480,Rithesh Bashetty,2026-09-15 14:39:15.080000,0.94496,1281
1285,16811904,Hưng Lưu,2026-09-10 03:57:22.370000,0.94496,1281
1286,16927710,JY,2026-09-21 02:44:20.413000,0.94496,1281
1287,16869716,Jonaid,2026-09-12 14:24:56.863000,0.94495,1287
1288,16895907,clouder_121,2026-09-15 10:35:19.433000,0.94495,1287
1289,16803260,Kareem,2026-09-08 17:44:58.570000,0.94495,1287
1290,16843958,Rohan,2026-09-12 17:45:57.630000,0.94495,1287
1291,16883037,Mohammad Yaser Hussain,2026-09-16 02:49:39.213000,0.94495,1287
1292,16879513,FredericaBernkastel,2026-09-30 20:33:45.820000,0.94495,1287
1293,16804933,hypecoef,2026-09-06 15:13:02.696000,0.94495,1287
1294,16807745,Sheikh Madni,2026-09-23 03:44:41.716000,0.94495,1287
1295,16843525,MOSTEFAI MOUNIR,2026-09-18 23:45:09.716000,0.94495,1287
1296,16848251,Bxckwood,2026-09-07 21:27:52.616000,0.94495,1287
1297,16977953,Varun Rao,2026-09-29 01:27:42.570000,0.94495,1287
1298,16858255,Wheeler,2026-09-16 02:06:24.330000,0.94494,1298
1299,16839121,WIKXY,2026-09-28 12:35:58.603000,0.94494,1298
1300,16811538,treflow,2026-09-03 18:43:36.463000,0.94494,1298
1301,16799371,Rugved Bane,2026-09-16 18:05:20.680000,0.94494,1298
1302,16803775,JanjibDEV,2026-09-14 03:00:30.090000,0.94494,1298
1303,16859100,Youzhe Yang,2026-09-09 15:31:16.273000,0.94494,1298
1304,16987726,Bhaskar Chowdary,2026-09-30 21:59:00.283000,0.94493,1304
1305,16862572,William Bickelmann,2026-09-13 12:10:36.996000,0.94493,1304
1306,16870705,kimzaiyi1,2026-09-11 05:49:13.363000,0.94493,1304
1307,16851333,준입니다.,2026-09-15 05:00:13.446000,0.94492,1307
1308,16960551,irtaza malik,2026-09-25 13:06:37.843000,0.94492,1307
1309,16875647,ShowOne_01,2026-09-25 08:46:46.930000,0.94492,1307
1310,16809469,Yusuf Ömer Erem,2026-09-04 19:45:11.423000,0.94492,1307
1311,16809871,Rimba Erlangga,2026-09-06 19:31:07.613000,0.94492,1307
1312,16923246,thePredictors,2026-09-30 09:08:46.823000,0.94492,1307
1313,16802822,hezhiqian,2026-09-21 02:17:18.113000,0.94492,1307
1314,16890244,PhoenixAStar,2026-09-16 22:22:07.726000,0.94492,1307
1315,16952174,Mohammed Sufiyan,2026-09-24 10:38:31.513000,0.94492,1307
1316,16876087,Zhu Lin Ch'ng,2026-09-12 12:12:26.446000,0.94492,1307
1317,16823630,Ayoola Okunlola,2026-09-14 15:56:47.566000,0.94492,1307
1318,16802350,shankar lal,2026-09-01 22:09:48.100000,0.94491,1318
1319,16822923,UnfriendlyAI,2026-09-04 18:51:17.070000,0.94491,1318
1320,16892605,zaltark,2026-09-21 19:30:56.860000,0.94491,1318
1321,16882546,Eric Wang,2026-09-13 19:47:48.756000,0.94491,1318
1322,16851695,qianyuatkaggle,2026-09-08 05:02:26.846000,0.9449,1322
1323,16808288,hundun,2026-09-04 16:25:44.466000,0.9449,1322
1324,16891988,Dlmpoq01,2026-09-14 18:22:47.973000,0.9449,1322
1325,16867013,Oreb98,2026-09-22 15:44:53.283000,0.9449,1322
1326,16855212,Ushna Saad,2026-09-30 07:53:34.606000,0.9449,1322
1327,16950920,kaiwang27,2026-09-24 08:50:40.400000,0.9449,1322
1328,16833405,islet,2026-09-29 00:57:52.626000,0.9449,1322
1329,16962995,AroojAhmed,2026-09-27 13:57:26.546000,0.9449,1322
1330,16906208,"Yi-Chi,Tseng ",2026-09-21 14:44:44.186000,0.94489,1330
1331,16867748,Shohinur Pervez Shohan,2026-09-10 18:45:16.476000,0.94489,1330
1332,16916693,soham samanta,2026-09-18 17:23:56.426000,0.94489,1330
1333,16954351,ねこかん,2026-09-24 15:12:18.470000,0.94489,1330
1334,16866656,ywy16127,2026-09-30 07:55:23.393000,0.94489,1330
1335,16848057,Yunus Dermencioglu,2026-09-07 13:23:55.610000,0.94488,1335
1336,16896806,Caalm,2026-09-15 14:13:32.926000,0.94488,1335
1337,16937130,Pradhyumnaa G,2026-09-21 17:36:09.650000,0.94488,1335
1338,16933743,Tayyab sikandar,2026-09-23 05:11:03.036000,0.94488,1335
1339,16824071,永井松太郎,2026-09-13 15:09:39.946000,0.94488,1335
1340,16822952,tespip,2026-09-20 13:12:03.720000,0.94487,1340
1341,16956975,Anmol Mahajan,2026-09-27 13:58:13.163000,0.94487,1340
1342,16940720,MoinudeenHazmi,2026-09-28 12:19:09.636000,0.94487,1340
1343,16881904,Lmntrix Ace,2026-09-12 18:07:28.526000,0.94487,1340
1344,16973116,Prasanna Shakya,2026-09-30 13:20:14.563000,0.94487,1340
1345,16807881,Amaranta,2026-09-04 03:53:18.500000,0.94487,1340
1346,16952259,Shujian,2026-09-24 14:31:26.906000,0.94487,1340
1347,16839118,Julien Heiduk,2026-09-10 22:37:32.216000,0.94486,1347
1348,16822226,Hande  Nur Uygun,2026-09-05 22:55:27.890000,0.94486,1347
1349,16800025,Ömer Faruk Tekin,2026-09-28 15:44:08.913000,0.94486,1347
1350,16808670,Dr Anil Kumar Dubey,2026-09-06 06:09:29.923000,0.94486,1347
1351,16929504,Ali Salih Yıldırım,2026-09-21 20:30:04.073000,0.94485,1351
1352,16871875,Oliver Kinch,2026-09-11 12:56:34.456000,0.94485,1351
1353,16993038,Yanamii,2026-09-30 18:28:33.080000,0.94485,1351
1354,16944032,RK Hana Lee,2026-09-26 08:54:17.086000,0.94485,1351
1355,16799508,MingyangQu666,2026-09-30 16:32:20.423000,0.94485,1351
1356,16810230,Nick,2026-09-17 08:32:01.080000,0.94485,1351
1357,16883379,Daniel Udekwe,2026-09-24 21:07:38.333000,0.94485,1351
1358,16879072,Arpit Jain,2026-09-12 04:50:31.816000,0.94485,1351
1359,16952650,Nandakrishnan O,2026-09-27 08:18:51.560000,0.94485,1351
1360,16925784,alirezanasiri778,2026-09-26 14:18:47.320000,0.94485,1351
1361,16880367,Thunder Buddies,2026-09-30 16:52:41.903000,0.94484,1361
1362,16802759,Georgios Nikolitsis,2026-09-18 11:00:52.976000,0.94484,1361
1363,16839860,NynsenFaber,2026-09-05 14:56:15.183000,0.94484,1361
1364,16945593,Misty Visty,2026-09-25 08:34:39.023000,0.94484,1361
1365,16960290,Abdelhafid Ammari,2026-09-25 14:14:29.096000,0.94483,1365
1366,16955383,Matvei Tarusin,2026-09-25 05:54:33.513000,0.94483,1365
1367,16860127,Jeffery Mei,2026-09-09 16:41:17.940000,0.94483,1365
1368,16918536,Hubert Yang,2026-09-28 12:44:07.003000,0.94483,1365
1369,16892813,Divyanshu Sharma,2026-09-15 14:54:14.370000,0.94482,1369
1370,16887632,M_Muhammad_A,2026-09-25 05:38:51.866000,0.94482,1369
1371,16974911,SS Jaswanth,2026-09-28 02:28:23.316000,0.94482,1369
1372,16858585,Abdul Manan,2026-09-09 20:53:09.946000,0.94482,1369
1373,16823682,Shantanu Chopra,2026-09-04 12:30:37.220000,0.94481,1373
1374,16844414,Akash Pandey,2026-09-22 22:16:41.070000,0.94481,1373
1375,16892341,Morgan Le,2026-09-17 01:26:21.223000,0.94481,1373
1376,16801062,tuannm3812,2026-09-04 13:12:35.766000,0.9448,1376
1377,16832833,Corbett Austin,2026-09-04 22:32:07.660000,0.9448,1376
1378,16809861,Junkonno,2026-09-29 16:36:34.006000,0.9448,1376
1379,16802354,Alikhan Gavrilov,2026-09-22 13:27:58.143000,0.94479,1379
1380,16940592,Vishal Dubey,2026-09-28 15:35:39.980000,0.94479,1379
1381,16889556,RZ Lu,2026-09-23 07:32:51.663000,0.94477,1381
1382,16802751,Hamza Nazim Siddiqui,2026-09-17 08:30:23.100000,0.94477,1381
1383,16917720,ifashion,2026-09-28 19:13:14.300000,0.94477,1381
1384,16952428,HONGLIE ZHANG,2026-09-25 12:22:13.043000,0.94477,1381
1385,16992661,George Shvets,2026-09-30 20:38:14.780000,0.94477,1381
1386,16805454,Nishant Dhingra,2026-09-03 05:33:37.873000,0.94476,1386
1387,16805565,Guenoir,2026-09-30 22:13:09.683000,0.94476,1386
1388,16960667,Comunidad Ninja,2026-09-28 15:32:17.636000,0.94475,1388
1389,16942122,keyiadiannao,2026-09-25 16:13:30.216000,0.94475,1388
1390,16876182,Ricard0Borges,2026-09-23 20:44:34.353000,0.94475,1388
1391,16830955,Komarov Andrew,2026-09-13 13:13:43.363000,0.94475,1388
1392,16916618,Joona,2026-09-27 04:20:44.600000,0.94475,1388
1393,16956584,Yogendra,2026-09-30 09:00:39.756000,0.94474,1393
1394,16844421,Eleni Stamkou,2026-09-30 11:58:53.300000,0.94474,1393
1395,16856313,Julianno Rogery,2026-09-09 12:43:34.096000,0.94473,1395
1396,16866069,ROU Senghak,2026-09-10 11:54:40.133000,0.94473,1395
1397,16839769,WUGAWUGA2,2026-09-07 11:04:29.183000,0.94473,1395
1398,16894782,Trennon5,2026-09-16 07:39:12.676000,0.94473,1395
1399,16935806,Paul Johnson,2026-09-30 18:30:29.220000,0.94472,1399
1400,16843240,William Gladston,2026-09-11 16:26:42.056000,0.94472,1399
1401,16892369,José,2026-09-16 18:22:46.540000,0.94472,1399
1402,16939071,Hanpan00,2026-09-22 06:49:42.046000,0.94472,1399
1403,16823623,Jocelyn Dumlao,2026-09-07 10:33:39.570000,0.94472,1399
1404,16853088,Long Vuz,2026-09-30 10:56:53.123000,0.94471,1404
1405,16971166,Uddhav37,2026-09-28 12:09:24.020000,0.9447,1405
1406,16802771,Gyanendra Singh Yadav,2026-09-18 10:30:48.133000,0.9447,1405
1407,16925342,Din Sokheng,2026-09-26 22:08:55.923000,0.9447,1405
1408,16809558,Ricardo Pereira,2026-09-04 15:54:14.473000,0.9447,1405
1409,16853269,Qiao Ke,2026-09-08 08:43:55.883000,0.9447,1405
1410,16862981,Roberto Zanaboni,2026-09-12 20:25:26.756000,0.94469,1410
1411,16838804,,2026-09-07 06:10:05.073000,0.94469,1410
1412,16876158,Mobeen Fatima,2026-09-29 16:59:22.556000,0.94469,1410
1413,16907412, Dennis6886,2026-09-18 06:58:50.020000,0.94469,1410
1414,16805798,Tys TANA,2026-09-03 00:31:14.033000,0.94469,1410
1415,16841283,Black Scholes,2026-09-06 09:17:04.316000,0.94468,1415
1416,16799657,Akritas,2026-09-02 11:43:24.973000,0.94468,1415
1417,16853145,Karib Kazi Rafid,2026-09-25 03:55:42.980000,0.94468,1415
1418,16881094,remi_hr,2026-09-12 15:19:42.720000,0.94466,1418
1419,16881846,SuperDubby,2026-09-12 17:04:29.500000,0.94465,1419
1420,16800431,NatSwamin,2026-09-04 10:44:04.050000,0.94464,1420
1421,16832247,Diya Patel,2026-09-26 00:48:37.466000,0.94463,1421
1422,16941728,jayadevuha,2026-09-23 20:39:42.213000,0.94461,1422
1423,16840555,coffeffe,2026-09-07 20:52:41.033000,0.94461,1422
1424,16934711,charoyou,2026-09-30 14:10:21.986000,0.94459,1424
1425,16958359,Badal Rajpoot,2026-09-25 05:29:41.046000,0.94459,1424
1426,16845692,Gojo satoru,2026-09-30 23:56:30.003000,0.94458,1426
1427,16920806,wumingzhibei_99,2026-09-30 03:58:51.336000,0.94458,1426
1428,16890600,Viet Tran,2026-09-30 08:04:02.050000,0.94458,1426
1429,16892236,kuchinwei,2026-09-17 14:59:58.933000,0.94457,1429
1430,16820506,Kei Masuda,2026-09-28 23:40:25.706000,0.94457,1429
1431,16938935,John Max,2026-09-22 11:28:14.713000,0.94456,1431
1432,16909683,Cyrus Namjoo,2026-09-28 07:52:39.403000,0.94456,1431
1433,16829258,cherish_zhang,2026-09-15 07:56:24.590000,0.94454,1433
1434,16802997,K.Takahashi-1986,2026-09-07 13:53:07.710000,0.94454,1433
1435,16880553,Ryosuke Yoshikawa,2026-09-27 14:12:25.370000,0.94454,1433
1436,16880836,ManasviniAnand,2026-09-12 11:24:42.693000,0.94453,1436
1437,16799819,alex chilton,2026-09-01 20:03:54.510000,0.94453,1436
1438,16841643,amiakar,2026-09-06 01:51:26.493000,0.94453,1436
1439,16803077,Arizal Muluk,2026-09-30 11:46:47.916000,0.94453,1436
1440,16965964,fufuaaa,2026-09-26 10:37:53.993000,0.94453,1436
1441,16897549,koseki,2026-09-28 11:15:48.030000,0.94453,1436
1442,16978987,LeNgocTuongVy143,2026-09-30 01:05:13.186000,0.94452,1442
1443,16889210,Đoàn Nguyễn Ngọc Bảo,2026-09-15 06:43:02.846000,0.94451,1443
1444,16881451,Kotaro Imamura,2026-09-13 08:48:17.246000,0.9445,1444
1445,16968386,.,2026-09-27 22:50:35.080000,0.9445,1444
1446,16854103,Yan Slabodich,2026-09-09 12:28:15.530000,0.94449,1446
1447,16839477,ANSHIKA JOISAR,2026-09-30 14:20:22.803000,0.94448,1447
1448,16974141,yu_kuo14,2026-09-27 22:29:49.186000,0.94448,1447
1449,16976201,Vaibhav Kshirsagar,2026-09-29 20:56:02.106000,0.94447,1449
1450,16830537,NikitaChubai,2026-09-11 09:41:44.196000,0.94447,1449
1451,16973899,Himanshu Yadav,2026-09-27 19:11:12.830000,0.94445,1451
1452,16955044,nor,2026-09-24 19:14:35.313000,0.94444,1452
1453,16810797,Bhavagna Nagisetti,2026-09-11 21:13:29.060000,0.94444,1452
1454,16914652,bautistareynolds,2026-09-17 14:24:04.500000,0.94443,1454
1455,16964967,Ivan Morozov,2026-09-26 07:55:06.010000,0.94443,1454
1456,16803413,Kanish Paul,2026-09-01 17:02:01.436000,0.94443,1454
1457,16848429,Alejandro Gonzalez,2026-09-20 17:55:10.736000,0.94442,1457
1458,16848318,Nathan Jacob,2026-09-08 12:49:03.330000,0.94441,1458
1459,16892018,Dyl,2026-09-19 04:37:51.573000,0.9444,1459
1460,16948713,PrithivRaj V,2026-09-28 19:42:51.306000,0.9444,1459
1461,16810302,Tathagata_Ghosh_03,2026-09-06 18:32:23.413000,0.9444,1459
1462,16809396,wcwswswws,2026-09-16 09:50:23.916000,0.94439,1462
1463,16864566,Bryce Chambers,2026-09-26 00:10:09.813000,0.94439,1462
1464,16844031,Hansen Zhong,2026-09-06 21:03:52.090000,0.94439,1462
1465,16798829,Tian Yan666,2026-09-08 19:21:39.476000,0.94438,1465
1466,16907290,Juno Leong,2026-09-29 17:36:51.970000,0.94438,1465
1467,16852584,InfernoTK,2026-09-08 22:33:07.566000,0.94438,1465
1468,16876414,TwangyGarlic449,2026-09-15 21:59:35.653000,0.94437,1468
1469,16832502,Mohamed Alaa Elboraay,2026-09-04 18:31:11.516000,0.94435,1469
1470,16964782,Kevin Lai,2026-09-26 11:10:24.563000,0.94434,1470
1471,16806870,nikolaou nikolaou,2026-09-04 06:26:11.833000,0.94433,1471
1472,16948637,Arooran,2026-09-30 21:47:45.366000,0.94432,1472
1473,16882875,BLANDCorporatio,2026-09-24 22:31:50.633000,0.94431,1473
1474,16839364,loai fahman,2026-09-12 21:21:24.076000,0.94431,1473
1475,16828514,Trọng tâm Nguyễn,2026-09-04 10:18:27.986000,0.94427,1475
1476,16810831,Mohsen Shahbazi,2026-09-05 18:10:35.680000,0.94426,1476
1477,16836084,Ashok Gaire,2026-09-05 03:36:45.106000,0.94425,1477
1478,16921005,bruno.rios1080,2026-09-18 16:14:04.630000,0.94424,1478
1479,16885685,Neglected Turtle,2026-09-13 14:26:20.976000,0.94423,1479
1480,16842192,Daksh Lamba,2026-09-15 07:23:51.460000,0.94423,1479
1481,16888379,Sebastian Bay,2026-09-22 13:52:18.840000,0.94423,1479
1482,16949820,Nahata Mohak,2026-09-23 20:57:49.846000,0.94422,1482
1483,16806639,luochen211,2026-09-02 06:49:48.446000,0.9442,1483
1484,16909987,ETtheArtist,2026-09-30 23:48:37.356000,0.94419,1484
1485,16943437,Yashvardhan,2026-09-23 08:12:05.773000,0.94419,1484
1486,16937905,Daniel Peng,2026-09-28 21:19:52.226000,0.94416,1486
1487,16917339,Zugaj Productions,2026-09-18 16:04:05.323000,0.94415,1487
1488,16932301,Abdel ZIGHEM,2026-09-20 22:15:50.800000,0.94415,1487
1489,16882119,yakitori55,2026-09-14 02:03:49.850000,0.94415,1487
1490,16806527,Tsubasa_00,2026-09-02 07:40:23.680000,0.94414,1490
1491,16799068,river August,2026-09-03 02:50:16.863000,0.94413,1491
1492,16943901,Chris Yin,2026-09-23 17:00:34.143000,0.94412,1492
1493,16886096,NSDMLK,2026-09-14 05:25:04.936000,0.94411,1493
1494,16799457,Akahachi,2026-09-20 08:01:35.926000,0.9441,1494
1495,16859470,Kun J.WANG,2026-09-09 15:52:38.466000,0.9441,1494
1496,16892166,Nilanjan Saha,2026-09-17 11:10:09.726000,0.9441,1494
1497,16946729,Jake Lin,2026-09-24 02:53:01.070000,0.94409,1497
1498,16904197,Oh that me? Pure Aura,2026-09-17 04:53:16.190000,0.94408,1498
1499,16826620,Keya Dobriyal,2026-09-30 04:37:48.756000,0.94408,1498
1500,16802895,kazkod,2026-09-05 13:03:36.186000,0.94404,1500
1501,16914178,Kajo,2026-09-17 14:26:23.960000,0.94402,1501
1502,16891505,renfei0202,2026-09-27 05:20:17.090000,0.94402,1501
1503,16861800,蛤密呱,2026-09-13 16:25:51.750000,0.94401,1503
1504,16861797,Ishank Gupta,2026-09-23 19:26:24.036000,0.94401,1503
1505,16831227,Marton,2026-09-05 08:59:35.703000,0.94401,1503
1506,16798937,Nirmal Patel,2026-09-02 07:16:28.323000,0.944,1506
1507,16803089,Worst Team Ever,2026-09-24 15:24:47.370000,0.944,1506
1508,16864500,Yueheng ZENG,2026-09-19 06:59:20.423000,0.94397,1508
1509,16911664,Ahonakpon Guy GBAGUIDI,2026-09-28 21:16:30.386000,0.94397,1508
1510,16931631,Alexie Huynh,2026-09-22 16:29:01.590000,0.94397,1508
1511,16861663,Ali Uysal,2026-09-11 12:57:18.903000,0.94396,1511
1512,16906907,KAGUYA810,2026-09-20 04:15:21.600000,0.94396,1511
1513,16808989,Mohammad Alnajdawi,2026-09-02 14:59:44.103000,0.94396,1511
1514,16916543,NorthOcean,2026-09-18 06:46:59.513000,0.94395,1514
1515,16800792,PeterGrundell,2026-09-10 05:54:53.016000,0.94395,1514
1516,16805197,Atharva Parab,2026-09-05 04:20:11.396000,0.94393,1516
1517,16968895,jereenarr,2026-09-29 15:35:15.376000,0.94392,1517
1518,16841856,tyuyoshi,2026-09-30 02:28:58.280000,0.94391,1518
1519,16822206,Advait ,2026-09-13 18:41:31.576000,0.94391,1518
1520,16798598,Trish Cornelissen,2026-09-23 15:26:56.590000,0.94391,1518
1521,16977855,Chuang Kai-hao,2026-09-28 16:15:32.503000,0.9439,1521
1522,16832333,Karan Tanshukh,2026-09-04 17:20:05.926000,0.9439,1521
1523,16802777,S Aishvarya,2026-09-05 13:32:13.556000,0.94389,1523
1524,16798836,Wei Hsiang Lin111,2026-09-11 01:06:14.063000,0.94389,1523
1525,16968076,RAMACHANDRA J,2026-09-27 14:50:53.140000,0.94389,1523
1526,16801808,Mahabub Hasan Mamun,2026-09-19 19:57:09.636000,0.94388,1526
1527,16923052,lxrnb666,2026-09-21 13:26:45.973000,0.94388,1526
1528,16799920,Aloe moon,2026-09-04 20:10:14.340000,0.94388,1526
1529,16920112,Ghaith Sayari,2026-09-20 00:15:49.070000,0.94388,1526
1530,16805449,amirhossein karimiee,2026-09-18 20:35:26.426000,0.94388,1526
1531,16800002,Async,2026-09-19 20:36:51.393000,0.94388,1526
1532,16877155,Alem Memic,2026-09-29 18:29:43.236000,0.94387,1532
1533,16939899,Pratibha Tamak,2026-09-23 10:20:45.883000,0.94387,1532
1534,16919670,mzshao,2026-09-30 08:50:43.683000,0.94386,1534
1535,16808128,Yangzhenyu,2026-09-02 09:33:47.790000,0.94384,1535
1536,16810539,Oleg Zagorulko,2026-09-02 19:00:12.980000,0.94384,1535
1537,16807971,casati8,2026-09-30 10:20:15.313000,0.94383,1537
1538,16928120,Garv Goel,2026-09-30 11:22:48.460000,0.94383,1537
1539,16799549,Avinash Maurya,2026-09-02 14:21:26.300000,0.9438,1539
1540,16839516,恵輔平川,2026-09-26 11:13:29.070000,0.9438,1539
1541,16827628,Arisa Fukuda,2026-09-15 05:36:03.196000,0.94378,1541
1542,16806120,Koh Saito,2026-09-03 16:16:24.293000,0.94378,1541
1543,16896783,MihailMV13,2026-09-16 00:30:54.270000,0.94377,1543
1544,16808743,Mehmet Sami Boz,2026-09-04 14:37:33.186000,0.94377,1543
1545,16894739,Choonghan,2026-09-20 09:11:27.056000,0.94377,1543
1546,16852156,OneduckOneduck,2026-09-09 04:27:33.940000,0.94377,1543
1547,16927184,Vijay Kumar,2026-09-23 06:08:40.993000,0.94377,1543
1548,16973803,MattRP,2026-09-30 04:07:39.140000,0.94376,1548
1549,16802480,Владислав Мурник,2026-09-09 11:55:18.456000,0.94376,1548
1550,16884795,Vikas kumar Singh,2026-09-19 04:33:56.696000,0.94376,1548
1551,16950710,Mitansh Dev,2026-09-24 17:08:39.693000,0.94375,1551
1552,16798914,Shinichi Monden,2026-09-30 09:25:23.310000,0.94375,1551
1553,16891050,ZhiyuanCHENG,2026-09-30 08:25:50.286000,0.94373,1553
1554,16846751,jimmy5566,2026-09-09 07:36:16.773000,0.94373,1553
1555,16854740,lizh2025,2026-09-09 13:23:06.050000,0.94371,1555
1556,16807903,Utkarsh Agrawal,2026-09-04 15:55:32.896000,0.9437,1556
1557,16921404,LTLONG8090,2026-09-27 09:57:42.043000,0.94369,1557
1558,16799947,OJO EMMANUEL,2026-09-09 15:14:47.496000,0.94369,1557
1559,16848519,Ubeen Sim,2026-09-08 12:22:00.686000,0.94369,1557
1560,16855204,Anshul Chikhale,2026-09-30 05:52:23.906000,0.94368,1560
1561,16859106,piggy adorable (piggy),2026-09-20 01:31:41.696000,0.94368,1560
1562,16889348,Praneel Chetty,2026-09-20 05:05:41.846000,0.94367,1562
1563,16919421,Eliott Kalfon,2026-09-18 17:48:17.010000,0.94366,1563
1564,16860702,Kurapapa,2026-09-13 13:28:50.563000,0.94365,1564
1565,16799345,Devashish,2026-09-20 12:19:07.856000,0.94365,1564
1566,16802105,SN JAI VISHNU,2026-09-14 07:41:47.783000,0.94364,1566
1567,16845940,Yug Parikh,2026-09-07 08:51:42.860000,0.94363,1567
1568,16897967,Geronimo Basso Sosa,2026-09-19 20:01:42.966000,0.94363,1567
1569,16908010,Vaibhav Karsh,2026-09-17 11:05:35.230000,0.94362,1569
1570,16962860,sergio damian coronel,2026-09-28 17:33:38.296000,0.94362,1569
1571,16841870,Yamin Hossain,2026-09-06 05:04:33.063000,0.94362,1569
1572,16808218,Asmita Khaitan,2026-09-22 17:40:53.393000,0.94361,1572
1573,16828700,Yueran Cao 2001,2026-09-15 03:39:19.273000,0.94361,1572
1574,16895542,Daniil Iakupov,2026-09-15 09:25:31.940000,0.94361,1572
1575,16803082,Rafael Cunha,2026-09-23 21:53:45.623000,0.9436,1575
1576,16866310,Vishal Khomane,2026-09-11 09:58:40.660000,0.9436,1575
1577,16928419,HR_Chu1,2026-09-20 13:41:37.350000,0.9436,1575
1578,16894574,Atif Mazhar,2026-09-19 16:55:04.193000,0.9436,1575
1579,16929746,Sahil Athwani,2026-09-20 14:28:24.080000,0.94359,1579
1580,16848583,haru fuji,2026-09-11 16:44:54.706000,0.94359,1579
1581,16947236,K_DHEERAJ_11,2026-09-23 15:19:58.673000,0.94358,1581
1582,16885477,Samet Coşkun,2026-09-13 20:43:38.583000,0.94358,1581
1583,16932685,tan014,2026-09-30 23:31:36.693000,0.94354,1583
1584,16838684,Prathamesh Mistry,2026-09-08 20:21:34.546000,0.94354,1583
1585,16926444,Shivam Sourav,2026-09-19 22:49:47.713000,0.94353,1585
1586,16843976,Shaun the Sheep ,2026-09-30 22:49:04.626000,0.94353,1585
1587,16832262,DavidToma03,2026-09-21 21:45:16.256000,0.94352,1587
1588,16896385,Faruk Adedeji,2026-09-24 21:58:25.710000,0.94351,1588
1589,16911349,Marius Zavistanavicius,2026-09-30 06:22:00.436000,0.94351,1588
1590,16991209,mohammed mundazeer,2026-09-30 19:42:12.843000,0.94351,1588
1591,16857084,tetsuya takahashi,2026-09-17 23:29:32.523000,0.9435,1591
1592,16804786,Pravin Takpire,2026-09-18 03:19:57.566000,0.9435,1591
1593,16799984,Erwin Huizenga,2026-09-27 03:09:05.633000,0.9435,1591
1594,16937131,DHRUVA GOWDA,2026-09-21 19:35:13.170000,0.94349,1594
1595,16965060,nkome,2026-09-27 00:27:37.006000,0.94349,1594
1596,16915676,Arjun Hans,2026-09-17 20:02:41.623000,0.94349,1594
1597,16838508,Skyrim86,2026-09-30 15:13:02.796000,0.94347,1597
1598,16853222,Sherwin Dias,2026-09-29 18:01:33.223000,0.94347,1597
1599,16822460,Vansh Kumar 16,2026-09-27 14:36:30.266000,0.94346,1599
1600,16988652,aparna_si13,2026-09-30 10:12:41.453000,0.94345,1600
1601,16826494,Justine Lopez,2026-09-07 15:26:51.966000,0.94345,1600
1602,16891244,vijay thurimella,2026-09-30 17:06:37.870000,0.94344,1602
1603,16928540,PRIYANSH,2026-09-20 16:21:53.740000,0.94343,1603
1604,16804087,JMAscacibar,2026-09-15 13:10:54.546000,0.94342,1604
1605,16877532,RodneyV,2026-09-12 08:10:47.176000,0.94342,1604
1606,16965832,Vittal Badami,2026-09-26 11:29:09.980000,0.94341,1606
1607,16799138,Malco Qoo,2026-09-19 21:56:44.710000,0.94341,1606
1608,16831000,nobuya,2026-09-18 13:01:29.556000,0.9434,1608
1609,16973806,Kuriboh,2026-09-28 19:05:52.520000,0.9434,1608
1610,16925068,JChang_coder,2026-09-19 15:03:35.486000,0.9434,1608
1611,16941989,Clariel Cruz,2026-09-22 16:36:11.083000,0.94338,1611
1612,16871309,Xoz17,2026-09-19 04:52:43.420000,0.94338,1611
1613,16925895,MinNguyenn,2026-09-24 13:53:01.483000,0.94337,1613
1614,16908671,Shintaro Ito,2026-09-26 13:36:01.630000,0.94336,1614
1615,16926154,Ashutosh0406,2026-09-30 19:49:58.256000,0.94335,1615
1616,16805185,Juan Felipe Huan Lew Yee,2026-09-15 16:05:25.306000,0.94335,1615
1617,16930683,Nikhil Kenjale,2026-09-20 15:23:02.570000,0.94334,1617
1618,16983071,Ethan Yong,2026-09-30 02:42:23.923000,0.94334,1617
1619,16841215,Deepak #2,2026-09-06 10:03:37.080000,0.94334,1617
1620,16845714,Joey,2026-09-09 15:24:09.163000,0.94333,1620
1621,16918255,Gapdoicanxi,2026-09-29 18:20:25.553000,0.94333,1620
1622,16863006,Oleksandr Barskyi,2026-09-09 22:24:27.120000,0.94333,1620
1623,16820576,Kuba Kościan,2026-09-10 19:49:50.680000,0.94332,1623
1624,16985135,abdur_developer,2026-09-29 15:29:49.730000,0.9433,1624
1625,16884429,Ruturaj Bhakare,2026-09-29 14:13:39.303000,0.9433,1624
1626,16942713,Spoorthi KS,2026-09-23 15:51:33.020000,0.94329,1626
1627,16849473,Bobby Clare,2026-09-08 11:33:02.613000,0.94329,1626
1628,16890501,Raja051105,2026-09-21 17:15:31.640000,0.94326,1628
1629,16840902,AnkitJangir01,2026-09-29 15:37:09.110000,0.94325,1629
1630,16885747,Nimabcd,2026-09-21 15:08:22.826000,0.94325,1629
1631,16798635,Cengiz Gurel,2026-09-09 22:45:37.080000,0.94325,1629
1632,16919824,Ibaina,2026-09-18 10:51:30.226000,0.94324,1632
1633,16839520,Srishanth Sriramula,2026-09-05 12:41:21.750000,0.94324,1632
1634,16946597,ali samadian,2026-09-24 20:01:07.033000,0.94323,1634
1635,16837657,Ashton Peng,2026-09-18 03:51:26.300000,0.94322,1635
1636,16960202,Mrutyunjay Joshi,2026-09-25 17:09:50.890000,0.9432,1636
1637,16938394,CemGB,2026-09-22 10:53:40.703000,0.9432,1636
1638,16982756,Prathamesh More,2026-09-30 11:47:54.293000,0.9432,1636
1639,16931843,Yoshio,2026-09-21 18:10:58.596000,0.9432,1636
1640,16809850,Minghao Xia,2026-09-05 05:54:20.496000,0.94319,1640
1641,16927956,Feng Chen,2026-09-29 06:58:58.510000,0.94319,1640
1642,16937548,Josh Hurlburt,2026-09-29 18:51:19.983000,0.94318,1642
1643,16906480,Sahil kumar,2026-09-17 18:57:39.233000,0.94318,1642
1644,16817999,Satyam Tiwari,2026-09-24 09:11:24.226000,0.94315,1644
1645,16965432,Sayali Bandvalkar,2026-09-26 05:35:01.193000,0.94315,1644
1646,16992050,Sakshamm2587,2026-09-30 18:12:16.676000,0.94315,1644
1647,16845174,Dren Hakaj,2026-09-15 01:41:34.660000,0.94313,1647
1648,16966325,Timur,2026-09-30 20:03:47.823000,0.94312,1648
1649,16955354,Shash,2026-09-24 18:42:57.096000,0.94311,1649
1650,16914983,ADNOH,2026-09-27 12:20:24.246000,0.9431,1650
1651,16947472,KelvinXwk,2026-09-24 09:49:27.953000,0.9431,1650
1652,16967916,Saib hossain,2026-09-26 19:25:04.126000,0.9431,1650
1653,16845371,Kazuhiro_Yogo,2026-09-24 22:51:14.843000,0.94308,1653
1654,16868051,Jain Hemang,2026-09-20 09:55:04.533000,0.94308,1653
1655,16954873,Fahmid Arman,2026-09-24 17:21:05.240000,0.94308,1653
1656,16862236,_v_sneha2002,2026-09-09 18:54:48.480000,0.94307,1656
1657,16910285,Gradient9,2026-09-29 03:14:42.176000,0.94304,1657
1658,16909365,MuBereket,2026-09-17 20:57:35.203000,0.94304,1657
1659,16911891,Nitin Kumar 2024,2026-09-24 09:53:37.286000,0.94304,1657
1660,16865758,Marco Rava92,2026-09-13 23:43:45.996000,0.94303,1660
1661,16845683,ska B222,2026-09-27 08:40:10.970000,0.94302,1661
1662,16813612,RISHU RAJ,2026-09-03 20:38:04.576000,0.94302,1661
1663,16935971,aktk,2026-09-21 15:16:14.793000,0.943,1663
1664,16922934,Arthur lins,2026-09-19 16:00:32.540000,0.94297,1664
1665,16947108,Ariz Tahoor,2026-09-27 12:59:45.893000,0.94297,1664
1666,16808689,Stephen Tarter,2026-09-24 19:36:53.250000,0.94297,1664
1667,16827183,asterask,2026-09-28 13:44:54.410000,0.94297,1664
1668,16860820,Sadit,2026-09-13 17:41:53.186000,0.94296,1668
1669,16919598,Omar Faruq,2026-09-18 10:39:07.230000,0.94295,1669
1670,16831054,LYH2401,2026-09-16 08:11:43.713000,0.94294,1670
1671,16897839,dsfghjghgdfsfdgfgh,2026-09-15 17:09:05.570000,0.94294,1670
1672,16883680,LeadingTheAbyss,2026-09-14 11:50:11.070000,0.94294,1670
1673,16858945,thuan nguyen159,2026-09-09 10:51:38.866000,0.94293,1673
1674,16798565,Gaurav Dutta,2026-09-28 04:11:07.526000,0.94291,1674
1675,16853233,Yashpalsinh Thakor,2026-09-29 11:22:04.033000,0.9429,1675
1676,16937488,Nuke_Master,2026-09-23 16:13:29.240000,0.9429,1675
1677,16868781,Srujan Nyamagoud,2026-09-11 03:04:09.320000,0.9429,1675
1678,16929876,Yashika panchal,2026-09-28 17:25:04.903000,0.94289,1678
1679,16867920,KodHod,2026-09-14 15:23:25.763000,0.94289,1678
1680,16856903,Roko Torbarina,2026-09-08 23:46:05.986000,0.94287,1680
1681,16857729,rejk,2026-09-09 05:17:25.490000,0.94287,1680
1682,16831018,Mir Abir Hossain,2026-09-04 20:05:15.776000,0.94287,1680
1683,16894448,Kim Huỳnh,2026-09-16 02:55:13.733000,0.94286,1683
1684,16883443,ِAli Barakat,2026-09-26 14:24:12.003000,0.94286,1683
1685,16840715,SaiPrasanth S Naidu,2026-09-29 07:43:43.316000,0.94285,1685
1686,16818074,VnHGTBoy,2026-09-03 12:53:31.330000,0.94284,1686
1687,16807740,Latent Drive,2026-09-15 00:44:35.316000,0.94283,1687
1688,16865716,dimitrios tsiakoulias,2026-09-25 15:37:56.236000,0.94283,1687
1689,16840184,02,2026-09-27 16:57:26.850000,0.94283,1687
1690,16905647,SJ Gamsyy,2026-09-29 03:22:41.983000,0.94282,1690
1691,16970156,alpha_particle,2026-09-30 16:39:32.590000,0.94281,1691
1692,16934187,M Asghar Shakir,2026-09-21 09:10:02.560000,0.9428,1692
1693,16939057,Hoàng Phúc,2026-09-23 16:26:39.263000,0.94278,1693
1694,16906510,Bharqav,2026-09-28 15:49:38.856000,0.94277,1694
1695,16935663,Айгуль Ибрагимова,2026-09-30 19:27:50.983000,0.94277,1694
1696,16806667,Angelina986,2026-09-29 09:34:25.646000,0.94277,1694
1697,16892878,fahimMK,2026-09-29 17:41:50.020000,0.94275,1697
1698,16808168,Corruptors,2026-09-02 11:22:21.313000,0.94274,1698
1699,16951483,P. Sewmuthu Abewickrama Singhe,2026-09-30 12:53:02.203000,0.94273,1699
1700,16808970,Татьяна Кафьян,2026-09-25 16:56:10.020000,0.94272,1700
1701,16935582,JJLee1026,2026-09-30 09:05:47.553000,0.94271,1701
1702,16980594,Rabindra Gouda,2026-09-30 18:00:17.916000,0.94271,1701
1703,16894562,Debasish Behera wabtec,2026-09-17 08:15:03.523000,0.9427,1703
1704,16952354,Shubham Shashwat,2026-09-24 10:17:39.013000,0.9427,1703
1705,16906403,mawsohn,2026-09-21 11:28:27.713000,0.94268,1705
1706,16807907,Ababil Khoerul Imam,2026-09-30 11:36:40.733000,0.94268,1705
1707,16949428,Nilesh Prakash Raut,2026-09-30 05:55:41.523000,0.94268,1705
1708,16798809,yanyyyzt,2026-09-08 14:04:44.120000,0.94268,1705
1709,16981183,Thiago Silva,2026-09-29 13:46:43.796000,0.94267,1709
1710,16844490,Ibrahim Amoo,2026-09-09 10:11:28.273000,0.94267,1709
1711,16925223,Abhinav Khatana,2026-09-19 13:01:40.003000,0.94267,1709
1712,16803933,001eander,2026-09-03 00:27:11.080000,0.94265,1712
1713,16840155,Qudsiya Siddique,2026-09-22 15:46:28.326000,0.94263,1713
1714,16926612,GEORGE DOUKAS,2026-09-20 12:33:47.300000,0.94262,1714
1715,16807619,arno,2026-09-21 09:47:06.340000,0.94261,1715
1716,16881532,Fernando Liazar Luemba Salvador,2026-09-28 06:01:25.610000,0.94259,1716
1717,16987462,Atharva Desai,2026-09-30 03:29:37.016000,0.94259,1716
1718,16852777,Göktürk Çolak,2026-09-12 08:06:27.196000,0.94258,1718
1719,16860056,pranay gaurav,2026-09-09 19:53:14.023000,0.94258,1718
1720,16898473,RABİA GURDAL,2026-09-27 06:34:27.213000,0.94258,1718
1721,16798789,Shailesh,2026-09-12 14:33:54.886000,0.94258,1718
1722,16966690,KARANDE GANESH DNYANDEV,2026-09-29 14:05:16.380000,0.94256,1722
1723,16941775,Hao LI98,2026-09-28 14:29:07.016000,0.94252,1723
1724,16803964,Avinash Changrani,2026-09-16 03:55:09.216000,0.94252,1723
1725,16847849,ROHAN Exploit,2026-09-07 14:22:15.780000,0.94252,1723
1726,16961311,Asad,2026-09-26 18:28:05.023000,0.94251,1726
1727,16876709,SoungbinCho,2026-09-25 21:43:04.483000,0.94251,1726
1728,16877653,Veronika Nuretdinova,2026-09-13 06:16:27.416000,0.9425,1728
1729,16799875,Siddhu Jaykay,2026-09-02 12:14:21.990000,0.9425,1728
1730,16798825,Jason Lam,2026-09-11 06:03:55.330000,0.9425,1728
1731,16968536,Ilman,2026-09-26 20:32:07.016000,0.94248,1731
1732,16968100,Tom K,2026-09-30 15:33:05.720000,0.94247,1732
1733,16888097,Grigorii,2026-09-14 02:00:26.566000,0.94246,1733
1734,16804647,NAMAN TRISOLIYA,2026-09-03 13:52:52.033000,0.94246,1733
1735,16971927,Godzillax,2026-09-27 12:55:27.400000,0.94245,1735
1736,16882524,Sonal Welihinda,2026-09-27 05:31:30.660000,0.9424,1736
1737,16840369,Jeremy,2026-09-05 16:34:41.276000,0.94238,1737
1738,16832225,salih turgut,2026-09-21 19:35:32.793000,0.94237,1738
1739,16805784,Andrew Tang,2026-09-04 07:04:39.336000,0.94237,1738
1740,16911303,Vashu Saini55,2026-09-21 14:37:12.046000,0.94236,1740
1741,16946715,monstercows,2026-09-25 07:41:18.246000,0.94236,1740
1742,16879141,Neha Maurya,2026-09-17 15:32:03.096000,0.94235,1742
1743,16911878,Maddala Hema Narasimha Harsha Pavan,2026-09-24 12:37:43.576000,0.94235,1742
1744,16909541,Uday Prattap,2026-09-22 06:08:53.226000,0.94233,1744
1745,16844568,ayse,2026-09-17 03:33:22.703000,0.94231,1745
1746,16867614,Davi Méaille,2026-09-11 09:11:32.943000,0.9423,1746
1747,16799128,DuDuDu0,2026-09-12 07:36:43.573000,0.94229,1747
1748,16805225,Tigerpiotta,2026-09-28 20:57:00.530000,0.94229,1747
1749,16810411,aggressive_elimination = True,2026-09-30 23:51:37.046000,0.94229,1747
1750,16969856,Toto1107,2026-09-27 15:22:29.143000,0.94229,1747
1751,16809093,yanis_lou,2026-09-02 12:24:28.376000,0.94228,1751
1752,16842740,Mykyta Terentiev,2026-09-09 16:05:19.473000,0.94228,1751
1753,16798876,daihui16,2026-09-30 08:39:29.273000,0.94227,1753
1754,16822666,Om,2026-09-23 10:19:45.480000,0.94225,1754
1755,16817337,Dharmik patel Patel,2026-09-26 10:44:52.816000,0.94224,1755
1756,16801664,ZAOUI_Yassine,2026-09-30 07:12:18.033000,0.94223,1756
1757,16808083,Jerónimo Paiva,2026-09-02 20:48:21.256000,0.94222,1757
1758,16961047,tristannew,2026-09-25 14:17:20.176000,0.94221,1758
1759,16840941,Daeren,2026-09-06 12:50:55.700000,0.94221,1758
1760,16802042,Praveen Kumar Mohan,2026-09-15 12:16:32.026000,0.9422,1760
1761,16916615,JCLOSA,2026-09-20 20:10:14.393000,0.9422,1760
1762,16917247,Jr Champ,2026-09-17 22:36:53.690000,0.94219,1762
1763,16925377,NEHA SHARMA,2026-09-19 16:27:07.003000,0.94218,1763
1764,16978350,SANJANA,2026-09-29 04:41:21.426000,0.94218,1763
1765,16912904,Onigiri,2026-09-30 15:05:44.263000,0.94216,1765
1766,16967546,Pratick Kumar Choudhury,2026-09-27 21:04:29.520000,0.94216,1765
1767,16938956,Toki Tahmid Toufa,2026-09-30 01:21:12.480000,0.94211,1767
1768,16866496,Fidel,2026-09-23 17:37:17.823000,0.9421,1768
1769,16801850,松田,2026-09-15 13:17:39.346000,0.94209,1769
1770,16905707,Harshavardhan Srinivas Pentakota,2026-09-22 10:29:29.320000,0.94209,1769
1771,16800246,ARIFUDDIN R,2026-09-08 02:57:05.633000,0.94208,1771
1772,16799878,Hữu Bình Nguyên Nguyễn,2026-09-08 03:36:48.836000,0.94205,1772
1773,16808093,Raiyana Rufaida,2026-09-28 18:11:09.913000,0.94205,1772
1774,16798887,Danjas,2026-09-30 10:16:25.643000,0.94204,1774
1775,16856824,Taha,2026-09-30 22:03:03.910000,0.94203,1775
1776,16931620,Muneerali199,2026-09-21 19:53:12.473000,0.94203,1775
1777,16839883,Darth_vader_090605,2026-09-15 16:40:01.910000,0.942,1777
1778,16924895,noisyislands,2026-09-20 20:16:18.653000,0.94197,1778
1779,16798874,Syafrian Abra Hutabarat,2026-09-22 07:00:40.830000,0.94197,1778
1780,16885490,Dingjunpeng,2026-09-15 08:11:45.996000,0.94197,1778
1781,16891903,Victor Loaiza,2026-09-21 20:54:13.546000,0.94193,1781
1782,16885206,MiddleSon,2026-09-30 12:02:39.086000,0.9419,1782
1783,16985774,Prem mokal,2026-09-30 04:46:21.153000,0.94189,1783
1784,16838435,C.E.73 STARGAZER,2026-09-17 13:14:20.976000,0.94189,1783
1785,16881234,kommu anil,2026-09-20 10:53:58.886000,0.94189,1783
1786,16887277,SongJH21,2026-09-20 14:27:22.860000,0.94189,1783
1787,16828280,Shardul Pingale,2026-09-06 00:26:06.793000,0.94188,1787
1788,16811914,Michael Daniel EKKA,2026-09-03 07:35:06.823000,0.94182,1788
1789,16876318,Avaya Thapa,2026-09-30 21:27:24.683000,0.94182,1788
1790,16840560,Renārs Paiders,2026-09-11 22:06:12.550000,0.94181,1790
1791,16848978,Berşan Şatır,2026-09-09 12:47:13.930000,0.9418,1791
1792,16811091,Eymen Akb,2026-09-08 22:34:18.643000,0.94177,1792
1793,16798953,Obzngs,2026-09-30 13:11:09.126000,0.94175,1793
1794,16803280,Pixel Pirates,2026-09-24 13:53:41.906000,0.94173,1794
1795,16885522,Карп Мафиози,2026-09-13 13:08:13.850000,0.94173,1794
1796,16944663,Arya Vaidya,2026-09-23 03:59:46.916000,0.94171,1796
1797,16930328,Md Shafiul Islam 0191,2026-09-22 16:32:56.233000,0.94171,1796
1798,16897831,Amit Behura,2026-09-16 04:06:28.013000,0.94171,1796
1799,16939669,Sze yeoh,2026-09-30 05:36:31.043000,0.9417,1799
1800,16802704,Jun Nohara,2026-09-21 11:56:56.466000,0.94169,1800
1801,16871385,平木優花,2026-09-16 08:14:41.950000,0.94168,1801
1802,16838662,Mahindra Ram pathuri,2026-09-22 16:30:11.193000,0.94168,1801
1803,16805628,Fabbasso,2026-09-26 19:45:37.546000,0.94168,1801
1804,16798622,Wildata,2026-09-20 15:14:43.066000,0.94168,1801
1805,16896225,Shah Muhmmad Fazle Rabbi,2026-09-16 07:08:19.633000,0.94167,1805
1806,16859985,Konrad Łykowski,2026-09-14 14:34:06.243000,0.94167,1805
1807,16827542,NoMala_Malatang,2026-09-29 04:27:52.853000,0.94167,1805
1808,16840628,luicaru,2026-09-08 15:19:47.756000,0.94164,1808
1809,16907161,Ambre Le Breton Rippe,2026-09-23 15:42:23.083000,0.94164,1808
1810,16849059,Manuel Santiago Atencio,2026-09-25 00:38:50.760000,0.94163,1810
1811,16810834,ArnoldRosielle,2026-09-05 20:40:26.553000,0.94162,1811
1812,16803015,Marcos Silveira,2026-09-07 15:23:14.516000,0.94162,1811
1813,16849966,Kawsar Ahmmed,2026-09-13 11:52:23.300000,0.94162,1811
1814,16832051,Ray Smith,2026-09-20 17:27:45.983000,0.94162,1811
1815,16818752,JetJetGo,2026-09-04 13:51:25.843000,0.94162,1811
1816,16798973,FanRuijie,2026-09-07 06:58:27.376000,0.94161,1816
1817,16853306,Shoko SH,2026-09-28 05:07:41.920000,0.9416,1817
1818,16926715,Jotpartap Singh,2026-09-29 19:05:33.460000,0.94159,1818
1819,16891485,jiale li1989,2026-09-21 04:30:41.823000,0.94159,1818
1820,16808752,Tom8710,2026-09-29 03:34:37.503000,0.94158,1820
1821,16911925,ydh318,2026-09-20 07:15:18.380000,0.94158,1820
1822,16923669,Idaji0707,2026-09-21 11:37:20.123000,0.94156,1822
1823,16860226,xie daoyun,2026-09-15 13:04:17.070000,0.94156,1822
1824,16913346,Vin'S,2026-09-17 14:11:13.960000,0.94156,1822
1825,16832904,Rushikesh,2026-09-04 22:55:28.623000,0.94156,1822
1826,16952101,Kamlesh Kumar,2026-09-25 14:28:51.653000,0.94156,1822
1827,16915912,Famojuro Mathew,2026-09-18 12:13:21.840000,0.94156,1822
1828,16897339,osama ebaid,2026-09-30 03:21:30.703000,0.94153,1828
1829,16846807,Bijay Syangtan,2026-09-09 11:11:01.393000,0.94153,1828
1830,16831254,João Felix,2026-09-29 17:10:19.740000,0.94152,1830
1831,16832958,mohamedahmed,2026-09-07 16:32:28.663000,0.94151,1831
1832,16848597,Minh Quân Đào,2026-09-07 16:28:03.073000,0.94151,1831
1833,16853124,hhnn,2026-09-10 14:32:22.300000,0.94151,1831
1834,16848326,Elowry,2026-09-10 20:22:12.310000,0.9415,1834
1835,16817857,Brishav Mondal,2026-09-10 09:18:49.103000,0.9415,1834
1836,16896755,Sujan Das,2026-09-18 13:45:17.666000,0.9415,1834
1837,16799233,hirondelle_ken,2026-09-01 06:10:54.120000,0.9415,1834
1838,16885091,siddharth chandra,2026-09-13 17:00:18.853000,0.9415,1834
1839,16798956,Taka-344,2026-09-14 06:04:53.790000,0.94149,1839
1840,16857480,dtHL123,2026-09-11 10:27:52.253000,0.94149,1839
1841,16907756,VSB,2026-09-17 03:54:33.430000,0.94149,1839
1842,16914112,ohirokio16,2026-09-30 14:49:28.120000,0.94148,1842
1843,16798983,malibu_orange,2026-09-01 06:22:33.723000,0.94148,1842
1844,16846910,Afsal448,2026-09-25 10:54:02.793000,0.94148,1842
1845,16802552,Systum_Phar_Denge,2026-09-07 20:09:52.713000,0.94148,1842
1846,16824679,Akansh Verma,2026-09-05 03:55:46.323000,0.94148,1842
1847,16867066,Furkan,2026-09-25 20:04:52.430000,0.94147,1847
1848,16963425,Laith Altawil,2026-09-26 09:23:22.316000,0.94147,1847
1849,16799660,seung12,2026-09-05 15:10:54.800000,0.94147,1847
1850,16838817,Roy Smith,2026-09-07 08:32:15.923000,0.94147,1847
1851,16887988,Ashwin Prakash,2026-09-16 05:00:18.906000,0.94147,1847
1852,16805133,Aryan Yadav,2026-09-01 23:40:23.066000,0.94147,1847
1853,16891586,Mathe Matics2,2026-09-27 06:07:14.486000,0.94146,1853
1854,16887005,LINKIT,2026-09-13 15:41:46.303000,0.94146,1853
1855,16963338,Juan Pablo Verdier,2026-09-28 13:48:49.150000,0.94146,1853
1856,16850727,Max Tenenbaum,2026-09-12 01:50:55.903000,0.94146,1853
1857,16875625,astro not learning,2026-09-13 07:49:17.560000,0.94146,1853
1858,16862898,WBF_USA_NYC,2026-09-10 00:48:04.433000,0.94145,1858
1859,16826989,Evander,2026-09-08 15:39:55.800000,0.94145,1858
1860,16850907,FalkTobias,2026-09-08 00:59:56.416000,0.94145,1858
1861,16823031,Ziad Mohamed,2026-09-05 00:48:03.490000,0.94145,1858
1862,16979177,Roman@Ahmed,2026-09-28 15:45:28.340000,0.94145,1858
1863,16897238,AskaMitakaska,2026-09-30 07:33:48.926000,0.94145,1858
1864,16801532,Uğur Atlı,2026-09-01 11:15:59.300000,0.94144,1864
1865,16985814,Swapnil Naik,2026-09-29 18:53:39.446000,0.94144,1864
1866,16894200,Tú Hoàng,2026-09-15 09:55:55.403000,0.94144,1864
1867,16805764,Ali Shahi,2026-09-29 02:07:40.706000,0.94143,1867
1868,16865421,Greg Lipman,2026-09-20 20:16:48.653000,0.94143,1867
1869,16823527,Michał Pasiowiec,2026-09-08 20:12:19.250000,0.94143,1867
1870,16809585,mgoto51004,2026-09-10 13:38:10.140000,0.94143,1867
1871,16890457,Tony He,2026-09-18 12:44:41.413000,0.94143,1867
1872,16927274,taqi shuja,2026-09-21 01:25:02.896000,0.94143,1867
1873,16814800,Darío López Ramos,2026-09-07 07:26:55.353000,0.94142,1873
1874,16875436,Mubashir Ul Hassan,2026-09-13 16:45:38.403000,0.94142,1873
1875,16917275,Ali Sajwani,2026-09-18 18:13:24.856000,0.94142,1873
1876,16800643,Shivam,2026-09-19 17:21:25.770000,0.94141,1876
1877,16802048,last2k4,2026-09-01 20:40:48.990000,0.94141,1876
1878,16841179,rahul yadav,2026-09-05 21:47:13.236000,0.94141,1876
1879,16898210,Mashrafi Rahman,2026-09-30 22:00:37.900000,0.94141,1876
1880,16832297,user_8128,2026-09-28 15:27:25.263000,0.94141,1876
1881,16876870,Badrul Alam Leon,2026-09-12 20:20:30.663000,0.94141,1876
1882,16887263,Md Anisujjaman,2026-09-15 12:25:30.370000,0.9414,1882
1883,16865483,鍵山勇太,2026-09-10 13:36:34.730000,0.9414,1882
1884,16845896,Tiv,2026-09-08 13:11:55.820000,0.9414,1882
1885,16805092,Parth Sarnobat,2026-09-28 18:20:50.190000,0.9414,1882
1886,16846119,Waqar Ahmed,2026-09-07 08:16:37.370000,0.9414,1882
1887,16912843,๖ۣۜƊark๖ۣۜ山arrior,2026-09-17 13:05:37.876000,0.9414,1882
1888,16804981,Emirhan Kadan,2026-09-22 20:01:20.866000,0.9414,1882
1889,16893294,Василий Толоконников,2026-09-29 13:46:07.100000,0.94139,1889
1890,16805290,Govind,2026-09-05 13:11:01.333000,0.94139,1889
1891,16944970,Van,2026-09-26 15:38:20.940000,0.94139,1889
1892,16813778,Gorakh Nath Singh,2026-09-03 20:26:53.460000,0.94139,1889
1893,16939333,CAU53744-T01,2026-09-30 22:50:20.240000,0.94139,1889
1894,16859064,SDIT030A-Shubham Oza,2026-09-11 11:02:10.826000,0.94139,1889
1895,16876230,_tripathi_ji_1,2026-09-11 15:36:57.780000,0.94139,1889
1896,16961144,Qiankang Wang,2026-09-28 16:13:20.706000,0.94138,1896
1897,16893989,Klenn Dungaran,2026-09-24 08:53:24.036000,0.94138,1896
1898,16850145,Ayush,2026-09-29 07:19:26.050000,0.94138,1896
1899,16805395,Alfredo Chavelas,2026-09-09 19:13:30.346000,0.94138,1896
1900,16845268,Yves Emmanuel,2026-09-07 20:03:38.710000,0.94138,1896
1901,16808267,Simone Mazzoli,2026-09-05 13:17:19.466000,0.94138,1896
1902,16903624,jackchen1207,2026-09-22 09:10:54.576000,0.94138,1896
1903,16800942,Ziad Roshdy,2026-09-13 10:53:53.293000,0.94138,1896
1904,16977545,James Surya Putra,2026-09-29 07:35:48.596000,0.94137,1904
1905,16811231,Hussain99,2026-09-04 09:36:22.760000,0.94137,1904
1906,16803201,Yuzu,2026-09-01 22:40:41.980000,0.94137,1904
1907,16928162,Allan Tan,2026-09-27 08:04:51.200000,0.94137,1904
1908,16802249,Zack_AI_Qu,2026-09-17 14:40:57.150000,0.94137,1904
1909,16982866,Tanakit Kit,2026-09-29 12:43:07.740000,0.94137,1904
1910,16799733,Anant jain,2026-09-02 06:31:50.900000,0.94137,1904
1911,16803062,Sarvesh Chhetri,2026-09-27 17:35:48.153000,0.94137,1904
1912,16867168,Artyom Oganesyan,2026-09-12 15:35:27.530000,0.94137,1904
1913,16843779,Arnav Tripathi,2026-09-06 20:04:38.476000,0.94136,1913
1914,16848100,Gonçalo Cravinho,2026-09-09 15:06:54.990000,0.94136,1913
1915,16843857,Meshwa,2026-09-07 21:02:40.616000,0.94136,1913
1916,16808792,Kerem Meriç,2026-09-06 17:15:21.720000,0.94136,1913
1917,16802106,Farid Pangestu Aji,2026-09-02 20:50:10.016000,0.94136,1913
1918,16854209,LI ZHIGANG,2026-09-09 05:02:47.840000,0.94136,1913
1919,16799715,poignant padaeng,2026-09-02 12:24:56.406000,0.94136,1913
1920,16853048,Logeshwari Somasundaram,2026-09-28 05:54:09,0.94136,1913
1921,16810933,Corey Michaud,2026-09-10 16:01:40.996000,0.94136,1913
1922,16803027,Andrea Moschetti,2026-09-03 19:50:37.246000,0.94136,1913
1923,16855223,datafluxlab,2026-09-21 17:43:51.383000,0.94136,1913
1924,16872289,Tarun R,2026-09-25 05:43:14.033000,0.94135,1924
1925,16810323,Riya Raj,2026-09-20 12:46:18.093000,0.94135,1924
1926,16802808,Rohit Prakash Singh,2026-09-05 04:14:11.593000,0.94135,1924
1927,16893592,Kodai,2026-09-30 02:01:06.510000,0.94135,1924
1928,16800055,AKASH_21_033_A,2026-09-01 14:58:11.656000,0.94135,1924
1929,16848554,Vishal7870,2026-09-08 14:33:39.093000,0.94134,1929
1930,16920404,giyogoio hlrlqll,2026-09-18 12:55:12.920000,0.94134,1929
1931,16903883,Vivek Patnaik,2026-09-19 13:23:06.416000,0.94134,1929
1932,16869432,Kélian Pons,2026-09-15 20:20:47.650000,0.94134,1929
1933,16802937,Mikhail Ushakov,2026-09-01 20:12:11.986000,0.94134,1929
1934,16915408,Ordekha Mykola,2026-09-23 17:40:26.820000,0.94133,1934
1935,16937320,Pongpol Pt,2026-09-24 11:12:45.340000,0.94133,1934
1936,16823641,Sayan Mukherjee,2026-09-30 07:57:54.253000,0.94133,1934
1937,16881522,Muhammad Toufiq,2026-09-16 14:39:15.453000,0.94133,1934
1938,16941925,Vlad Kapitsa,2026-09-23 14:26:21.150000,0.94133,1934
1939,16808910,Muhammad Shoaib Altaf,2026-09-03 22:35:49.786000,0.94133,1934
1940,16945749,Rajat Kumar Sunda,2026-09-27 15:42:30.850000,0.94132,1940
1941,16828565,Kalpesh Koli,2026-09-06 05:32:06.773000,0.94132,1940
1942,16866957,Ke Zihao k,2026-09-13 08:12:29.386000,0.94132,1940
1943,16977825,LimJiwoo,2026-09-29 06:10:47.566000,0.94132,1940
1944,16861724,George Ananda,2026-09-30 14:25:36.943000,0.94132,1940
1945,16848496,greenflazh,2026-09-12 23:31:23.890000,0.94132,1940
1946,16888063,Aditya Dube,2026-09-13 21:48:02.020000,0.94132,1940
1947,16856301,Ege Karaismailoğlu,2026-09-12 11:19:54.896000,0.94132,1940
1948,16886237,Ayush4728,2026-09-23 14:36:21.693000,0.94131,1948
1949,16811953,ChaYiTian,2026-09-30 14:08:46.753000,0.94131,1948
1950,16892647,Nat Merz,2026-09-21 16:39:17.503000,0.94131,1948
1951,16951764,Darth Glennium,2026-09-25 14:01:34.133000,0.94131,1948
1952,16851222,Henrique Ceccatto,2026-09-14 18:32:06.433000,0.94131,1948
1953,16854889,Rick Clauser,2026-09-08 15:13:25.373000,0.94131,1948
1954,16993100,Maxime Geoffroy,2026-09-30 23:21:28.323000,0.94131,1948
1955,16858086,Hiroyuki Fujimaki,2026-09-09 14:33:20.660000,0.9413,1955
1956,16855338,Gonzalo Garcia43,2026-09-09 11:30:28.190000,0.9413,1955
1957,16825461,Krishnakdk,2026-09-04 06:26:34.536000,0.9413,1955
1958,16894819,DanWil,2026-09-15 06:54:42.443000,0.9413,1955
1959,16843048,Deep Patil,2026-09-06 09:58:03.786000,0.9413,1955
1960,16826172,PoseidonYash ,2026-09-20 03:33:29.260000,0.9413,1955
1961,16907092,Debjyoti6007,2026-09-17 09:47:06.700000,0.9413,1955
1962,16905436,Yee Chern,2026-09-17 14:27:14.216000,0.9413,1955
1963,16872812,Shubham Sengupta,2026-09-13 07:03:20.080000,0.94129,1963
1964,16798634,Yuji Fukumoto,2026-09-14 05:17:45.210000,0.94129,1963
1965,16822983,Jobin thavu varghese,2026-09-21 15:48:56.156000,0.94129,1963
1966,16802932,Nicole Patterson,2026-09-10 00:24:33.703000,0.94129,1963
1967,16871245,Edward2026,2026-09-29 07:57:25.413000,0.94129,1963
1968,16965301,engine_bn,2026-09-27 12:35:10.606000,0.94129,1963
1969,16798608,kimchowon11,2026-09-30 15:03:39.603000,0.94129,1963
1970,16891792,Akshit27,2026-09-15 03:14:12.430000,0.94129,1963
1971,16808862,Morris_kaggle,2026-09-07 08:11:48.306000,0.94128,1971
1972,16861339,JunGeMa1,2026-09-30 18:10:48.676000,0.94128,1971
1973,16843546,Ilmari Leiviska,2026-09-06 14:09:51.040000,0.94128,1971
1974,16876294,hongquann,2026-09-16 07:05:36.700000,0.94128,1971
1975,16891812,يوسف الساده,2026-09-14 21:31:49.006000,0.94128,1971
1976,16828407,SAMARTH ZAVERI,2026-09-21 13:56:57.933000,0.94128,1971
1977,16868544,Tisha Jadhav ,2026-09-11 12:59:17.613000,0.94128,1971
1978,16951695,Dmitry Dzhevovskiy,2026-09-29 20:37:46.230000,0.94128,1971
1979,16863007,Ilya,2026-09-10 11:42:58.090000,0.94128,1971
1980,16838773,dak7sh,2026-09-05 10:16:12.800000,0.94128,1971
1981,16805166,Masoom Singh,2026-09-25 19:36:22.266000,0.94128,1971
1982,16930901,mseokq,2026-09-29 14:07:59.886000,0.94128,1971
1983,16850604,Frank Bohm,2026-09-08 09:42:49.810000,0.94128,1971
1984,16846664,PRATHAM,2026-09-16 20:49:54.663000,0.94127,1984
1985,16809883,Lorenzo Mansi,2026-09-05 13:34:09.836000,0.94127,1984
1986,16801009,SunSeeker染汐,2026-09-02 11:25:59.590000,0.94127,1984
1987,16961265,سید رضا ابراهیمی,2026-09-29 19:07:15.076000,0.94127,1984
1988,16880866,KRISHNA SIMHA,2026-09-13 07:34:35.900000,0.94127,1984
1989,16809976,Esma Oğuz,2026-09-06 22:54:36.066000,0.94127,1984
1990,16854024,Ruben Garcia,2026-09-15 09:55:11.103000,0.94127,1984
1991,16807990,Anuj Saha,2026-09-08 11:36:44.856000,0.94127,1984
1992,16991385,Tasin Islam,2026-09-30 15:01:13.043000,0.94127,1984
1993,16898997,Ashkan Rafiee,2026-09-28 17:35:48.976000,0.94127,1984
1994,16982942,athenet,2026-09-29 07:42:41.640000,0.94127,1984
1995,16943036,Bjaoui Sara,2026-09-23 17:45:47.323000,0.94127,1984
1996,16844257,Mohammad Elsayed,2026-09-26 21:01:05.683000,0.94127,1984
1997,16909537,zaighamkazmi,2026-09-19 04:45:28.023000,0.94127,1984
1998,16849820,Shreya Singh,2026-09-30 13:02:23.083000,0.94127,1984
1999,16801031,yann sadowski,2026-09-01 15:47:52.313000,0.94126,1999
2000,16898830,Arunangshu Pal123123,2026-09-18 18:52:39.676000,0.94126,1999
2001,16798798,BrentL,2026-09-03 04:43:12.630000,0.94126,1999
2002,16886962,Abhinav Meshram,2026-09-21 17:16:27.786000,0.94126,1999
2003,16940380,Umesh Dahal,2026-09-30 17:04:52.983000,0.94126,1999
2004,16974191,AkshatTripathi1234,2026-09-30 10:19:20.243000,0.94126,1999
2005,16888228,jacques-oliveira-eng,2026-09-17 19:39:00.843000,0.94126,1999
2006,16831343,Razan Ihab,2026-09-06 15:58:19.540000,0.94126,1999
2007,16849189,danishlaraib,2026-09-08 02:07:22.026000,0.94126,1999
2008,16842818,YuAn,2026-09-30 09:38:34.300000,0.94126,1999
2009,16830488,Mohammad Barraj,2026-09-10 05:51:40.343000,0.94126,1999
2010,16973634,Hajime Walker,2026-09-27 18:31:50.850000,0.94126,1999
2011,16852528,dlwoghk121,2026-09-28 10:19:07.966000,0.94126,1999
2012,16839456,Ryulmoon,2026-09-29 23:18:28.533000,0.94125,2012
2013,16855628,esraa akram,2026-09-13 12:53:57.253000,0.94125,2012
2014,16860228,Ufuk Can Ilgin,2026-09-09 12:43:26.586000,0.94125,2012
2015,16826051,Ansh_Gupta2702,2026-09-09 11:56:32.696000,0.94125,2012
2016,16803310,Mirko Caroleo,2026-09-06 16:48:09.160000,0.94125,2012
2017,16842693,dtsroy,2026-09-06 10:27:51.680000,0.94125,2012
2018,16802553,Anurag malik00,2026-09-04 10:52:44.260000,0.94125,2012
2019,16831283,Bob Kunanda,2026-09-04 18:08:55.043000,0.94124,2019
2020,16811820,Diego Alonso Meza Delgado,2026-09-30 03:04:20.733000,0.94124,2019
2021,16820518,Dávid Straka,2026-09-10 12:07:43.490000,0.94124,2019
2022,16806304,ayaka.ohnishi,2026-09-30 02:45:00.193000,0.94124,2019
2023,16802383,zuhal yıldırım,2026-09-02 13:34:39.946000,0.94124,2019
2024,16935907,parag vadgama,2026-09-21 13:22:47.410000,0.94124,2019
2025,16854450,Neel Pavale,2026-09-13 20:35:05.603000,0.94124,2019
2026,16969710,Buchi_Cat,2026-09-27 08:43:27.453000,0.94124,2019
2027,16856016,Ejiro Ugolor,2026-09-11 15:56:36.040000,0.94124,2019
2028,16833413,yumi sato,2026-09-05 03:22:43.143000,0.94124,2019
2029,16808251,Iftekhar ahmmed,2026-09-15 12:09:21.143000,0.94124,2019
2030,16891395,Ege Gülünay,2026-09-28 10:40:31.490000,0.94124,2019
2031,16942184,BlueWhale,2026-09-22 19:32:27.750000,0.94124,2019
2032,16885894,Ekansh200,2026-09-20 05:55:47.513000,0.94124,2019
2033,16849900,ZhaoWang_Leon,2026-09-09 10:45:51.860000,0.94124,2019
2034,16897422,Nao,2026-09-30 14:55:09.826000,0.94124,2019
2035,16847512,Umut Doruk Öztürk,2026-09-07 15:14:18.666000,0.94123,2035
2036,16978266,Sunix Liu,2026-09-29 07:57:03.316000,0.94123,2035
2037,16937054,Ayush526,2026-09-25 13:38:52.883000,0.94123,2035
2038,16802897,zyq277,2026-09-02 05:20:13.070000,0.94123,2035
2039,16849384,Artyom Sayapin,2026-09-10 23:19:18.730000,0.94123,2035
2040,16811766,Yunchi Wu,2026-09-04 09:39:48.756000,0.94123,2035
2041,16798954,Aritra Dasgupta,2026-09-01 05:45:03.073000,0.94123,2035
2042,16839950,Furkan Sipahi,2026-09-06 19:22:59.923000,0.94123,2035
2043,16885612,Agniva Ghosh,2026-09-15 15:59:42.880000,0.94123,2035
2044,16897133,deepgopal,2026-09-24 17:50:09.083000,0.94123,2035
2045,16861950,Abhishek Gupta,2026-09-11 08:30:43.200000,0.94123,2035
2046,16892995,tivory27,2026-09-18 14:09:59.216000,0.94123,2035
2047,16853480,Nisma Kauser,2026-09-18 16:28:43.246000,0.94123,2035
2048,16858028,Hai Duong,2026-09-25 00:55:00.056000,0.94122,2048
2049,16832459,Nyatuka Lobago,2026-09-28 20:36:02.580000,0.94122,2048
2050,16985113,ste-002,2026-09-30 10:02:22.016000,0.94122,2048
2051,16992658,Богдан Паркулаб,2026-09-30 17:44:47.200000,0.94122,2048
2052,16882874,Callum Stephen Connell,2026-09-14 18:48:45.636000,0.94122,2048
2053,16805142,donkedo,2026-09-26 15:32:55.820000,0.94122,2048
2054,16799188,Tuấn Anh,2026-09-07 15:35:13.190000,0.94122,2048
2055,16852578,bardiagood,2026-09-11 03:10:18.223000,0.94122,2048
2056,16880378,Rebecca Shirievo,2026-09-14 06:03:15.866000,0.94122,2048
2057,16825095,Brayner,2026-09-14 03:05:10.406000,0.94122,2048
2058,16799766,Lisha Chaudhari,2026-09-13 11:01:51.193000,0.94122,2048
2059,16845475,rkoirala129,2026-09-18 12:40:43.213000,0.94121,2059
2060,16806407,Kaustubh Mukdam,2026-09-14 04:46:02.456000,0.94121,2059
2061,16799456,Rayk Kretzschmar,2026-09-03 06:32:01.560000,0.94121,2059
2062,16800066,SYED HANZALA ALI SHAH,2026-09-06 16:26:16.673000,0.94121,2059
2063,16803985,Seungjun Lee,2026-09-02 00:26:07.290000,0.94121,2059
2064,16810047,Egor Kirovich,2026-09-23 08:06:22.736000,0.94121,2059
2065,16806579,kangmingyu,2026-09-27 03:06:50.603000,0.94121,2059
2066,16880107,Subhankar Kanrar,2026-09-24 09:03:53.830000,0.94121,2059
2067,16882402,Muhammad Atif,2026-09-15 20:31:01.560000,0.94121,2059
2068,16843247,Gunnika Aggarwal,2026-09-06 16:14:47,0.94121,2059
2069,16798715,Catadanna,2026-09-25 16:22:54.510000,0.94121,2059
2070,16812667,AaradhyaGupta,2026-09-03 04:45:51.446000,0.9412,2070
2071,16898779,Sameer Rawat,2026-09-24 01:13:46.823000,0.9412,2070
2072,16893452,canjinyu,2026-09-15 04:21:06.323000,0.9412,2070
2073,16875432,Kibrewossen Tesera,2026-09-11 15:31:01.226000,0.9412,2070
2074,16860410,Kir Bor,2026-09-09 17:12:36.403000,0.9412,2070
2075,16916373,farhanntu,2026-09-17 20:22:55.353000,0.9412,2070
2076,16850565,Muna Mohamed Hassan,2026-09-30 21:45:34.480000,0.9412,2070
2077,16799076,Do Hyun Nam,2026-09-02 00:29:59.076000,0.9412,2070
2078,16914092,Himanshu Raghav,2026-09-26 17:28:17.570000,0.9412,2070
2079,16815031,Rutang Patel,2026-09-05 05:58:38.356000,0.9412,2070
2080,16830469,Louis GERVILLE-REACHE,2026-09-10 08:16:50.950000,0.9412,2070
2081,16914232,Moustafa Younes,2026-09-19 12:51:34.356000,0.9412,2070
2082,16841020,dev_devika_2929,2026-09-08 21:58:56.923000,0.9412,2070
2083,16894934,Kam Mehr,2026-09-15 10:48:23.606000,0.9412,2070
2084,16807162,Ari Yehuda Betser,2026-09-02 08:10:50.393000,0.9412,2070
2085,16918279,Vallam Dinakar,2026-09-28 12:51:59.900000,0.94119,2085
2086,16893171,Osama Hamdi,2026-09-14 21:28:27.586000,0.94119,2085
2087,16939267,Madhav Yadav,2026-09-30 13:05:28.130000,0.94119,2085
2088,16851683,junseo1231,2026-09-20 11:44:11.676000,0.94119,2085
2089,16854479,Muarifatul husna,2026-09-08 15:59:44.803000,0.94119,2085
2090,16870912,Nitesh Kanojiya,2026-09-14 07:14:09.610000,0.94119,2085
2091,16974395,Karolina Ignaczak,2026-09-30 10:50:55.953000,0.94119,2085
2092,16967024,galb,2026-09-28 21:12:44.743000,0.94119,2085
2093,16831984,golugoodboy,2026-09-08 16:09:15.743000,0.94119,2085
2094,16798823,privatebell,2026-09-07 23:40:45.666000,0.94119,2085
2095,16859241,Daniel Moraleda Sánchez,2026-09-19 13:14:46.956000,0.94118,2095
2096,16926856,Renaldi Dwi Nanda P,2026-09-19 19:56:13.106000,0.94118,2095
2097,16929708,Irene2014,2026-09-23 23:14:08.703000,0.94118,2095
2098,16937581,Grheetioum,2026-09-22 16:54:07.013000,0.94118,2095
2099,16913176,Deepak GD,2026-09-17 10:14:01.093000,0.94118,2095
2100,16838603,ajimihao,2026-09-07 10:04:42.486000,0.94118,2095
2101,16807170,Sadettin Şamil Verdil,2026-09-30 14:08:40.440000,0.94118,2095
2102,16808614,imjamj01,2026-09-19 08:42:56.983000,0.94118,2095
2103,16798799,KOUSHIK KUMAR DINDA,2026-09-01 03:36:18.050000,0.94118,2095
2104,16862277,Al Hadj Hmida Chadi,2026-09-09 21:00:18.390000,0.94118,2095
2105,16809501,rdcastroinvest,2026-09-16 22:20:59.950000,0.94118,2095
2106,16806532,Abhijit Pise,2026-09-02 08:28:38.206000,0.94118,2095
2107,16806555,Dev_Patel,2026-09-02 07:36:03.896000,0.94117,2107
2108,16881599,JoeBBateman,2026-09-12 18:35:03.916000,0.94117,2107
2109,16802856,Joao Pedro Nascimento de Sousa,2026-09-01 16:37:26.536000,0.94117,2107
2110,16799649,DongJunKim,2026-09-01 11:12:13.830000,0.94117,2107
2111,16881459,FARES AISSAOUI,2026-09-12 14:28:59.570000,0.94117,2107
2112,16840156,Nabil NOUALI,2026-09-05 17:51:11.440000,0.94117,2107
2113,16913284,VENKATA SAI GUMMADELLI,2026-09-19 15:24:27.496000,0.94117,2107
2114,16816687,momiji_free,2026-09-17 06:55:05.273000,0.94117,2107
2115,16835960,kansyo,2026-09-10 11:28:43.483000,0.94117,2107
2116,16910356,futurel,2026-09-17 08:03:10.010000,0.94117,2107
2117,16975438,Vivekanand,2026-09-29 06:46:32.173000,0.94116,2117
2118,16881489,Mohit  Gawali,2026-09-14 12:39:34.263000,0.94116,2117
2119,16854394,as_mild_ny,2026-09-08 14:59:56.766000,0.94116,2117
2120,16893738,Cương Trần,2026-09-22 07:24:02.693000,0.94116,2117
2121,16806569,Ramuni Lalith Vishnu,2026-09-06 12:30:49.573000,0.94116,2117
2122,16846966,Salam Ouedraogo,2026-09-29 22:05:56.316000,0.94116,2117
2123,16885386,sidhfe,2026-09-16 08:27:38.270000,0.94116,2117
2124,16953399,nasjoq,2026-09-25 16:20:48.093000,0.94116,2117
2125,16904374,Oluwaseun O Adeya,2026-09-16 13:00:07.890000,0.94116,2117
2126,16888365,Steve,2026-09-13 23:49:53.053000,0.94116,2117
2127,16843648,Christopher Mungiria,2026-09-24 21:32:13.406000,0.94116,2117
2128,16889634,NITISH_GOYAL1,2026-09-25 05:20:01.996000,0.94116,2117
2129,16817493,yihang1717,2026-09-04 12:58:02.156000,0.94116,2117
2130,16802079,Soichiro Shido,2026-09-01 10:05:49.040000,0.94116,2117
2131,16802461,Md Sarwash Ahmed,2026-09-29 16:35:15.123000,0.94116,2117
2132,16842976,Aseel AL-Mozahem,2026-09-15 21:38:09.016000,0.94116,2117
2133,16860742,Christos Basdekis,2026-09-14 10:48:19.490000,0.94116,2117
2134,16811960,Mike Johnson,2026-09-12 02:36:00.326000,0.94116,2117
2135,16799117,Chirapathleo Saelim,2026-09-29 03:34:22.246000,0.94116,2117
2136,16859162,Aymen Mhirit,2026-09-16 10:56:17.100000,0.94116,2117
2137,16892711,NaufalAqil18,2026-09-16 08:22:11.063000,0.94115,2137
2138,16802621,Sarthak,2026-09-12 15:46:11.793000,0.94115,2137
2139,16979521,Masaaki Nabeshima,2026-09-29 01:55:32.336000,0.94115,2137
2140,16891405,Jiratchaya007,2026-09-14 15:00:21.630000,0.94115,2137
2141,16907684,Rudra Vitukade,2026-09-21 18:47:00.373000,0.94115,2137
2142,16809706,Parth Kumbhar,2026-09-03 19:11:45.913000,0.94115,2137
2143,16800061,C3PO,2026-09-16 13:05:23.893000,0.94115,2137
2144,16841415,Osmond,2026-09-05 23:15:34.763000,0.94115,2137
2145,16808986,Yukino487,2026-09-02 14:52:37.430000,0.94115,2137
2146,16876350,krak0s,2026-09-18 13:31:57.516000,0.94115,2137
2147,16906610,Jayaram,2026-09-16 14:48:22.720000,0.94115,2137
2148,16841455,Knowledge_seeker,2026-09-30 22:52:36.036000,0.94115,2137
2149,16854142,Marco Nardone,2026-09-10 21:01:23.916000,0.94115,2137
2150,16799546,Sean Connolly,2026-09-28 04:19:17.746000,0.94115,2137
2151,16846589,Joseph D,2026-09-07 18:27:30.103000,0.94115,2137
2152,16811806,Waihei Yuk,2026-09-03 06:02:27.740000,0.94115,2137
2153,16918959,GuangyuanWang,2026-09-19 09:11:52.716000,0.94115,2137
2154,16832410,Jainish Kumar,2026-09-10 18:08:47.233000,0.94115,2137
2155,16818169,Vinitha Raj,2026-09-29 07:02:51.440000,0.94114,2155
2156,16856983,kaypto,2026-09-28 16:16:53.166000,0.94114,2155
2157,16808308,Edosuyi Enosakhare,2026-09-04 09:11:18.716000,0.94114,2155
2158,16847756,Tsyban Valery,2026-09-29 08:48:37.933000,0.94114,2155
2159,16906451,Saiyyad Ahmed,2026-09-19 16:21:53.943000,0.94114,2155
2160,16953769,Hamna Munir,2026-09-30 14:51:52.730000,0.94114,2155
2161,16833151,Vikas Seth,2026-09-12 20:08:42.920000,0.94114,2155
2162,16844167,Aleksandr Artamonov,2026-09-08 17:49:00.156000,0.94114,2155
2163,16800537,e271828,2026-09-02 01:15:14.110000,0.94114,2155
2164,16839957,stevvvpy,2026-09-13 13:37:21.620000,0.94114,2155
2165,16842541,Rutang,2026-09-06 09:28:44.306000,0.94114,2155
2166,16805465,mike_L,2026-09-01 22:49:54.630000,0.94114,2155
2167,16909609,Jaiswal Bishal,2026-09-30 15:39:23.213000,0.94114,2155
2168,16803608,nd_234,2026-09-30 18:42:45.743000,0.94114,2155
2169,16799185,Satyajeet Kumar,2026-09-01 06:01:13.186000,0.94114,2155
2170,16884925,Idrees Asghar,2026-09-26 02:05:35.396000,0.94114,2155
2171,16935702,Heet00,2026-09-29 17:32:37.330000,0.94114,2155
2172,16862187,Tejas Nisar,2026-09-10 18:54:28.980000,0.94114,2155
2173,16891705,Rahul vats,2026-09-16 14:15:17.496000,0.94114,2155
2174,16862739,mikmak,2026-09-29 04:21:06.736000,0.94114,2155
2175,16818709,khanhtran,2026-09-04 07:22:25.350000,0.94114,2155
2176,16941904,KagAcc184,2026-09-23 08:20:47.753000,0.94114,2155
2177,16949276,Maxim Boguslavskiy,2026-09-24 09:13:10.893000,0.94114,2155
2178,16852992,yoonoh oh,2026-09-27 09:42:16.943000,0.94113,2178
2179,16907523,Ca22o,2026-09-19 14:00:50.640000,0.94113,2178
2180,16859192,ARUNAGIRINATHAN K,2026-09-11 00:51:20.156000,0.94113,2178
2181,16881138,Akkapop Prasompon,2026-09-14 10:37:41.173000,0.94113,2178
2182,16810753,Praxitelis Ntokos,2026-09-30 23:03:18.190000,0.94113,2178
2183,16969051,Omar Hassan Elsayed,2026-09-26 23:00:11.993000,0.94113,2178
2184,16889400,RAFAY__1212,2026-09-16 04:59:04.456000,0.94113,2178
2185,16935633,Nicolas Le Bozec,2026-09-21 13:07:27.460000,0.94113,2178
2186,16923090,Dibya S. Barik,2026-09-19 04:37:04.230000,0.94113,2178
2187,16798691,おかゆん,2026-09-22 02:17:25.650000,0.94113,2178
2188,16984850,BruceChen,2026-09-29 12:29:25.290000,0.94113,2178
2189,16808044,cropperash,2026-09-04 08:46:46.143000,0.94113,2178
2190,16865886,Akshai_0,2026-09-11 10:07:31.076000,0.94113,2178
2191,16880764,AkiraFujieda,2026-09-12 23:59:35.916000,0.94112,2191
2192,16962551,Taimoor Rauf,2026-09-25 18:43:04.256000,0.94112,2191
2193,16891780,Mega Gobb,2026-09-14 14:04:24.416000,0.94112,2191
2194,16841382,Phyo Wai Aung1,2026-09-07 22:36:25.053000,0.94112,2191
2195,16802667,Syed Rayyan Haider,2026-09-18 12:16:38.253000,0.94112,2191
2196,16958476,AbdurRahim001,2026-09-25 07:11:16.613000,0.94112,2191
2197,16956357,TonyD,2026-09-24 20:13:29.493000,0.94112,2191
2198,16969868,MackLiu,2026-09-27 03:07:32.860000,0.94112,2191
2199,16800647,Nesime,2026-09-19 13:31:25.523000,0.94112,2191
2200,16897123,Patience_Star,2026-09-20 07:06:57.646000,0.94112,2191
2201,16802216,zouxiheng,2026-09-01 14:35:26.453000,0.94111,2201
2202,16799363,Jay Soni,2026-09-03 06:19:16.553000,0.94111,2201
2203,16979827,Muhammad Fahad,2026-09-30 08:18:34.230000,0.94111,2201
2204,16885397,DAIKU,2026-09-21 01:15:59.980000,0.94111,2201
2205,16863936,SRSKhan,2026-09-10 05:38:45.113000,0.94111,2201
2206,16937639,Sanghamithra Namboodiri,2026-09-22 13:31:56.836000,0.94111,2201
2207,16852348,KALP_LAD,2026-09-17 09:47:06.956000,0.94111,2201
2208,16891679,Chuah Jong Sik,2026-09-30 18:59:53.433000,0.94111,2201
2209,16959645,Hylb77,2026-09-26 10:37:58.046000,0.94111,2201
2210,16885809,bsenst,2026-09-14 15:09:52.130000,0.94111,2201
2211,16826542,mascham,2026-09-04 10:20:57.823000,0.94111,2201
2212,16871250,liulian123,2026-09-11 07:23:44.083000,0.94111,2201
2213,16822295,S Fukushi,2026-09-06 06:21:52.940000,0.94111,2201
2214,16831225,Trinh Tuan Anh,2026-09-07 19:37:43.250000,0.94111,2201
2215,16810744,Muhammad Adnan Shahzad,2026-09-02 21:48:27.396000,0.94111,2201
2216,16879656,Roaa Khalaf,2026-09-13 09:03:50.870000,0.94111,2201
2217,16802326,Avik Das,2026-09-02 06:11:07.036000,0.94111,2201
2218,16958927,sen01,2026-09-25 17:43:24.023000,0.94111,2201
2219,16926192,Alexander Nord,2026-09-19 16:30:16.626000,0.94111,2201
2220,16843364,Ruby Hall,2026-09-29 12:02:10.016000,0.94111,2201
2221,16932013,Juliano Batistim,2026-09-23 14:49:58.740000,0.94111,2201
2222,16798921,Mehreen Rahman,2026-09-01 16:56:24.500000,0.94111,2201
2223,16831055,Talhai212565,2026-09-08 22:01:04.613000,0.94111,2201
2224,16966936,ChandramouliNagasundaram,2026-09-27 15:25:31.550000,0.94111,2201
2225,16884549,Edgar2025,2026-09-13 04:48:41.920000,0.94111,2201
2226,16878455,Tianle Xiang,2026-09-12 04:06:09.206000,0.94111,2201
2227,16830827,Quantum Autumn,2026-09-06 10:38:06.743000,0.94111,2201
2228,16862342,Yiğit Can,2026-09-09 20:16:36.706000,0.9411,2228
2229,16891193,Peem Sutthi,2026-09-15 13:42:48.566000,0.9411,2228
2230,16857361,mmcuda,2026-09-09 05:00:14.980000,0.9411,2228
2231,16932423,Vall Rynskov,2026-09-23 10:38:39.810000,0.9411,2228
2232,16848352,KL0620,2026-09-13 15:37:20.616000,0.9411,2228
2233,16963491,EL ANSARI TAHA,2026-09-27 18:42:36.513000,0.9411,2228
2234,16803788,Nishuxf,2026-09-30 13:03:24.646000,0.9411,2228
2235,16896762,Vikram S Jaswal,2026-09-22 06:46:33.783000,0.9411,2228
2236,16815012,RayHuang,2026-09-03 12:15:48.250000,0.9411,2228
2237,16799630,Rohit Kumar,2026-09-24 16:35:12.553000,0.9411,2228
2238,16799785,HuiJuan.Yu,2026-09-01 08:18:09.770000,0.9411,2228
2239,16847425,Team Slavia,2026-09-07 10:32:35.820000,0.9411,2228
2240,16798853,Marius,2026-09-09 23:09:40.936000,0.94109,2240
2241,16799759,hideaki_mizoue,2026-09-01 06:53:36.150000,0.94109,2240
2242,16975679,Narmadha Baskar,2026-09-28 04:51:45.050000,0.94109,2240
2243,16798783,Hkawanishi,2026-09-25 18:21:38.226000,0.94109,2240
2244,16832693,Oktavian Prasetya Adi,2026-09-06 05:55:57.330000,0.94109,2240
2245,16876064,Gjones01,2026-09-14 00:36:07.253000,0.94109,2240
2246,16866677,jinruixu,2026-09-11 13:27:50.606000,0.94109,2240
2247,16910631,3as6Bl,2026-09-22 01:41:45.326000,0.94109,2240
2248,16929844,yuliangcheng,2026-09-20 14:45:19.253000,0.94109,2240
2249,16914441,Shreed7,2026-09-17 19:35:36.953000,0.94109,2240
2250,16978797,ASDarmosusilo,2026-09-30 16:51:59.350000,0.94109,2240
2251,16968933,Soleil Hub,2026-09-26 19:50:13.930000,0.94109,2240
2252,16865303,qqq12332111,2026-09-10 11:10:14.573000,0.94109,2240
2253,16926189,igloramus,2026-09-24 19:19:07.136000,0.94109,2240
2254,16805378,Chirag Desai,2026-09-28 20:06:33.923000,0.94109,2240
2255,16809666,Ksuke29,2026-09-13 06:53:37.096000,0.94108,2255
2256,16840733,Jason Jeon,2026-09-19 04:36:58.806000,0.94108,2255
2257,16852684,Pritesh Raj,2026-09-08 06:00:19.110000,0.94108,2255
2258,16804927,Krishna Mohan,2026-09-01 18:32:39.853000,0.94108,2255
2259,16817796,Xplug-xmc,2026-09-09 14:15:49.773000,0.94108,2255
2260,16847403,suiban410219,2026-09-08 11:46:31.660000,0.94108,2255
2261,16840271,Pedro Rafael Sousa,2026-09-05 16:56:42.986000,0.94108,2255
2262,16802681,Fousekhs,2026-09-01 12:56:08.746000,0.94108,2255
2263,16897886,Trisha Nadar,2026-09-17 12:45:24.236000,0.94108,2255
2264,16810013,rainday,2026-09-02 15:42:17.576000,0.94108,2255
2265,16889656,Amir Braham,2026-09-14 07:08:40.110000,0.94108,2255
2266,16855889,Manish Parmar,2026-09-18 00:54:03.803000,0.94108,2255
2267,16848969,Zoha Khawaja,2026-09-10 12:14:46.800000,0.94108,2255
2268,16893920,meng m,2026-09-18 01:27:44.196000,0.94108,2255
2269,16984918,YAW & AFIA,2026-09-30 11:43:39.676000,0.94108,2255
2270,16907800,Ramesh Neupane,2026-09-18 10:29:09.066000,0.94108,2255
2271,16799741,Abhishek Mishra112,2026-09-03 13:10:53.680000,0.94108,2255
2272,16809235,Factual Explorer,2026-09-04 14:11:38.370000,0.94108,2255
2273,16808674,Vignesh Nehru,2026-09-10 14:31:20.030000,0.94107,2273
2274,16890014,Raitul Hasan Priyo,2026-09-14 08:48:48.920000,0.94107,2273
2275,16982456,D.komiya,2026-09-29 05:57:52.573000,0.94107,2273
2276,16933022,akiba120,2026-09-27 04:25:41.176000,0.94107,2273
2277,16922000,Panchajanya Banerjee (Pancham),2026-09-21 13:36:29.690000,0.94107,2273
2278,16839327,Leeguang98,2026-09-08 17:24:38.186000,0.94107,2273
2279,16823385,Carol Wu,2026-09-06 19:46:56.336000,0.94107,2273
2280,16904062,Vimal Sahani,2026-09-24 09:24:41.633000,0.94107,2273
2281,16820202,Daniel Legorreta,2026-09-24 03:23:06.866000,0.94107,2273
2282,16983458,Md Naim,2026-09-29 10:27:27.470000,0.94107,2273
2283,16948089,Isla Mukheef,2026-09-25 01:12:22.510000,0.94107,2273
2284,16914706,INF2_josallo4_anpego3,2026-09-17 12:28:26.020000,0.94107,2273
2285,16808354,Hifza Ansari,2026-09-03 12:21:51.563000,0.94107,2273
2286,16823986,orchid Liu,2026-09-09 09:03:31.883000,0.94107,2273
2287,16913493,vinicius souza quadros,2026-09-17 13:18:58.626000,0.94107,2273
2288,16802729,Akash Jadhav,2026-09-21 11:42:49.060000,0.94107,2273
2289,16799088,Sharanya Nagar,2026-09-15 19:05:50.023000,0.94107,2273
2290,16947804,HipsyHaps,2026-09-29 17:27:20.853000,0.94107,2273
2291,16806342,Umar Tabbsum,2026-09-02 04:15:41.900000,0.94107,2273
2292,16958593,Fery Adi Wibowo,2026-09-25 07:54:23.870000,0.94107,2273
2293,16949456,Miguel G.,2026-09-24 18:03:27.126000,0.94106,2293
2294,16803444,Fiorella T.,2026-09-29 23:23:42.450000,0.94106,2293
2295,16893000,Bath-Water,2026-09-16 09:09:29.973000,0.94106,2293
2296,16972957,özgür furuncuoğlu,2026-09-27 18:05:21.586000,0.94106,2293
2297,16895258,Parv Goyal,2026-09-15 10:44:42.583000,0.94106,2293
2298,16938537,Aly Dhedhi,2026-09-22 23:27:55.176000,0.94106,2293
2299,16982022,TBBJason,2026-09-30 21:59:55.660000,0.94106,2293
2300,16937326,Jacobo Tlacaelel Mina Rodriguez (jako),2026-09-29 15:15:59.576000,0.94106,2293
2301,16972847,Taka Furu,2026-09-27 14:37:12.176000,0.94106,2293
2302,16969119,Krish Arul Meiyappan,2026-09-29 01:03:48.156000,0.94106,2293
2303,16912770,BHORE YASHRAJ CHANDRAKANT,2026-09-17 08:01:05.970000,0.94106,2293
2304,16887633,Jonibek Abdurahmonov,2026-09-14 19:03:09.313000,0.94106,2293
2305,16838719,Residual,2026-09-06 15:23:48.276000,0.94106,2293
2306,16857773,Thousand Valley Field,2026-09-14 13:41:20.843000,0.94106,2293
2307,16806591,Dear Shark,2026-09-02 04:55:23.380000,0.94106,2293
2308,16860385,fengduan555,2026-09-10 14:28:07.096000,0.94106,2293
2309,16965549,Harish.V1234567,2026-09-27 10:35:23.286000,0.94106,2293
2310,16932162,Fernando Bohlhalter,2026-09-24 14:56:37.553000,0.94105,2310
2311,16848674,imandysaurus,2026-09-07 19:31:05.473000,0.94105,2310
2312,16921829,tanmi1573,2026-09-18 17:09:19.200000,0.94105,2310
2313,16799782,Diogo R. Ferreira,2026-09-01 11:35:25.090000,0.94105,2310
2314,16807687,Dawnej,2026-09-29 23:51:23.110000,0.94105,2310
2315,16862316,Simon mateli,2026-09-21 17:51:50.336000,0.94105,2310
2316,16811586,rlrlrlrlrl,2026-09-04 06:50:48.903000,0.94105,2310
2317,16854391,Meshack Mbeswa,2026-09-23 11:12:45.546000,0.94105,2310
2318,16903957,Menelik Zafir,2026-09-16 03:19:01.210000,0.94105,2310
2319,16799889,Dhairyasheel05,2026-09-13 12:59:56.013000,0.94105,2310
2320,16820717,Dexter_ML,2026-09-03 15:35:24.210000,0.94104,2320
2321,16927796,VictorHsu,2026-09-20 08:21:32.590000,0.94104,2320
2322,16984816,Brett Brocato,2026-09-30 03:41:46.003000,0.94104,2320
2323,16806946,Srishti Gauraha,2026-09-03 04:50:19.350000,0.94104,2320
2324,16855508,Sriram Lingavel,2026-09-25 08:20:12.416000,0.94104,2320
2325,16907135,Str1k3rFl0,2026-09-17 13:35:38.206000,0.94104,2320
2326,16941178,Bala Murugan God,2026-09-28 10:30:42.596000,0.94104,2320
2327,16833035,Abderraouf Saleh Kihel,2026-09-07 13:29:59.253000,0.94104,2320
2328,16809393,Parastoo F,2026-09-18 18:49:13.710000,0.94104,2320
2329,16818882,Abdallah Hashad,2026-09-05 19:59:59.120000,0.94104,2320
2330,16799537,dig987,2026-09-01 10:33:12.276000,0.94104,2320
2331,16804919,Hashir Shaikh,2026-09-27 18:54:30.700000,0.94104,2320
2332,16854906,Aman Vishwakarma,2026-09-22 13:06:09.463000,0.94104,2320
2333,16841417,SANTOS,2026-09-05 23:11:51.106000,0.94104,2320
2334,16932212,Carlos Perea,2026-09-29 21:27:13.483000,0.94104,2320
2335,16858643,Aarav Shanker,2026-09-09 08:32:30.353000,0.94104,2320
2336,16917362,Pavel Dior,2026-09-24 13:29:20.540000,0.94104,2320
2337,16894561,Rishaan Rathore,2026-09-15 11:03:22.446000,0.94104,2320
2338,16930867,Harsha Singh,2026-09-20 15:39:12.486000,0.94103,2338
2339,16925088,Anshul Trehan,2026-09-19 11:39:38.213000,0.94103,2338
2340,16978650,gollapallysaikiraan2,2026-09-28 17:20:39.790000,0.94103,2338
2341,16935006,Parth Daingade ,2026-09-28 18:24:53.496000,0.94103,2338
2342,16879077,Diganta Roy Drik,2026-09-20 18:15:05.283000,0.94103,2338
2343,16940157,panda,2026-09-22 12:48:52.926000,0.94103,2338
2344,16808343,Ukasha Nadeem,2026-09-04 11:50:42.276000,0.94103,2338
2345,16828595,Keep Motivated,2026-09-04 11:44:40.623000,0.94103,2338
2346,16925865,ds_01,2026-09-26 07:06:06.166000,0.94103,2338
2347,16883743,Kenneth Mccarthy,2026-09-13 05:47:47.913000,0.94103,2338
2348,16913764,sofiyamasl,2026-09-17 10:01:01.210000,0.94103,2338
2349,16798955,skbhai07,2026-09-02 10:22:17.760000,0.94103,2338
2350,16885025,Musen Lin,2026-09-27 02:42:04.656000,0.94103,2338
2351,16851351,brunoarpa,2026-09-09 16:23:38.140000,0.94103,2338
2352,16968879,Arthur Chia,2026-09-27 05:21:06.566000,0.94103,2338
2353,16847681,Ferhat Metin,2026-09-07 12:56:07.730000,0.94103,2338
2354,16834874,lumarigoz,2026-09-28 18:24:00.880000,0.94103,2338
2355,16870465,Kenan Zhang9,2026-09-11 03:02:05.680000,0.94103,2338
2356,16892365,Kamogawa_Horumo,2026-09-14 16:48:42.043000,0.94103,2338
2357,16861396,Phoenix #2,2026-09-09 15:25:54.446000,0.94103,2338
2358,16819773,dongfangdaguo,2026-09-04 14:37:43.496000,0.94103,2338
2359,16884263,Saeer Noorani,2026-09-17 01:14:14.890000,0.94103,2338
2360,16799475,ZiYiMing,2026-09-26 06:14:02.856000,0.94103,2338
2361,16921710,Lupusin2,2026-09-18 18:35:03.400000,0.94103,2338
2362,16885579,bob112250,2026-09-13 12:09:00.396000,0.94103,2338
2363,16841935,ytani,2026-09-06 11:58:00.560000,0.94103,2338
2364,16899241,sseeiiggoo,2026-09-18 17:57:03.523000,0.94102,2364
2365,16806526,Prince Radadiya,2026-09-03 12:18:52.100000,0.94102,2364
2366,16818252,Wondering Luffy,2026-09-03 11:38:59.450000,0.94102,2364
2367,16824996,Aditya kumar Jha,2026-09-12 04:47:31.856000,0.94102,2364
2368,16880037,Habib Bashir Lawal,2026-09-12 10:36:09.763000,0.94102,2364
2369,16857974,OroAjax,2026-09-28 18:10:32.880000,0.94102,2364
2370,16906869,Qinhui Tian,2026-09-16 16:43:37.343000,0.94102,2364
2371,16876131,Karl Kallavus,2026-09-18 12:56:16.983000,0.94102,2364
2372,16944215,Denise B,2026-09-24 03:22:24.073000,0.94102,2364
2373,16798564,Ιωάννης Σταμελιάς,2026-09-03 13:47:24.113000,0.94102,2364
2374,16855112,Qwe_,2026-09-09 12:07:26.440000,0.94102,2364
2375,16889919,Jiraphat Kaewdee,2026-09-14 07:01:50.346000,0.94102,2364
2376,16857639,Raja' Huwaydah Nassar,2026-09-09 05:34:35.430000,0.94102,2364
2377,16819926,Sharon.n Gichira,2026-09-22 15:09:06.013000,0.94102,2364
2378,16846070,mino sussin,2026-09-09 15:23:56.453000,0.94102,2364
2379,16842160,ricky5932,2026-09-06 12:57:10.073000,0.94102,2364
2380,16898496,Harsh Gupta,2026-09-18 07:54:44.116000,0.94102,2364
2381,16809599,Yuvanshu Dadhich,2026-09-14 03:52:30.023000,0.94102,2364
2382,16853247,WangDongwei15,2026-09-10 08:14:55.790000,0.94102,2364
2383,16886781,Omar Tarek Abdelkader Ahmed El Belbeisy,2026-09-14 12:31:18.790000,0.94102,2364
2384,16815208,jason vetter,2026-09-05 04:39:45.236000,0.94101,2384
2385,16843329,Saksham Singh,2026-09-07 08:04:48.906000,0.94101,2384
2386,16986019,binhpham,2026-09-30 23:49:35.056000,0.94101,2384
2387,16893683,João Felipe Aguiar,2026-09-15 02:01:47.153000,0.94101,2384
2388,16847786,Alfez Khan,2026-09-25 10:18:52.543000,0.94101,2384
2389,16862585,Syed Faizaan Ahmad,2026-09-21 08:41:16.796000,0.94101,2384
2390,16948852,Ayse Payci,2026-09-23 18:21:11.316000,0.94101,2384
2391,16849030,Ameyyy,2026-09-07 20:03:01.233000,0.94101,2384
2392,16839965,Sairaj Adhav,2026-09-26 01:47:13.386000,0.94101,2384
2393,16829721,Manushi Bombaywala,2026-09-04 11:34:41.586000,0.94101,2384
2394,16853999,Srinija,2026-09-22 17:23:13.910000,0.94101,2384
2395,16966059,Chintu sharma,2026-09-26 19:27:42.613000,0.94101,2384
2396,16831212,Ben,2026-09-06 04:47:35.290000,0.94101,2384
2397,16798617,Anim Samuel K.,2026-09-03 03:42:35.703000,0.94101,2384
2398,16857606,Emmanuel King Chris,2026-09-09 23:49:24.973000,0.94101,2384
2399,16871764,Guneeth K,2026-09-11 08:48:04.766000,0.94101,2384
2400,16801049,hyhien lu,2026-09-02 12:52:36.410000,0.94101,2384
2401,16863476,Mayank Raj Singh,2026-09-28 08:08:09.406000,0.94101,2384
2402,16832722,Danylo Kucherenko,2026-09-15 12:57:38.080000,0.94101,2384
2403,16811217,Maks Prinko,2026-09-03 15:49:51.273000,0.94101,2384
2404,16924775,dimdie3064,2026-09-19 10:59:29.713000,0.94101,2384
2405,16806154,Arun Kumar Oraon,2026-09-02 04:52:12.833000,0.94101,2384
2406,16828336,Gabriela Słomiany,2026-09-30 18:14:07.536000,0.941,2406
2407,16828047,Pierpaolo Bellusci,2026-09-08 21:27:35.916000,0.941,2406
2408,16925349,fufucheese,2026-09-19 12:32:49.276000,0.941,2406
2409,16859294,PuChang,2026-09-09 09:28:11.840000,0.941,2406
2410,16976084,Javeria Ashraf,2026-09-28 19:02:10.333000,0.941,2406
2411,16931125,njhthinker,2026-09-20 15:45:54.026000,0.941,2406
2412,16941784,Arjun Janamatti,2026-09-23 05:02:27.570000,0.941,2406
2413,16917410,Takuya Nagata,2026-09-29 05:56:17.530000,0.941,2406
2414,16855619,Bhumika Goyal,2026-09-08 19:59:47.763000,0.941,2406
2415,16962292,Vajresh Kulkarni,2026-09-30 17:35:52.383000,0.941,2406
2416,16811627,traumt,2026-09-03 01:39:24.523000,0.941,2406
2417,16856486,Digant Tiwari,2026-09-25 18:16:01.073000,0.941,2406
2418,16908737,VenturaRaee,2026-09-16 21:50:37.686000,0.941,2406
2419,16860117,Shair Khan,2026-09-22 15:30:28.180000,0.941,2406
2420,16894533,Wincent Zhang,2026-09-15 08:35:12.373000,0.941,2406
2421,16940247,Shivam_Innsbruck,2026-09-30 11:52:46.136000,0.941,2406
2422,16894357,Payal Ashok Pawar,2026-09-20 06:04:29.696000,0.941,2406
2423,16800003,Itpl16,2026-09-01 15:44:15.040000,0.94099,2423
2424,16881225,Sarthak Srivastava,2026-09-12 13:53:13.810000,0.94099,2423
2425,16893730,Zenun Chowdhury,2026-09-15 17:19:51.186000,0.94099,2423
2426,16967067,Kshitij Chaudhari,2026-09-27 16:48:50.263000,0.94099,2423
2427,16979823,Yashasvi Besam,2026-09-29 16:55:20.876000,0.94099,2423
2428,16830896,Prasanna,2026-09-04 14:04:01.553000,0.94099,2423
2429,16844341,William Chang,2026-09-06 18:02:10.070000,0.94099,2423
2430,16911319,Johnny Wilson Dougherty,2026-09-17 05:47:25.423000,0.94099,2423
2431,16844434,Ranga Sai Shreyas7,2026-09-08 16:11:34.943000,0.94099,2423
2432,16936119,linglinglingqi,2026-09-21 13:48:50.210000,0.94099,2423
2433,16987581,Khushbz,2026-09-29 21:17:01.613000,0.94099,2423
2434,16816958,Zobayer Abdullah,2026-09-13 09:10:54.476000,0.94099,2423
2435,16934244,Futa Sho,2026-09-22 06:36:23.830000,0.94099,2423
2436,16993375,Eliott Binard,2026-09-30 22:51:36.660000,0.94099,2423
2437,16816738,Kapil,2026-09-04 05:20:52.716000,0.94099,2423
2438,16856334,Mariyyyaa ella,2026-09-08 21:44:33.130000,0.94099,2423
2439,16876453,Shaheer Alam,2026-09-11 16:55:26.776000,0.94098,2439
2440,16802686,Argus Kern,2026-09-01 12:10:54.776000,0.94098,2439
2441,16934874,Jaron Althoff,2026-09-21 10:19:41.020000,0.94098,2439
2442,16809110,anonymous134275,2026-09-03 09:25:13.856000,0.94098,2439
2443,16933804,Kkk Kkksad,2026-09-21 19:38:08.840000,0.94098,2439
2444,16841249,Royal_Mustaches,2026-09-05 20:11:01.703000,0.94098,2439
2445,16844666,Tleukhanov Yeraly,2026-09-06 20:03:58.743000,0.94098,2439
2446,16841002,Carlos Alves,2026-09-08 19:21:50.186000,0.94098,2439
2447,16853298,Rafif,2026-09-08 09:23:30.430000,0.94098,2439
2448,16945040,tyson,2026-09-23 04:49:29.536000,0.94098,2439
2449,16839263,SHIFT_R,2026-09-05 10:00:54.033000,0.94098,2439
2450,16918725,SnskrtMali,2026-09-18 07:27:52.743000,0.94098,2439
2451,16971881,Henry Kilago,2026-09-27 14:44:20.530000,0.94098,2439
2452,16808747,Александр Трифонов,2026-09-02 13:16:50.926000,0.94098,2439
2453,16809973,TobiST10,2026-09-06 22:45:29.763000,0.94098,2439
2454,16847250,KunyinSun01,2026-09-07 11:33:53.090000,0.94098,2439
2455,16817901,Praful Tiwari1,2026-09-06 09:40:47.156000,0.94097,2455
2456,16802991,Good Game Fortnite,2026-09-30 17:27:51.523000,0.94097,2455
2457,16799638,Chaitanya Jamble,2026-09-01 06:24:58.893000,0.94097,2455
2458,16861460,desptet,2026-09-11 10:38:44.856000,0.94097,2455
2459,16894172,Adrian1212Ken,2026-09-19 08:25:59.640000,0.94097,2455
2460,16925581,Murod Fayziyev,2026-09-21 04:47:22.890000,0.94097,2455
2461,16850067,SHANMUKHA DATTA BODA,2026-09-11 12:21:18.866000,0.94097,2455
2462,16889157,Đỗ Quang Phong,2026-09-15 14:45:11.990000,0.94097,2455
2463,16823692,Théo Giovedi,2026-09-28 22:42:22.046000,0.94097,2455
2464,16804938,Koostik126,2026-09-01 20:50:55.603000,0.94097,2455
2465,16842041,SAURABH257,2026-09-09 11:47:11.306000,0.94097,2455
2466,16865438,RAKSAKANTH J,2026-09-10 08:26:51.720000,0.94097,2455
2467,16964950,cheng jialuo,2026-09-26 04:11:53.306000,0.94097,2455
2468,16799082,江口ゼミ,2026-09-03 02:00:53.530000,0.94097,2455
2469,16808720,Ankush Khanra,2026-09-30 12:37:05.473000,0.94097,2455
2470,16831836,Ayşe Yaşar,2026-09-04 20:21:16.896000,0.94097,2455
2471,16827498,zhangby5555,2026-09-04 08:26:19.576000,0.94097,2455
2472,16809681,Tráng Phùng Văn,2026-09-03 17:16:21.860000,0.94097,2455
2473,16887316,Luke Lifton,2026-09-13 23:10:38.620000,0.94096,2473
2474,16967302,Nikhil sai Soma,2026-09-27 09:21:26.150000,0.94096,2473
2475,16883655,Trey Cobb,2026-09-13 01:01:02.486000,0.94096,2473
2476,16832047,Egunuraka,2026-09-07 05:01:04.673000,0.94096,2473
2477,16847728,Emanuele Latino,2026-09-21 13:13:40.773000,0.94096,2473
2478,16905236,Alfred Shingai,2026-09-16 17:36:00.413000,0.94096,2473
2479,16809908,Praharsha Thapa,2026-09-17 13:25:09.650000,0.94096,2473
2480,16869107,fEULER30,2026-09-11 02:03:05.193000,0.94096,2473
2481,16930414,staticalpirate,2026-09-27 21:37:44.643000,0.94096,2473
2482,16973029,philst4,2026-09-30 22:09:37.626000,0.94096,2473
2483,16852972,Akihiro koga,2026-09-09 09:15:35.340000,0.94096,2473
2484,16841262,Yahaya Kabir,2026-09-06 12:25:18.280000,0.94096,2473
2485,16807309,stpete_ishii,2026-09-03 05:42:31.446000,0.94096,2473
2486,16876046,Bensu Kocatepe,2026-09-11 16:59:28.663000,0.94096,2473
2487,16855094,Anandhini ep,2026-09-10 13:59:24.026000,0.94096,2473
2488,16802702,Lis Hdez,2026-09-21 09:06:03.563000,0.94096,2473
2489,16845688,Bruno JI,2026-09-24 07:22:27.816000,0.94096,2473
2490,16799015,kitayama,2026-09-30 08:58:58.580000,0.94096,2473
2491,16934703,Gül BİLMEZ,2026-09-22 17:56:26.443000,0.94096,2473
2492,16941175,Sergey Andreev,2026-09-23 07:30:59.993000,0.94095,2492
2493,16960103,Yenigella Gnandeep,2026-09-26 13:06:48.166000,0.94095,2492
2494,16825601,Sh Gong,2026-09-27 15:34:01.840000,0.94095,2492
2495,16855830,Samuel Patton,2026-09-09 23:23:30.250000,0.94095,2492
2496,16832122,sameer7888,2026-09-08 04:02:22.453000,0.94095,2492
2497,16823792,Rohit Wayal,2026-09-10 23:44:19.686000,0.94095,2492
2498,16800057,Sofia_Gilka,2026-09-07 07:30:45.460000,0.94095,2492
2499,16803098,Leandro Sanchez B,2026-09-30 20:17:43.806000,0.94095,2492
2500,16844137,Rohit Kumar #2,2026-09-24 09:58:13.426000,0.94095,2492
2501,16916134,Piyush kumar,2026-09-26 21:43:08.906000,0.94095,2492
2502,16881851,nisarg107,2026-09-16 06:21:59.963000,0.94095,2492
2503,16934352,toshidesu,2026-09-26 10:49:05.473000,0.94095,2492
2504,16883330,Murilo Prado,2026-09-13 00:51:07.420000,0.94095,2492
2505,16894899,DauntingX,2026-09-16 06:34:08.620000,0.94095,2492
2506,16938991,Fasai Tamrit,2026-09-22 09:48:45.296000,0.94095,2492
2507,16948992,Suman Kumar Rana,2026-09-25 18:48:25.246000,0.94095,2492
2508,16870434,zchen,2026-09-12 13:02:58.103000,0.94095,2492
2509,16918515,JleHuBblu nJlR}l{HuK,2026-09-19 20:34:46.936000,0.94095,2492
2510,16973890,Ananya,2026-09-28 16:01:23.943000,0.94095,2492
2511,16974844,codexy89,2026-09-30 02:45:55.580000,0.94094,2511
2512,16808527,Vikas Rajpurohit,2026-09-10 13:22:13.666000,0.94094,2511
2513,16813111,Annekyl,2026-09-03 05:38:08.493000,0.94094,2511
2514,16977567,Masetty Sankeerth,2026-09-28 16:15:14.123000,0.94094,2511
2515,16887692,pyroeg0_1dx,2026-09-16 08:00:11.126000,0.94094,2511
2516,16938069,NosyRuby2187,2026-09-21 20:51:45.410000,0.94094,2511
2517,16933185,Risikesan Yogeswaran,2026-09-21 03:55:23.383000,0.94094,2511
2518,16937863,Pulin,2026-09-28 18:59:36.553000,0.94094,2511
2519,16966979,TazawaShiryu,2026-09-26 11:46:58.053000,0.94094,2511
2520,16799469,Lelouch,2026-09-01 13:12:21.626000,0.94094,2511
2521,16944133,Mamun@1234,2026-09-23 08:18:03.033000,0.94094,2511
2522,16841059,Ярослав Третьяк,2026-09-06 20:28:42.226000,0.94094,2511
2523,16964693,MhalTeddy,2026-09-26 06:42:57.266000,0.94094,2511
2524,16872137,Riad Hossain,2026-09-11 11:14:46.490000,0.94093,2524
2525,16838768,400297-จีระศักดิ์,2026-09-05 10:37:18.560000,0.94093,2524
2526,16823209,Lynatine,2026-09-21 09:55:01.773000,0.94093,2524
2527,16907915,Swayam_0010,2026-09-19 13:23:35.973000,0.94093,2524
2528,16941754,SatadalS,2026-09-23 08:03:06.956000,0.94093,2524
2529,16908209,Dwiki Budilaksana,2026-09-27 15:45:37.420000,0.94093,2524
2530,16972158,Anay0216,2026-09-28 01:17:40.050000,0.94093,2524
2531,16833121,Kagura_UT,2026-09-19 02:49:03.276000,0.94093,2524
2532,16844094,fragcoder,2026-09-06 16:09:00.686000,0.94093,2524
2533,16916069,­최성민,2026-09-17 18:33:50.526000,0.94093,2524
2534,16909505,Rajarshi nag (shreya),2026-09-25 11:56:06.980000,0.94092,2534
2535,16885370,LargeLiang,2026-09-13 09:06:53.493000,0.94092,2534
2536,16891697,houssemhashos,2026-09-15 16:46:41.930000,0.94092,2534
2537,16915125,chengyy03,2026-09-17 14:00:38.523000,0.94092,2534
2538,16802770,s22990038,2026-09-20 05:35:06.936000,0.94092,2534
2539,16925863,Ruba Meftah,2026-09-19 16:17:05.730000,0.94092,2534
2540,16841004,Husain Bohra,2026-09-06 08:23:36.103000,0.94092,2534
2541,16946274,chennuo,2026-09-23 11:44:58.123000,0.94092,2534
2542,16843018,Sieg Sola,2026-09-07 14:30:26.123000,0.94092,2534
2543,16965982,Nazar Mohammed,2026-09-26 12:10:29.620000,0.94092,2534
2544,16863464,Muhamad Alexander,2026-09-10 16:52:47.260000,0.94092,2534
2545,16906347,Kylianvn,2026-09-16 14:10:14.253000,0.94092,2534
2546,16926682,Ritam Kishore23,2026-09-23 19:19:05.756000,0.94092,2534
2547,16859239,David SanRu,2026-09-18 10:14:11.106000,0.94092,2534
2548,16800048,okuub11,2026-09-01 08:31:04.713000,0.94092,2534
2549,16917515,LyraWang0506,2026-09-18 01:38:00.510000,0.94092,2534
2550,16867554,lins6767,2026-09-13 00:49:41.566000,0.94092,2534
2551,16895035,JIN ZHENRUI,2026-09-16 14:22:21.843000,0.94091,2551
2552,16915563,Sandeep Kumar,2026-09-17 19:00:02.096000,0.94091,2551
2553,16828419,gui shan111,2026-09-04 09:35:06.633000,0.94091,2551
2554,16924475,Eidan Cohen,2026-09-20 12:46:06.590000,0.94091,2551
2555,16811711,feng,2026-09-11 13:55:50.963000,0.94091,2551
2556,16968261,VARADRAJ CHANDRAKANT PATIL,2026-09-29 08:56:02.723000,0.94091,2551
2557,16848247,Thanh Mân123,2026-09-08 09:22:20.090000,0.94091,2551
2558,16807809,Vlad Baranceanu,2026-09-02 08:32:49.336000,0.94091,2551
2559,16810012,Aryan Gupta,2026-09-12 09:53:24.443000,0.94091,2551
2560,16871525,Gautam kumar,2026-09-14 06:44:56.863000,0.94091,2551
2561,16805930,Duyen Nguyen,2026-09-02 01:47:33.600000,0.94091,2551
2562,16802136,Manish,2026-09-29 16:45:32.843000,0.94091,2551
2563,16910923,jwenwu,2026-09-23 09:00:48.893000,0.94091,2551
2564,16840951,Saksham Kumar,2026-09-25 09:14:44.753000,0.94091,2551
2565,16959043,Beichen Fu,2026-09-29 02:48:14.440000,0.94091,2551
2566,16905888,Anil Turan,2026-09-29 17:06:21.983000,0.94091,2551
2567,16849647,korlakunta,2026-09-08 17:52:01.300000,0.94091,2551
2568,16982229,Rahul Sawant,2026-09-30 15:38:21.350000,0.94091,2551
2569,16889232,vedaant up,2026-09-29 18:28:00.663000,0.94091,2551
2570,16892790,Arijeet das 04,2026-09-22 03:03:23.826000,0.94091,2551
2571,16882312,Ferchichi Wassim,2026-09-13 18:49:40.250000,0.9409,2571
2572,16946246,Hakam Avicena ,2026-09-23 13:33:32.560000,0.9409,2571
2573,16893763,Gabriel Guzman,2026-09-15 02:09:53.823000,0.9409,2571
2574,16904618,Fahmi Alfayadh,2026-09-16 11:07:04.410000,0.9409,2571
2575,16844489,Rohit Gupta,2026-09-06 18:02:45.290000,0.9409,2571
2576,16870719,Thanh Vũ,2026-09-11 06:54:35.110000,0.9409,2571
2577,16805629,Bikhyat Adhikari,2026-09-02 02:24:47.486000,0.9409,2571
2578,16992820,tong wu cn,2026-09-30 17:26:21.256000,0.9409,2571
2579,16895207,Mohamed Arafath,2026-09-28 10:47:43.563000,0.9409,2571
2580,16822411,half sugerrr,2026-09-17 12:58:30.313000,0.9409,2571
2581,16969012,Khanh Huynh,2026-09-26 21:16:59.630000,0.9409,2571
2582,16956046,Marcos Oldani,2026-09-24 19:41:07.710000,0.9409,2571
2583,16909445,EasyM0ney,2026-09-17 02:27:17.183000,0.9409,2571
2584,16809429,samhith nadig,2026-09-03 10:46:51.400000,0.9409,2571
2585,16894531,zishan rayan,2026-09-15 07:09:45.053000,0.9409,2571
2586,16977627,Laure Roelant,2026-09-30 19:48:00.546000,0.94089,2586
2587,16799274,valentine mwai,2026-09-08 11:31:28.800000,0.94089,2586
2588,16921641,H12838,2026-09-20 11:21:15.056000,0.94089,2586
2589,16970973,nachodayo,2026-09-27 08:01:33.963000,0.94089,2586
2590,16883902,ABDUL Rehman,2026-09-13 03:17:36.336000,0.94089,2586
2591,16807701,Rishabh979,2026-09-23 15:31:33.450000,0.94089,2586
2592,16935056,Егор Романов,2026-09-23 06:45:21.160000,0.94089,2586
2593,16972529,Naman_aiml,2026-09-27 14:24:53.246000,0.94089,2586
2594,16825802,geeta bamhane,2026-09-04 06:08:26.170000,0.94089,2586
2595,16804064,PANDEY21,2026-09-02 17:43:45.486000,0.94089,2586
2596,16929660,dhanush valiveti,2026-09-21 14:57:34.763000,0.94089,2586
2597,16960352,sidbansal65,2026-09-25 10:18:25.880000,0.94089,2586
2598,16832052,Dhruv1029,2026-09-04 18:14:58.970000,0.94089,2586
2599,16896389,neetish_ss,2026-09-15 11:34:58.923000,0.94089,2586
2600,16887412,aditya117b,2026-09-13 18:04:34.063000,0.94089,2586
2601,16843583,Davin LeClair,2026-09-14 16:55:10.423000,0.94089,2586
2602,16806460,enenenhhh,2026-09-09 04:07:29.643000,0.94089,2586
2603,16859229,Evel Fu,2026-09-09 14:46:49.933000,0.94089,2586
2604,16982459,Vedant Dave,2026-09-29 10:11:16.180000,0.94088,2604
2605,16823345,Briant Paul,2026-09-30 00:09:55.706000,0.94088,2604
2606,16898582,Vladislav Ilyukhin,2026-09-20 12:44:22.820000,0.94088,2604
2607,16829671,Meri_Petrosyaaann,2026-09-05 18:02:27.930000,0.94088,2604
2608,16898754,Lone_Sailors,2026-09-30 15:58:26.723000,0.94088,2604
2609,16858688,Nguyễn Bình Phú,2026-09-09 09:05:26.396000,0.94088,2604
2610,16855108,Ahmed Hossam Elhawary,2026-09-11 06:16:28.876000,0.94088,2604
2611,16921073,Smati Anis,2026-09-23 08:55:11.600000,0.94088,2604
2612,16868278,Avian Ross,2026-09-10 18:44:25.966000,0.94088,2604
2613,16814169,Raphdraft,2026-09-03 09:21:11.810000,0.94088,2604
2614,16824571,Will Smith,2026-09-07 23:28:01.900000,0.94088,2604
2615,16915494,Cornelius Kristianto,2026-09-20 01:12:57.660000,0.94088,2604
2616,16886215,mexjpn91,2026-09-14 15:00:37.303000,0.94088,2604
2617,16942781,Gongyao Xu,2026-09-23 02:48:52.446000,0.94088,2604
2618,16867481,Royer Elvis Moreano Condorcuya,2026-09-25 20:15:07.340000,0.94087,2618
2619,16818228,abdulkader1,2026-09-22 01:03:25.373000,0.94087,2618
2620,16870386,Abhay_GenAi,2026-09-27 06:39:06.043000,0.94087,2618
2621,16864874,Arjjun s,2026-09-10 07:19:42.183000,0.94087,2618
2622,16801836,DevashishSoni123,2026-09-01 18:47:48.113000,0.94087,2618
2623,16814721,Kartik Sharma,2026-09-10 20:05:03.856000,0.94087,2618
2624,16875741,Hiroshi,2026-09-20 03:03:48.320000,0.94087,2618
2625,16890126,XZXZZX,2026-09-16 12:08:47.506000,0.94087,2618
2626,16913592,Kaisei Kikuchi,2026-09-17 15:01:39.496000,0.94087,2618
2627,16889789,Sachin Yadav #2,2026-09-26 04:51:01.330000,0.94087,2618
2628,16835635,messibeatgravity,2026-09-05 03:43:41.210000,0.94087,2618
2629,16959049,Antariksh Tamuly,2026-09-30 05:18:33.290000,0.94087,2618
2630,16991939,Guillermo Torres,2026-09-30 14:43:43.650000,0.94087,2618
2631,16809593,RudraSingh0001,2026-09-17 03:55:42.923000,0.94086,2631
2632,16826984,Olivia Redd,2026-09-04 10:02:45.530000,0.94086,2631
2633,16814770,ShivamSharma,2026-09-05 02:57:02.416000,0.94086,2631
2634,16928109,coco,2026-09-20 07:33:00.980000,0.94086,2631
2635,16831046,jukai zhu,2026-09-05 02:37:47.716000,0.94086,2631
2636,16852982,Aditya Sasidhar,2026-09-08 12:41:54.646000,0.94086,2631
2637,16862245,Sohith Patha,2026-09-09 20:18:05.270000,0.94086,2631
2638,16810718,Akshita Sharda,2026-09-11 18:48:33.550000,0.94086,2631
2639,16899305,Nour Alhalwagy,2026-09-27 05:07:09.810000,0.94086,2631
2640,16860611,znikola45,2026-09-10 15:17:11.813000,0.94086,2631
2641,16898023,Sagar Agrawal,2026-09-16 09:41:09.606000,0.94086,2631
2642,16899324,vxtsbsn,2026-09-16 00:55:13.843000,0.94086,2631
2643,16912796,DANIELLE CHOI,2026-09-26 13:02:48.363000,0.94086,2631
2644,16844432,Utkarsh Singh,2026-09-11 03:54:11.730000,0.94085,2644
2645,16919290,ILHAM TESA ,2026-09-18 09:43:05.353000,0.94085,2644
2646,16854937,Mordred,2026-09-17 21:15:39.120000,0.94085,2644
2647,16928188,yue Huan,2026-09-20 10:57:20.820000,0.94085,2644
2648,16882639,Tanjim Shaharia,2026-09-28 10:35:33.636000,0.94085,2644
2649,16879498,Андрей Мехоношин,2026-09-12 08:21:11.683000,0.94085,2644
2650,16952855,Chrizz K,2026-09-24 11:41:27.730000,0.94085,2644
2651,16854461,TerenceLSH,2026-09-18 14:19:25.333000,0.94085,2644
2652,16829041,dhseries,2026-09-25 05:06:55.613000,0.94085,2644
2653,16976031,hnu.2026,2026-09-28 08:08:42.036000,0.94085,2644
2654,16855269,Mohitraj Rathor,2026-09-10 08:22:42.933000,0.94085,2644
2655,16803617,VGekko,2026-09-01 16:43:40.283000,0.94085,2644
2656,16858376,zhangglinhann,2026-09-15 03:16:00.630000,0.94085,2644
2657,16809611,Mohammed arfan shafin,2026-09-15 17:30:26.340000,0.94085,2644
2658,16806192,EmmaL09,2026-09-03 00:54:57.983000,0.94085,2644
2659,16848130,P76131042蔡炘晏,2026-09-07 13:29:06.886000,0.94085,2644
2660,16804526,SAMPAT PRAJAPAT,2026-09-03 12:33:32.176000,0.94085,2644
2661,16811006,yuuu-okazaki,2026-09-02 21:15:18.270000,0.94084,2661
2662,16932570,BalconesKeys,2026-09-26 01:52:34.596000,0.94084,2661
2663,16934510,Lekang Makake,2026-09-21 07:38:01.370000,0.94084,2661
2664,16835567,Chani Leon,2026-09-06 03:00:06.553000,0.94084,2661
2665,16893366,saumin bhagatwala,2026-09-15 03:21:33.186000,0.94084,2661
2666,16826579,xuanxuan496,2026-09-05 13:34:09.886000,0.94084,2661
2667,16936045,AGordeev,2026-09-22 06:42:24.236000,0.94084,2661
2668,16892614,Pal Savani,2026-09-18 07:31:42.846000,0.94084,2661
2669,16822467,IDK_409,2026-09-03 16:47:46.480000,0.94084,2661
2670,16805343,Andre Endress,2026-09-06 19:49:54.483000,0.94084,2661
2671,16853573,CNPolaris521,2026-09-08 08:49:43.140000,0.94084,2661
2672,16962882,Davy Williams,2026-09-25 22:50:51.313000,0.94084,2661
2673,16909225,Pragya Sharma,2026-09-23 01:02:54.056000,0.94084,2661
2674,16991924,viper3333,2026-09-30 15:29:53.530000,0.94084,2661
2675,16890631,zhang rui_cheng,2026-09-30 03:27:01.013000,0.94084,2661
2676,16839687,Mudit Agrawal,2026-09-25 17:36:11.076000,0.94084,2661
2677,16864928,Abanoub Reda Shehad,2026-09-12 14:05:10.096000,0.94084,2661
2678,16916891,Divyansh Bagla,2026-09-17 22:07:41.283000,0.94083,2678
2679,16912591,Vishwam Patel,2026-09-18 03:03:07.476000,0.94083,2678
2680,16853549,Yeswanth Pothala,2026-09-22 09:18:30.430000,0.94083,2678
2681,16832027,ryuksm01,2026-09-08 06:53:41.220000,0.94083,2678
2682,16925312,Kanchan,2026-09-27 16:59:32.336000,0.94083,2678
2683,16815045,_AshwinMahawar_,2026-09-03 11:01:10.406000,0.94083,2678
2684,16811442,Estevao Smith,2026-09-03 00:51:35.633000,0.94083,2678
2685,16799442,Raghav Sharma 2002,2026-09-02 09:42:00.126000,0.94083,2678
2686,16866274,Manisha Gupta,2026-09-10 13:55:08.103000,0.94083,2678
2687,16849241,Matias Loukojärvi,2026-09-07 19:26:05.293000,0.94083,2678
2688,16969741,Dũng Lường,2026-09-27 05:51:45.850000,0.94083,2678
2689,16885564,Zhilei Qiu,2026-09-13 09:09:29.636000,0.94083,2678
2690,16922591,matiyas,2026-09-22 20:31:28.656000,0.94083,2678
2691,16945478,Anshul Jain,2026-09-23 10:30:04.656000,0.94083,2678
2692,16917084,ASHISH GAUTAM 24577011,2026-09-30 17:27:21.186000,0.94082,2692
2693,16936227,Alessandro Falanga,2026-09-21 12:27:39.530000,0.94082,2692
2694,16840039,karthickraja,2026-09-05 17:42:39.216000,0.94082,2692
2695,16959424,Kalash Thakre,2026-09-29 02:24:16.323000,0.94082,2692
2696,16878614,Aidan Ridderhof,2026-09-13 03:43:59,0.94082,2692
2697,16840226,Suyog Bewle,2026-09-05 19:43:35.353000,0.94082,2692
2698,16860647,Ievasss,2026-09-09 13:52:39.590000,0.94081,2698
2699,16804713,Dzhemz,2026-09-18 16:34:50.340000,0.94081,2698
2700,16970829,KANGKAN KALITA,2026-09-27 07:29:06.730000,0.94081,2698
2701,16940055,WUDEXING,2026-09-22 08:19:57.980000,0.94081,2698
2702,16876681,Kiriesh,2026-09-11 21:56:43.823000,0.94081,2698
2703,16949852,maruhiko,2026-09-23 22:04:42.036000,0.94081,2698
2704,16976721,Dorothy Biswas,2026-09-30 18:20:39.006000,0.94081,2698
2705,16805897,kunal_singh,2026-09-10 13:27:39.793000,0.94081,2698
2706,16970187,David Lu,2026-09-27 04:57:42.916000,0.9408,2706
2707,16804884,Robby Internet,2026-09-01 18:09:21.403000,0.9408,2706
2708,16973461,Devi Permata Sari Lam,2026-09-28 02:25:19.476000,0.9408,2706
2709,16971541,Hashim Umar,2026-09-28 21:15:02.030000,0.9408,2706
2710,16848320,shohtani,2026-09-11 00:39:00.993000,0.9408,2706
2711,16824054,James Mills,2026-09-23 23:33:43.566000,0.9408,2706
2712,16827487,JKTAN827,2026-09-09 11:02:52.166000,0.9408,2706
2713,16937993,Денис Бондарев,2026-09-24 19:27:57.190000,0.9408,2706
2714,16840538,Dharun Suryaa,2026-09-20 05:13:35.533000,0.9408,2706
2715,16987426,PeterPatrick-dev,2026-09-29 20:17:38.933000,0.9408,2706
2716,16802526,Mala Yadav,2026-09-04 03:35:55.093000,0.9408,2706
2717,16979043,益田幸太,2026-09-30 13:18:58.983000,0.9408,2706
2718,16854910,baro_nht,2026-09-08 16:51:54.043000,0.94079,2718
2719,16988207,masterlincs,2026-09-30 01:52:45.310000,0.94079,2718
2720,16855616,Eagle888,2026-09-08 18:04:22.920000,0.94079,2718
2721,16798754,Matts6591,2026-09-15 15:07:23.560000,0.94079,2718
2722,16892557,Михаил Седов,2026-09-20 10:31:20.426000,0.94079,2718
2723,16934654,Devinoh Hafni,2026-09-21 13:08:42.236000,0.94079,2718
2724,16988764,HaroonPuzhakkal,2026-09-30 19:43:00.386000,0.94078,2724
2725,16975725,k240041 Mishal Fahim,2026-09-28 05:04:20.743000,0.94078,2724
2726,16940579,Singhbohdivydishu,2026-09-22 17:51:36.060000,0.94078,2724
2727,16832701,Aikantic Maitra,2026-09-05 16:04:53.530000,0.94078,2724
2728,16806097,Krishna Anandan Ganesan,2026-09-02 02:58:56.186000,0.94078,2724
2729,16842209,Soham_Deshpande,2026-09-11 04:55:55.340000,0.94078,2724
2730,16906686,GregH,2026-09-18 19:45:08.626000,0.94078,2724
2731,16975028,Gabi07,2026-09-30 02:41:25.900000,0.94077,2731
2732,16885843,chutian Chen,2026-09-13 12:40:55.403000,0.94077,2731
2733,16803701,Carolin DJ,2026-09-08 11:31:43.460000,0.94077,2731
2734,16859319,jesusvivo,2026-09-13 10:53:12.843000,0.94076,2734
2735,16823045,Akanksha Sahai,2026-09-03 22:31:35.983000,0.94076,2734
2736,16838405,Goutam sharma,2026-09-09 17:26:00.583000,0.94076,2734
2737,16882999,Sofia Naushad,2026-09-13 19:33:44.113000,0.94076,2734
2738,16930724,RISHAB KUMAR,2026-09-20 15:14:47.730000,0.94076,2734
2739,16802355,Felicity Onwano,2026-09-16 12:32:51.136000,0.94076,2734
2740,16803104,Muhammad Robith,2026-09-12 14:06:35.806000,0.94076,2734
2741,16818644,Felix Berget,2026-09-15 08:41:57,0.94076,2734
2742,16953785,Asra Zibaie,2026-09-26 10:48:21.780000,0.94076,2734
2743,16839696,Shreyas Murde,2026-09-30 16:31:40.336000,0.94075,2743
2744,16904519,Shaun,2026-09-20 05:55:40.750000,0.94075,2743
2745,16839058,রোদশী,2026-09-05 08:56:25.166000,0.94075,2743
2746,16807588,Batuhan Sülün,2026-09-07 13:01:54.913000,0.94075,2743
2747,16799430,Zanan Pech,2026-09-02 17:37:42.930000,0.94075,2743
2748,16800049,Hoshi Hinata,2026-09-01 09:18:44.053000,0.94075,2743
2749,16877502,vanokaggler,2026-09-15 20:04:17.926000,0.94075,2743
2750,16892316,Jagan R,2026-09-28 16:34:18.280000,0.94075,2743
2751,16807196,i-za-world,2026-09-10 01:28:49.396000,0.94075,2743
2752,16799718,Vishal Kishore,2026-09-02 13:36:45.920000,0.94075,2743
2753,16954593,Coding-Smurf,2026-09-24 16:39:40.686000,0.94075,2743
2754,16842401,Nidhal,2026-09-06 12:26:29.256000,0.94075,2743
2755,16898341,Yashita Kumar,2026-09-24 06:56:31.970000,0.94075,2743
2756,16811029,tquinn6,2026-09-14 15:24:02.066000,0.94075,2743
2757,16822564,Linus Henneberger,2026-09-29 23:55:53.343000,0.94074,2757
2758,16865529,David C. Langat,2026-09-24 08:49:09.516000,0.94074,2757
2759,16918386,AquamarinHoshino,2026-09-26 07:20:23.900000,0.94074,2757
2760,16914578,Selfie123,2026-09-17 14:13:20.376000,0.94074,2757
2761,16963196,Jason Noriega,2026-09-25 21:34:35.826000,0.94074,2757
2762,16865274,sileighty,2026-09-15 07:15:03.660000,0.94074,2757
2763,16799135,Aqib Raza,2026-09-01 04:02:20.290000,0.94074,2757
2764,16824070,Kimberly Sultan,2026-09-08 00:30:09.086000,0.94074,2757
2765,16842405,Arnav Shendurnikar,2026-09-09 05:55:58.136000,0.94074,2757
2766,16864796,Deepak Kumbhar,2026-09-29 16:15:02.420000,0.94074,2757
2767,16858634,briskwalking53,2026-09-29 07:23:54.866000,0.94074,2757
2768,16884423,ravina,2026-09-14 05:46:26.733000,0.94074,2757
2769,16799745,Kübra Arığ,2026-09-02 07:19:44.143000,0.94074,2757
2770,16890960,aonama,2026-09-15 15:34:17.653000,0.94074,2757
2771,16967082,rahfar,2026-09-26 11:59:01.920000,0.94074,2757
2772,16885965,K N FARHAN NAZIM,2026-09-20 05:44:54.853000,0.94073,2772
2773,16846637,Saad M Khan,2026-09-08 14:04:22.193000,0.94073,2772
2774,16905192,Gary,2026-09-17 05:37:12.320000,0.94073,2772
2775,16991741,Coşkun kaan aki,2026-09-30 15:55:26.736000,0.94073,2772
2776,16854533,Gnach Deraj,2026-09-10 05:10:11.170000,0.94073,2772
2777,16802779,Đào Minh Thuấn 🎖️,2026-09-20 03:57:15.400000,0.94073,2772
2778,16893232,ElectroMind,2026-09-14 23:54:09.480000,0.94073,2772
2779,16843778,riko okada,2026-09-06 13:42:59.440000,0.94073,2772
2780,16852647,Syed Abue Tayeb Al-Zeyed,2026-09-08 05:39:04.223000,0.94073,2772
2781,16866066,joshi malav,2026-09-10 11:05:37.320000,0.94073,2772
2782,16904639,MULANI SANIYA JAHANGIR,2026-09-25 13:25:09.133000,0.94073,2772
2783,16866083,Shravani Bavkar,2026-09-10 12:01:35.630000,0.94073,2772
2784,16806164,SaipraneethReddyOne,2026-09-02 02:51:54.486000,0.94072,2784
2785,16875482,PSRlegend7,2026-09-11 20:44:32.970000,0.94072,2784
2786,16980136,Anandha Dinesh,2026-09-28 18:26:26.490000,0.94072,2784
2787,16799151,SUMMER:3,2026-09-22 13:45:53.750000,0.94072,2784
2788,16858788,Khadka PARLEE,2026-09-09 13:38:09.003000,0.94072,2784
2789,16962847,YU AIIN,2026-09-30 14:59:28.300000,0.94072,2784
2790,16799355,Mr Robot,2026-09-01 06:16:42.303000,0.94072,2784
2791,16799521,Süleyman Yılmaz,2026-09-30 08:39:31.720000,0.94071,2791
2792,16823857,Sabit Al Juma,2026-09-08 00:04:52.546000,0.94071,2791
2793,16969977,Dale Kube,2026-09-27 03:52:47.356000,0.94071,2791
2794,16807887,wcsarita,2026-09-07 04:24:05.773000,0.94071,2791
2795,16884710,Dipali maurya,2026-09-17 13:15:04.970000,0.94071,2791
2796,16814657,Akash Prajapati 01,2026-09-11 16:42:51.670000,0.94071,2791
2797,16839583,Jordan Mukaddam,2026-09-05 12:10:09.873000,0.94071,2791
2798,16962624,Pulkit,2026-09-27 17:07:36.216000,0.9407,2798
2799,16991347,Sathya,2026-09-30 13:37:52.246000,0.9407,2798
2800,16822559,Muntasir Mamun396,2026-09-04 14:54:19.323000,0.9407,2798
2801,16865297,hcbyun0408,2026-09-20 04:39:02.996000,0.9407,2798
2802,16854418,Trọng Lê,2026-09-08 18:35:20.236000,0.9407,2798
2803,16806818,Nidhi Tiwari,2026-09-03 04:00:39.826000,0.9407,2798
2804,16823975,GN,2026-09-05 18:02:26.330000,0.9407,2798
2805,16847005,Andreas Granhøy-Lieng,2026-09-07 08:38:11.226000,0.94069,2805
2806,16844030,rodea0952,2026-09-10 14:41:24.893000,0.94069,2805
2807,16985489,kolganovdan,2026-09-30 07:32:24.946000,0.94069,2805
2808,16802071,Karan,2026-09-05 17:07:11.803000,0.94069,2805
2809,16856820,Kolybalova Anastasia ,2026-09-09 18:38:48.046000,0.94069,2805
2810,16821028,kapilsingh09,2026-09-25 08:52:17.060000,0.94069,2805
2811,16933114,shangze wu111,2026-09-21 06:19:33.433000,0.94069,2805
2812,16803904,NAGIREDY SURYA,2026-09-03 15:24:29.290000,0.94069,2805
2813,16868033,Vivek Teja,2026-09-14 20:37:06.506000,0.94069,2805
2814,16896971,Bhavesh Kumar,2026-09-18 05:13:13.466000,0.94069,2805
2815,16959010,PARTH DEWAL,2026-09-25 07:47:13.733000,0.94068,2815
2816,16865553,Severanceee,2026-09-10 09:27:07.503000,0.94068,2815
2817,16853489,JIAWEILI0001,2026-09-24 03:57:06.836000,0.94068,2815
2818,16881802,Byron Leukemans,2026-09-12 16:12:15.960000,0.94068,2815
2819,16864916,THARUNC,2026-09-10 06:20:59.683000,0.94068,2815
2820,16807955,acw511,2026-09-02 08:34:11.400000,0.94068,2815
2821,16879055,Prashanta Das,2026-09-14 08:49:01.060000,0.94068,2815
2822,16942216,Hikaru,2026-09-30 14:26:00.396000,0.94068,2815
2823,16936176,Sukhbold Ch,2026-09-21 14:12:59.836000,0.94068,2815
2824,16957814,samuelson,2026-09-25 02:59:03.363000,0.94067,2824
2825,16982834,MoonMancer,2026-09-29 10:48:46.480000,0.94067,2824
2826,16934684,ymaeda1125,2026-09-21 15:05:47.193000,0.94067,2824
2827,16801470,Rohan Dsouza,2026-09-01 09:24:01.896000,0.94067,2824
2828,16927403,Harish Varma Chintalapati,2026-09-20 22:54:06.456000,0.94067,2824
2829,16807250,Arin Avanoosyan,2026-09-02 21:51:46.483000,0.94067,2824
2830,16809386,Shobhit kumar,2026-09-03 08:23:06.980000,0.94067,2824
2831,16950699,hpp666,2026-09-24 06:28:33.863000,0.94067,2824
2832,16930954,michele fresneda,2026-09-20 19:31:06.356000,0.94067,2824
2833,16967157,Victor Simba,2026-09-29 22:53:47.803000,0.94067,2824
2834,16973968,Amjedalabsy,2026-09-27 19:09:34.070000,0.94067,2824
2835,16945027,Tanish C,2026-09-23 09:06:44.600000,0.94067,2824
2836,16878522,twofacedfour,2026-09-13 17:29:46.276000,0.94067,2824
2837,16968814,Joud Mm,2026-09-27 23:42:05.003000,0.94067,2824
2838,16918389,Harrison Law,2026-09-18 09:44:48.473000,0.94067,2824
2839,16846909,qqq123321,2026-09-07 08:26:10.663000,0.94067,2824
2840,16910709,Athreya2007,2026-09-17 07:31:26.073000,0.94067,2824
2841,16849958,LicheA13,2026-09-10 06:05:01.520000,0.94066,2841
2842,16809591,Saurab Godse,2026-09-07 10:56:47.536000,0.94066,2841
2843,16819730,Robo Maven,2026-09-03 14:28:44.500000,0.94066,2841
2844,16938781,Cachurro,2026-09-22 21:17:57.916000,0.94066,2841
2845,16803861,jakeyjokey,2026-09-01 17:33:47.463000,0.94066,2841
2846,16893370,IvanYakovl,2026-09-23 23:04:14.003000,0.94066,2841
2847,16944114,Anushri Noriya,2026-09-30 17:16:05.210000,0.94065,2847
2848,16984817,MysticalDawn,2026-09-29 13:11:05.660000,0.94065,2847
2849,16843285,yamauchi,2026-09-08 06:35:51.320000,0.94065,2847
2850,16938934,Kanade147359,2026-09-22 02:27:16.740000,0.94065,2847
2851,16895095,Fede977,2026-09-15 12:34:11.696000,0.94065,2847
2852,16935776,Mythili S,2026-09-29 10:04:30.306000,0.94065,2847
2853,16866216,k240042Manahil,2026-09-10 11:27:55.940000,0.94065,2847
2854,16944199,Hakid999,2026-09-23 22:32:00.026000,0.94065,2847
2855,16924469,Luke Smith,2026-09-26 05:02:33.363000,0.94064,2855
2856,16823765,Arda Baran Baytar,2026-09-04 02:32:04.026000,0.94064,2855
2857,16876744,Angella Semu,2026-09-11 22:31:29.520000,0.94064,2855
2858,16823384,Vanshika0902,2026-09-16 04:11:51.936000,0.94064,2855
2859,16956582,Love Ratnawat,2026-09-24 21:17:56.556000,0.94064,2855
2860,16802288,a3amaT02,2026-09-30 21:41:37.946000,0.94063,2860
2861,16867511,[Mali12]Aboubacar Diarra,2026-09-10 15:40:24.093000,0.94063,2860
2862,16839214,field996,2026-09-06 01:36:13.053000,0.94063,2860
2863,16799500,Muhammad Awais Tariq,2026-09-06 02:33:36.933000,0.94063,2860
2864,16954305,merthyn,2026-09-24 15:52:45.456000,0.94063,2860
2865,16929421,Anjali Ajith,2026-09-27 08:41:45.390000,0.94063,2860
2866,16805852,computersoul,2026-09-22 02:57:16.496000,0.94062,2866
2867,16922040,sdfdfgh,2026-09-19 19:17:17.056000,0.94062,2866
2868,16888820,Kirill Gubkin,2026-09-14 04:33:21.426000,0.94062,2866
2869,16978113,Gulshan Rajdev,2026-09-29 18:09:57.343000,0.94062,2866
2870,16904932,Huang Shih Lun,2026-09-16 08:00:38.550000,0.94062,2866
2871,16960772,Александр Павлов,2026-09-25 16:12:30.540000,0.94062,2866
2872,16894470,mynameisrafay,2026-09-18 04:59:45.536000,0.94061,2872
2873,16810086,Akash Babu,2026-09-10 20:57:53.513000,0.94061,2872
2874,16798774,Chih-Neng Tung,2026-09-07 06:59:25.436000,0.94061,2872
2875,16858774,Muhammad Zalan,2026-09-13 06:32:00.406000,0.94061,2872
2876,16941972,Ben Voss,2026-09-22 16:52:10.696000,0.94061,2872
2877,16986126,CAU53744-T02,2026-09-30 06:26:40.246000,0.94061,2872
2878,16923506,Dilsha A,2026-09-19 12:59:16.936000,0.94061,2872
2879,16951488,Martial_Gautam,2026-09-24 14:44:44.716000,0.9406,2879
2880,16862372,Gigin George Mathew,2026-09-09 18:22:38.006000,0.9406,2879
2881,16939776,Md.Mahfujul Karim Sheikh,2026-09-24 04:58:06.043000,0.9406,2879
2882,16844988,Branko Adziev,2026-09-06 21:56:06.710000,0.9406,2879
2883,16907118,TPranavl231269,2026-09-16 17:15:20.866000,0.9406,2879
2884,16934430,Shreyansh Singh #2,2026-09-22 04:20:28.046000,0.9406,2879
2885,16936312,Daniel Khusainov,2026-09-23 16:33:35.613000,0.9406,2879
2886,16949614,DEEPANSH JAGOTRA,2026-09-29 22:13:30.576000,0.94059,2886
2887,16954038,Yakovleva Tamara,2026-09-24 15:54:05.906000,0.94059,2886
2888,16805576,Orochimaru,2026-09-18 22:07:34.600000,0.94059,2886
2889,16958918,Parth Pathak,2026-09-25 06:06:00.656000,0.94058,2889
2890,16943357,kpsarn,2026-09-22 20:43:33.053000,0.94058,2889
2891,16888375,PhalacrocoraxCarbo,2026-09-15 00:54:27.383000,0.94058,2889
2892,16810459,Hoso Badalyan,2026-09-26 11:37:21.183000,0.94058,2889
2893,16889213,Struggler Omi,2026-09-14 08:15:30.886000,0.94058,2889
2894,16986434,FenicP,2026-09-29 18:26:49.033000,0.94058,2889
2895,16922262,BODJRENOU Marcellin Vignon,2026-09-30 20:25:21.903000,0.94058,2889
2896,16910921,Artyom,2026-09-17 09:29:17.293000,0.94057,2896
2897,16885584,Dushmilan,2026-09-13 11:13:54.826000,0.94057,2896
2898,16803869,Kevin Villeda De Leon,2026-09-01 17:50:31.453000,0.94056,2898
2899,16801812,Jonathan Gusching,2026-09-01 12:57:24.096000,0.94056,2898
2900,16830545,Petchiammal Devi,2026-09-21 12:06:39.033000,0.94056,2898
2901,16944431,Teresa Ferrill,2026-09-23 04:28:56.590000,0.94056,2898
2902,16884895,dawn0618,2026-09-22 09:14:23.783000,0.94056,2898
2903,16868039,Lev Beloussov,2026-09-11 20:18:40.713000,0.94056,2898
2904,16832100,Stormy.kaggle,2026-09-04 19:08:15.696000,0.94056,2898
2905,16810461,Bekama Regasa Negewo,2026-09-03 06:20:41.136000,0.94055,2905
2906,16848414,Yossef Elshamy,2026-09-08 04:49:51.430000,0.94055,2905
2907,16803809,ElenaSuperWoman,2026-09-01 16:28:28.396000,0.94055,2905
2908,16855421,REVANTH CHOWDARY AREKATLA,2026-09-09 17:07:24.550000,0.94055,2905
2909,16895816,Akrome,2026-09-22 00:19:44.380000,0.94055,2905
2910,16840350,Mikołaj Dybizbański,2026-09-08 12:33:12.383000,0.94054,2910
2911,16805389,Emir Delipınar,2026-09-01 20:55:22.153000,0.94054,2910
2912,16846170,Sentinels,2026-09-07 06:40:58.570000,0.94054,2910
2913,16805088,Ankita Gupta,2026-09-14 18:05:58.483000,0.94054,2910
2914,16927937,Hyeon Seo Yong,2026-09-22 06:50:53.313000,0.94054,2910
2915,16826596,陈思危大王,2026-09-04 07:33:32.190000,0.94054,2910
2916,16846395,Davit Khantadze,2026-09-11 13:42:39.316000,0.94054,2910
2917,16885857,Y1Jun0000,2026-09-15 01:45:02.230000,0.94053,2917
2918,16845270,Kacper Lipiec,2026-09-07 08:09:20.010000,0.94053,2917
2919,16868880,Denis Zhuk,2026-09-11 08:25:41.420000,0.94053,2917
2920,16844637,Azzam,2026-09-06 19:23:22.380000,0.94053,2917
2921,16974620,Max Yap,2026-09-28 19:26:14.670000,0.94053,2917
2922,16839273,Junya _318,2026-09-09 14:32:49.063000,0.94052,2922
2923,16927052,zhjian duan,2026-09-30 12:50:21.970000,0.94052,2922
2924,16881055,Kentsik,2026-09-12 12:30:30.646000,0.94052,2922
2925,16931015,Adi Nath Bhawani,2026-09-21 08:42:08.790000,0.94052,2922
2926,16857845,Himanshu Dhiman,2026-09-09 04:04:09.283000,0.94052,2922
2927,16908690,özgür can doğan,2026-09-16 21:29:11.580000,0.94052,2922
2928,16889915,Anunake Yaipongsakorn,2026-09-14 07:13:53.763000,0.94052,2922
2929,16891446,Actuallyhrishi,2026-09-15 13:48:51.770000,0.94052,2922
2930,16805233,Ryan Dave Fernandes,2026-09-06 08:23:47.530000,0.94051,2930
2931,16888726,Ankit Kumar,2026-09-14 06:12:09.373000,0.94051,2930
2932,16894893,roa0605,2026-09-15 08:42:18.680000,0.94051,2930
2933,16893034,600944_ธนวัฒน์,2026-09-15 11:32:14.613000,0.94051,2930
2934,16879834,蔵田雄基,2026-09-25 23:30:47.713000,0.9405,2934
2935,16925917,Ayush90Sharma,2026-09-19 16:37:52.200000,0.9405,2934
2936,16808968,Aditya Kamtikar,2026-09-02 13:55:41.656000,0.9405,2934
2937,16924537,malek2375,2026-09-27 18:09:33.426000,0.9405,2934
2938,16838573,huanxian chen,2026-09-10 07:50:31.420000,0.9405,2934
2939,16893236,احمد احمد,2026-09-14 22:52:50.603000,0.9405,2934
2940,16810465,DavitPoghosyan2007,2026-09-04 16:42:52.666000,0.9405,2934
2941,16979815,CAU53744-T06,2026-09-30 13:39:58.210000,0.94049,2941
2942,16845650,zzzzzql,2026-09-16 02:38:51.176000,0.94049,2941
2943,16940780,Ashmit Rana,2026-09-23 12:20:50.236000,0.94049,2941
2944,16980379,Roshan Vishwanath,2026-09-28 18:55:19.446000,0.94049,2941
2945,16980289,Gabriel Oliveira011,2026-09-30 19:57:34.936000,0.94049,2941
2946,16807235,AdityaRai,2026-09-22 06:07:27.706000,0.94049,2941
2947,16864551,[Deleted] 3f8a9d58-59d4-46a5-9e1d-5bb70f7c9c09,2026-09-10 06:06:53.453000,0.94049,2941
2948,16951755,Munesh Kumar,2026-09-27 15:42:39.833000,0.94049,2941
2949,16934857,Carl Emil Gadegaard Gjørup,2026-09-21 08:58:34.430000,0.94049,2941
2950,16976183,MANE SAMARTH SUNIL,2026-09-29 10:20:14.656000,0.94048,2950
2951,16959330,LOHAR OM RAJENDRA,2026-09-29 08:48:12.553000,0.94048,2950
2952,16897011,Shivansh Mehrotra,2026-09-17 12:18:47.956000,0.94048,2950
2953,16822536,Chinedum Chijindu,2026-09-29 12:13:17.633000,0.94048,2950
2954,16859703,Giorgos Lymperis,2026-09-13 22:47:46.760000,0.94048,2950
2955,16799142,mcotton,2026-09-08 21:16:09.593000,0.94048,2950
2956,16971627,Tiana Verma,2026-09-27 15:39:10.976000,0.94048,2950
2957,16933284,peng duan,2026-09-22 07:23:43.266000,0.94048,2950
2958,16926251,Артём Мелёхин,2026-09-19 17:54:53.700000,0.94048,2950
2959,16954214,shoheimoriyama,2026-09-24 14:12:12.413000,0.94048,2950
2960,16943018,TarunSingh2002,2026-09-29 21:35:48.500000,0.94047,2960
2961,16798912,Elnur Bairamov,2026-09-10 02:34:03.066000,0.94047,2960
2962,16833306,JC Alicaway,2026-09-17 23:26:13.793000,0.94047,2960
2963,16822737,Shaurya Handu,2026-09-03 18:26:58.423000,0.94047,2960
2964,16855296,Akash Kailas Nagdive,2026-09-10 05:44:27.133000,0.94047,2960
2965,16886106,porzlck,2026-09-14 09:55:34.653000,0.94046,2965
2966,16877450,Ansh Mahoviya,2026-09-30 06:29:52.650000,0.94045,2966
2967,16978859,okaynotok,2026-09-30 12:14:10.896000,0.94045,2966
2968,16866812,Rishi Jha,2026-09-10 14:28:40.440000,0.94044,2968
2969,16808632,Emmanuel Felix,2026-09-02 14:39:40.950000,0.94044,2968
2970,16875810,Prabhat Lodhi,2026-09-19 11:38:34.646000,0.94044,2968
2971,16881796,Humayra Afia,2026-09-12 15:54:29.856000,0.94044,2968
2972,16933392,Sk Mastansaheb ,2026-09-21 04:03:06.746000,0.94044,2968
2973,16861845,Yash Sansare,2026-09-30 15:21:22.670000,0.94044,2968
2974,16881492,Niccolò Dell'Agnello,2026-09-12 16:34:06.680000,0.94043,2974
2975,16852940,bmax16634,2026-09-11 18:42:47.373000,0.94043,2974
2976,16805461,OTA_1,2026-09-11 15:26:00.050000,0.94042,2976
2977,16887798,Wade2615,2026-09-14 03:04:28.933000,0.94042,2976
2978,16805529,Brisa Marina,2026-09-07 00:39:53.686000,0.94042,2976
2979,16805981,Loretta Kovács,2026-09-29 18:55:11.483000,0.94042,2976
2980,16840476,Qingge96,2026-09-05 16:39:49.730000,0.94042,2976
2981,16812617,fixedstarK,2026-09-03 17:14:21.376000,0.94042,2976
2982,16799075,Monique Senjaya,2026-09-01 09:56:42.373000,0.94041,2982
2983,16808669,SriAliasBobby,2026-09-21 19:23:41.446000,0.94041,2982
2984,16865943,Okeanu Michael,2026-09-24 16:41:51.133000,0.94041,2982
2985,16823491,Dana,2026-09-03 21:10:38.526000,0.94041,2982
2986,16840457,都甲健翔,2026-09-08 10:25:35.096000,0.9404,2986
2987,16965871,Mouleshwar Saravanan,2026-09-28 15:32:32.203000,0.9404,2986
2988,16805227,Lucius Neo,2026-09-04 16:54:23.420000,0.9404,2986
2989,16823984,Ibhi Yassine,2026-09-14 11:43:39.626000,0.9404,2986
2990,16799847,有浦大貴,2026-09-07 04:54:25.896000,0.9404,2986
2991,16927528,석유한사발,2026-09-22 10:05:51.310000,0.94039,2991
2992,16893088,حمود الجرمي,2026-09-15 22:40:44.050000,0.94039,2991
2993,16936379,Vinit Prohitham,2026-09-24 16:13:05.443000,0.94039,2991
2994,16934926,shivam maharanwar,2026-09-21 09:42:19.503000,0.94039,2991
2995,16866832,MohammadEsmaeil Nikbakhsh,2026-09-11 19:39:12.120000,0.94039,2991
2996,16973295,Meet,2026-09-27 20:11:31.906000,0.94038,2996
2997,16887321,Lonnie,2026-09-14 00:43:26.606000,0.94038,2996
2998,16802689,Andrey K.,2026-09-01 16:49:02.126000,0.94038,2996
2999,16845070,Saif_Ashraf,2026-09-10 08:38:18.733000,0.94038,2996
3000,16802685,Luca Lullo,2026-09-30 17:42:29.666000,0.94038,2996
3001,16924686,Erik.M,2026-09-19 13:12:24.796000,0.94038,2996
3002,16905875,NYIRIHIRWE Olivier,2026-09-16 12:06:16.126000,0.94038,2996
3003,16810130,Sivu_Nzimeni,2026-09-23 19:01:57.733000,0.94037,3003
3004,16823320,Orlando Virginio Penha Junior,2026-09-29 00:46:25.900000,0.94037,3003
3005,16916763,Rishabh_1112,2026-09-27 15:09:34.850000,0.94036,3005
3006,16839806,Довыдовский Назар,2026-09-05 18:20:56.066000,0.94036,3005
3007,16806021,Yung Kam Lun,2026-09-02 05:49:58.036000,0.94035,3007
3008,16879449,Devarsh203shah,2026-09-19 09:14:21.336000,0.94035,3007
3009,16921067,Nguyễn Cường,2026-09-19 05:04:57.760000,0.94035,3007
3010,16854511,Renan Braga,2026-09-14 17:13:16.040000,0.94035,3007
3011,16805711,shinchisaito,2026-09-02 01:01:03.830000,0.94035,3007
3012,16925042,Arjun,2026-09-19 11:27:29.966000,0.94034,3012
3013,16886663,surya prakash Nayak2,2026-09-14 05:22:25.073000,0.94034,3012
3014,16933458,menuka prasad,2026-09-27 11:02:17.753000,0.94034,3012
3015,16842525,Bandi04a,2026-09-20 10:36:43.833000,0.94033,3015
3016,16953827,Kouk70,2026-09-24 14:33:11.070000,0.94033,3015
3017,16799358,Faria Shahid,2026-09-08 06:21:46.586000,0.94033,3015
3018,16989032,24F3005230,2026-09-30 07:32:43.296000,0.94032,3018
3019,16800841,OmeiOgami,2026-09-01 11:14:29.856000,0.94032,3018
3020,16860240,Tanuj Saxena,2026-09-09 12:34:22.416000,0.94032,3018
3021,16916860,Aribaa.s,2026-09-17 20:53:40.373000,0.94031,3021
3022,16840732,Артём Попов,2026-09-21 10:53:09.336000,0.94031,3021
3023,16875727,David Pintea,2026-09-24 15:58:31.983000,0.94031,3021
3024,16803239,Mohammed Nafay Ali,2026-09-03 04:12:04.753000,0.94031,3021
3025,16829765,George Othon,2026-09-06 01:26:16.173000,0.9403,3025
3026,16916537,Hüseyin Karaduman,2026-09-18 12:32:01.350000,0.9403,3025
3027,16927806,Mick Yama,2026-09-22 06:25:14.440000,0.9403,3025
3028,16954726,Matsuda Kenta,2026-09-26 03:24:32.496000,0.94029,3028
3029,16979710,Sai Prabhav (Sai Prabhav),2026-09-28 17:54:39.683000,0.94029,3028
3030,16926853,Antti Toivanen,2026-09-21 15:18:07.196000,0.94029,3028
3031,16954594,JoaquínVC,2026-09-24 18:17:10.700000,0.94028,3031
3032,16950262,Павел Ким,2026-09-24 03:04:56.746000,0.94028,3031
3033,16946889,Yao Yingying12,2026-09-30 12:57:02.633000,0.94028,3031
3034,16805239,Kamil Nazarli,2026-09-15 12:05:05.883000,0.94028,3031
3035,16867812,Priya yadav,2026-09-10 18:13:33,0.94028,3031
3036,16937947,Mohammad Hosein Mozafary,2026-09-25 19:34:35.140000,0.94027,3036
3037,16799853,Aum Patel 131,2026-09-02 03:56:00.870000,0.94027,3036
3038,16858056,Karolos Liveris,2026-09-09 05:54:39.950000,0.94027,3036
3039,16858596,Christian Kent Bayani,2026-09-16 22:30:47.830000,0.94026,3039
3040,16897584,Thibault KOBLER,2026-09-24 15:29:37.560000,0.94026,3039
3041,16909911,Rahul Kumar Singh,2026-09-17 09:27:04.090000,0.94026,3039
3042,16859184,CHEN Qiyue,2026-09-09 09:46:27.306000,0.94026,3039
3043,16881089,craig sid,2026-09-13 10:27:08.706000,0.94025,3043
3044,16806574,吉澤　隆生,2026-09-24 09:31:28.593000,0.94025,3043
3045,16877664,fursbi,2026-09-12 19:08:39.163000,0.94025,3043
3046,16830905,Xhxxcc,2026-09-08 08:54:15.673000,0.94025,3043
3047,16843900,Dharin Dave,2026-09-09 17:49:08.983000,0.94024,3047
3048,16831932,Kelimm,2026-09-11 18:38:16.036000,0.94024,3047
3049,16819882,eisu_kgl,2026-09-12 14:41:47.066000,0.94024,3047
3050,16845957,Zaine Ancheta,2026-09-07 16:26:52.390000,0.94023,3050
3051,16859188,Avichal,2026-09-21 19:35:09.413000,0.94023,3050
3052,16876317,AsrielA,2026-09-16 23:26:18.523000,0.94023,3050
3053,16878057,Kayrahan sarnıç,2026-09-17 22:14:44.226000,0.94023,3050
3054,16965401,Sihai1993,2026-09-26 22:05:11.930000,0.94023,3050
3055,16828370,Antonio Paul,2026-09-04 17:05:32.353000,0.94022,3055
3056,16843326,Chirel Chi,2026-09-07 14:32:01.743000,0.94022,3055
3057,16860836,Dong,2026-09-22 00:44:30.226000,0.94021,3057
3058,16879457,Shiddu Kuppast,2026-09-22 14:33:58.066000,0.94021,3057
3059,16984406,xxluo13,2026-09-29 14:29:52.720000,0.94021,3057
3060,16897205,im425090,2026-09-23 09:54:56.410000,0.94021,3057
3061,16872131,yalmawka,2026-09-14 18:39:41.216000,0.9402,3061
3062,16798919,Gopi Krishnan R,2026-09-01 16:55:00.810000,0.9402,3061
3063,16921721,Vivek Saravanan,2026-09-28 03:43:30.940000,0.94019,3063
3064,16848389,Eric,2026-09-20 08:24:16.800000,0.94019,3063
3065,16871374,Steven Zhu,2026-09-11 08:20:18.796000,0.94019,3063
3066,16849461,Israa Saede,2026-09-12 13:39:02.986000,0.94019,3063
3067,16968552,Guy Movshovich,2026-09-27 08:42:02.153000,0.94019,3063
3068,16932347,Ankur Agarwal,2026-09-20 21:33:48.676000,0.94018,3068
3069,16802086,Prakash,2026-09-10 16:43:16.353000,0.94018,3068
3070,16924617,Aditi Joshi,2026-09-19 11:27:13.100000,0.94017,3070
3071,16832489,Sarp Esenli,2026-09-04 20:38:31.963000,0.94017,3070
3072,16908966,Wei Hao Chan,2026-09-22 20:49:11.250000,0.94017,3070
3073,16907842,Shahid Hussain,2026-09-16 22:31:49.026000,0.94017,3070
3074,16897275,Csylon,2026-09-25 12:28:25.233000,0.94017,3070
3075,16860865,Rohith J,2026-09-26 19:48:54.816000,0.94016,3075
3076,16840931,Aaliyan_Shaikh,2026-09-21 18:29:05.623000,0.94014,3076
3077,16861035,Gauri Maruti Katkar,2026-09-09 14:22:28.103000,0.94013,3077
3078,16992886,CAU53744-T07,2026-09-30 17:42:34.130000,0.94013,3077
3079,16864942,Dhruv Chakraborty,2026-09-10 10:23:26.716000,0.94013,3077
3080,16799219,Samekto,2026-09-01 03:57:47.426000,0.94012,3080
3081,16814301,Nilesh Singh,2026-09-04 07:14:22.950000,0.94012,3080
3082,16981185,TAKANORI ANDO,2026-09-28 22:20:59.060000,0.94012,3080
3083,16986805,Nadia de Santiago,2026-09-29 20:20:00.616000,0.94012,3080
3084,16886608,Mayuresh Mane,2026-09-14 08:16:28.903000,0.94012,3080
3085,16905952,Daniya_prakasham,2026-09-28 10:32:46.576000,0.94012,3080
3086,16805031,arend jansen,2026-09-06 19:07:39.050000,0.94011,3086
3087,16822670,AndNov,2026-09-20 09:49:02.060000,0.94011,3086
3088,16985519,CAU53744-T04,2026-09-30 15:51:24.740000,0.9401,3088
3089,16809424,Doodle Peach,2026-09-03 14:25:58.866000,0.9401,3088
3090,16951202,Savirigana Swami,2026-09-26 11:51:58.076000,0.94009,3090
3091,16920840,taiki,2026-09-27 13:57:59.220000,0.94009,3090
3092,16933133,Sponetics,2026-09-21 03:17:48.790000,0.94009,3090
3093,16942136,Audi Stephen,2026-09-30 13:11:24.263000,0.94008,3093
3094,16930733,Kirti K,2026-09-21 17:06:54.716000,0.94008,3093
3095,16916945,Knixee,2026-09-18 17:44:33.213000,0.94008,3093
3096,16842741,Ilya Den,2026-09-13 20:49:09.063000,0.94008,3093
3097,16915503,Hoai Tran Huynh Bao,2026-09-21 14:08:03.136000,0.94008,3093
3098,16857786,sanobertin,2026-09-29 22:27:42.343000,0.94007,3098
3099,16963720,PrinceRj,2026-09-26 10:53:50.393000,0.94006,3099
3100,16808827,Joel Rautavaara,2026-09-02 12:40:48.560000,0.94006,3099
3101,16971641,yuu0252,2026-09-27 11:43:12.546000,0.94005,3101
3102,16810998,De Marchi Fabio,2026-09-30 20:56:23.866000,0.94005,3101
3103,16919525,Dhia Mrabet,2026-09-18 14:34:02.973000,0.94005,3101
3104,16852548,Kunal_Anand7222,2026-09-08 05:29:01.593000,0.94004,3104
3105,16810453,Arsen Ishkhanian,2026-09-02 18:32:02.930000,0.94004,3104
3106,16802339,Yashika202006,2026-09-19 16:37:32.010000,0.94002,3106
3107,16941395,brinzazxc,2026-09-26 16:21:06.906000,0.94001,3107
3108,16925922,Rohan Kumar,2026-09-20 06:25:00.420000,0.94001,3107
3109,16881274,Jinfang Zhang,2026-09-30 15:45:59.663000,0.93999,3109
3110,16838545,Văn FIFA,2026-09-06 01:37:48.270000,0.93998,3110
3111,16894130,itmirsx,2026-09-15 03:43:49.466000,0.93997,3111
3112,16806595,chuan-chih,2026-09-03 06:27:07.336000,0.93997,3111
3113,16875784,Rawat Harsh,2026-09-29 15:52:41.006000,0.93996,3113
3114,16866600,Buzzo666,2026-09-11 14:40:54.036000,0.93994,3114
3115,16881063,KevinBastawrous,2026-09-12 14:07:31.803000,0.93994,3114
3116,16817864,ultrayyy,2026-09-22 13:09:57.510000,0.93993,3116
3117,16954327,Samuel Uraj,2026-09-29 19:40:34.910000,0.93992,3117
3118,16800107,masayasuonodera,2026-09-30 15:38:23.216000,0.93991,3118
3119,16853385,Eshan Osman,2026-09-10 11:00:54.746000,0.9399,3119
3120,16929667,kirill,2026-09-20 13:52:53.756000,0.93989,3120
3121,16850442,ElvisHe,2026-09-23 21:06:02.303000,0.93988,3121
3122,16966839,Yang Zhou,2026-09-26 11:52:37.906000,0.93987,3122
3123,16904968,Macoo68,2026-09-18 05:30:27.213000,0.93985,3123
3124,16920271,MGi2911,2026-09-19 10:07:52.906000,0.93984,3124
3125,16804049,Vijesh Kumar 45,2026-09-08 11:19:40.833000,0.93984,3124
3126,16856109,Zakaria Hanir,2026-09-08 19:25:20.933000,0.93982,3126
3127,16963562,Rishi Enugala,2026-09-25 23:54:33.616000,0.93981,3127
3128,16904236,Abhra Jaiswal,2026-09-21 15:15:19.150000,0.93979,3128
3129,16881713,R4N99a NGRO,2026-09-12 16:41:52.693000,0.93978,3129
3130,16847252,yxxchh,2026-09-07 11:59:28.206000,0.93978,3129
3131,16865441,HendraDanuSaputraChauwito,2026-09-10 09:31:04.276000,0.93976,3131
3132,16890002,Pjankov_Mikhail_3384,2026-09-14 16:10:36.346000,0.93975,3132
3133,16842799,VaishnxviUchiha_,2026-09-06 09:40:02.966000,0.93975,3132
3134,16800206,KenRit,2026-09-03 10:41:34.096000,0.93975,3132
3135,16967335,Jai Agrawal,2026-09-30 09:38:38.316000,0.93973,3135
3136,16802321,rail2478,2026-09-30 20:01:13.820000,0.93972,3136
3137,16922939,SAKSHAM CHAUHAN,2026-09-19 17:12:08.973000,0.93972,3136
3138,16845212,Zhang Ying,2026-09-23 14:30:37.630000,0.9397,3138
3139,16799449,Dhol_Aman,2026-09-01 06:21:50.913000,0.93968,3139
3140,16799464,Ryota Tanaka,2026-09-10 22:16:54.483000,0.93968,3139
3141,16952863,Chappa Rajesh,2026-09-26 12:11:43.480000,0.93967,3141
3142,16808999,Magnus,2026-09-04 09:42:07.153000,0.93966,3142
3143,16862273,kogul s,2026-09-09 18:55:12.913000,0.93965,3143
3144,16805823,sunset7651,2026-09-30 21:24:10.163000,0.93965,3143
3145,16926087,Haadi Tasleem Zargar,2026-09-20 05:58:53.630000,0.93964,3145
3146,16921571,Abdulrahman Alhendi,2026-09-25 14:22:07.720000,0.93963,3146
3147,16951179,Venkata Rao Reddy,2026-09-26 11:32:17.496000,0.93962,3147
3148,16943498,Samaya Ranjan Behera,2026-09-30 12:20:21.946000,0.93958,3148
3149,16993091,Oye Kn khabar,2026-09-30 17:59:54.476000,0.93958,3148
3150,16799222,izumi600,2026-09-01 09:09:00.510000,0.93957,3150
3151,16803006,DDQQ,2026-09-04 13:10:50.180000,0.93956,3151
3152,16859694,priya@1234556,2026-09-09 10:57:58.390000,0.93954,3152
3153,16885833,Sergiy Kazanin,2026-09-13 19:35:27.063000,0.93953,3153
3154,16873030,TanoPereira,2026-09-11 16:06:40.830000,0.93953,3153
3155,16802309,funtik,2026-09-17 13:37:22.143000,0.93952,3155
3156,16827814,ShivanshDut,2026-09-04 11:00:31.543000,0.9395,3156
3157,16848589,Chirayu Gupta09,2026-09-07 21:34:45.080000,0.9395,3156
3158,16890769,Nikolay,2026-09-25 15:35:42.753000,0.9395,3156
3159,16885856,Công Nguyễn Chí,2026-09-13 12:32:46.956000,0.93949,3159
3160,16959177,Jeremias Cabrera,2026-09-26 02:32:06.990000,0.93947,3160
3161,16936846,Yuichi Yoshino,2026-09-27 13:01:17.390000,0.93947,3160
3162,16896882,Billy Koech,2026-09-16 12:27:41.186000,0.93947,3160
3163,16930525,Ali Hanapiah,2026-09-22 07:57:45.316000,0.93941,3163
3164,16842123,Vecheslav Eremeev,2026-09-06 05:36:57.483000,0.93939,3164
3165,16885144,Fail-Safe,2026-09-13 18:01:47.803000,0.93939,3164
3166,16799183,Jesmi George,2026-09-08 17:47:38.353000,0.93939,3164
3167,16944374,kyuuuuro,2026-09-23 04:48:56.106000,0.93937,3167
3168,16821189,Vlodus,2026-09-09 14:14:56.800000,0.93935,3168
3169,16851300,yousef Elshahat,2026-09-10 15:23:47.936000,0.93932,3169
3170,16975730,amna zahid30,2026-09-28 05:18:27.756000,0.93928,3170
3171,16943182,João Augusto P. Batista,2026-09-28 11:50:18.393000,0.93917,3171
3172,16838813,Baidurya Bhattacharyya,2026-09-08 16:27:11.453000,0.93917,3171
3173,16855426,Baptiste Lesne,2026-09-08 20:02:32.036000,0.93914,3173
3174,16832543,Tyler C,2026-09-04 20:56:42.596000,0.93914,3173
3175,16809450,Koceilla Yousfi,2026-09-22 07:42:43.616000,0.93914,3173
3176,16802827,Mina Niazizadeh,2026-09-01 16:23:38.356000,0.93913,3176
3177,16924614,Aditya Majumdar,2026-09-20 10:59:09.156000,0.9391,3177
3178,16848665,Chelsi Ranjan,2026-09-30 17:45:09.623000,0.9391,3177
3179,16869561,Andrés de la Roca,2026-09-11 21:52:22.836000,0.93908,3179
3180,16854051,vynie1605,2026-09-08 12:29:23.956000,0.93907,3180
3181,16843715,puruchinera,2026-09-08 00:14:35.086000,0.93907,3180
3182,16917359,Rodion Kholodaev,2026-09-19 18:49:19.283000,0.93904,3182
3183,16847847,Mahyar Rajaei,2026-09-07 14:24:22.866000,0.93902,3183
3184,16865603,Bhagyashri Raut21,2026-09-10 11:25:48.723000,0.93901,3184
3185,16966794,Francesco Albanese,2026-09-30 16:54:11.396000,0.93891,3185
3186,16926541,Austin Bermingham,2026-09-20 00:43:16.573000,0.9389,3186
3187,16937264,Tien Nguyen,2026-09-21 16:59:52.370000,0.93889,3187
3188,16966359,Ashutosh Dhamania,2026-09-30 16:40:50.650000,0.93889,3187
3189,16915815,Mit Mhatre,2026-09-22 07:54:31.230000,0.93887,3189
3190,16810931,DP,2026-09-30 22:56:58.126000,0.93887,3189
3191,16805256,Manuk Mkheyan,2026-09-26 09:38:02.543000,0.93887,3189
3192,16919687,Богдан Лаптев,2026-09-18 10:37:36.463000,0.93886,3192
3193,16807901,Tracy Porter,2026-09-02 15:37:45.833000,0.93884,3193
3194,16957502,Rabindra Thakur,2026-09-25 20:36:17.280000,0.93884,3193
3195,16971971,Ranjana,2026-09-27 12:31:17.256000,0.93884,3193
3196,16963065,Tensor,2026-09-26 07:22:13.426000,0.93884,3193
3197,16970518,gigint,2026-09-27 08:17:48.273000,0.93883,3197
3198,16810281,Manas yadav001,2026-09-16 12:56:46.213000,0.9388,3198
3199,16868272,Md Intishar,2026-09-13 14:46:27.633000,0.93873,3199
3200,16876799,pocapoca,2026-09-12 05:24:23.890000,0.93869,3200
3201,16880221,Dev Chandra Adhikari,2026-09-21 13:17:52.633000,0.93865,3201
3202,16880255,thanhbt25,2026-09-14 09:06:24.706000,0.93849,3202
3203,16843576,Chandrashekar,2026-09-06 16:46:46.913000,0.93842,3203
3204,16899255,Allie Shuldman,2026-09-16 02:03:41.196000,0.9383,3204
3205,16914315,Shashwat Awate,2026-09-24 09:28:04.166000,0.93829,3205
3206,16979348,Ayush Mishra #2,2026-09-29 03:51:31.100000,0.93828,3206
3207,16854975,Lukas Maximo,2026-09-29 20:51:04.290000,0.93826,3207
3208,16953897,Montu1,2026-09-30 18:15:12.350000,0.9382,3208
3209,16965866,WeiJie123@,2026-09-30 12:28:31.660000,0.93819,3209
3210,16831119,MSAADI ABDELLAH,2026-09-05 01:10:05.800000,0.93817,3210
3211,16852531,seo3770,2026-09-28 06:10:20.043000,0.93815,3211
3212,16934003,Kishan,2026-09-21 09:33:42.110000,0.93808,3212
3213,16833077,Thomas Deng,2026-09-04 23:23:41.853000,0.93808,3212
3214,16976483,Coder_Danil,2026-09-29 15:00:11.006000,0.93804,3214
3215,16885937,Kylian Dictador,2026-09-19 11:24:27.156000,0.93803,3215
3216,16915044,Bertrand Pigeon,2026-09-18 12:56:09.800000,0.93802,3216
3217,16801853,Mutahar,2026-09-07 20:31:14.053000,0.93801,3217
3218,16805274,sh1nd3l,2026-09-19 19:55:39.316000,0.93796,3218
3219,16889301,Bobby Kumar,2026-09-15 05:42:05.173000,0.93792,3219
3220,16802806,Akniet,2026-09-07 17:35:27.573000,0.93792,3219
3221,16830307,Padamata Dhanush,2026-09-06 13:09:10.766000,0.93791,3221
3222,16930346,ascsass,2026-09-22 01:22:18.263000,0.93783,3222
3223,16844980,OTA_2,2026-09-08 08:12:12.850000,0.93776,3223
3224,16921525,burblingbrooks,2026-09-18 23:15:46.466000,0.93774,3224
3225,16855826,Nathan Gilman1,2026-09-10 18:13:31.646000,0.93773,3225
3226,16860273,SHY舒O=v=O,2026-09-25 12:34:21.610000,0.93772,3226
3227,16921929,Iesus Davila,2026-09-19 20:27:22.306000,0.93772,3226
3228,16811809,Samu War,2026-09-16 03:17:16.636000,0.93771,3228
3229,16810841,christopher obuchere,2026-09-17 19:35:07.123000,0.93765,3229
3230,16815407,SIVA S,2026-09-30 07:27:03.513000,0.93764,3230
3231,16808435,Barbagrande007,2026-09-05 12:43:34.066000,0.93763,3231
3232,16892359,Juan Miguel Vilar,2026-09-28 16:40:24.430000,0.93755,3232
3233,16871711,yuanyizz,2026-09-21 12:58:32.350000,0.93752,3233
3234,16874902,Joshua Thos,2026-09-13 13:36:03.783000,0.93752,3233
3235,16974292,Satya Sai Koppalu,2026-09-28 05:35:51.166000,0.93751,3235
3236,16920285,deequoique Wang,2026-09-18 15:25:53.120000,0.93748,3236
3237,16885881,Timur Çakmakoğlu,2026-09-14 14:30:41.723000,0.93747,3237
3238,16938320,Dean Vaitsos,2026-09-21 21:15:11.023000,0.93746,3238
3239,16827616,YWY2002,2026-09-23 15:04:22.390000,0.93745,3239
3240,16829784,Tyom Papiyan,2026-09-04 12:41:49.066000,0.93744,3240
3241,16908845,Uğur Gümüş,2026-09-18 14:20:06.170000,0.93744,3240
3242,16814031,Anis Rashidov,2026-09-03 14:05:14.476000,0.93743,3242
3243,16932253,Pella,2026-09-21 03:43:11.126000,0.9374,3243
3244,16844806,Jean Deutchoua,2026-09-09 12:12:55.683000,0.93739,3244
3245,16849794,Sidharth AS,2026-09-30 16:47:14.766000,0.93738,3245
3246,16844065,Srikar Uppuluri,2026-09-30 03:05:35.026000,0.93738,3245
3247,16808487,momomoran,2026-09-02 14:07:33.486000,0.93737,3247
3248,16975735,k240040 Shahzaib,2026-09-28 05:13:14.136000,0.93734,3248
3249,16832270,coolngr8,2026-09-16 15:10:49.046000,0.93733,3249
3250,16799322,Shubham Nayak,2026-09-01 14:47:00.896000,0.93733,3249
3251,16870832,David Uribe,2026-09-18 04:54:52.976000,0.93733,3249
3252,16862261,Mykyta,2026-09-16 18:51:31.370000,0.93731,3252
3253,16855076,Muhammad Zaki Zulhamlizar,2026-09-08 17:19:17.013000,0.93731,3252
3254,16916106,Ashish Singh 1987,2026-09-19 14:32:56.623000,0.93731,3252
3255,16843174,Milan Nagy,2026-09-28 20:16:50.573000,0.93731,3252
3256,16808966,kaka m8n,2026-09-03 18:20:08.850000,0.9373,3256
3257,16799497,Leneen,2026-09-08 15:35:57.186000,0.9373,3256
3258,16973576,SHAMIK BHATTACHARJEE,2026-09-27 17:44:41.366000,0.93728,3258
3259,16919203,seaweedbrain,2026-09-18 09:37:16.690000,0.93728,3258
3260,16866829,Tien Thang Mai,2026-09-10 15:09:02.856000,0.93728,3258
3261,16954968,KANASE HARSHAL,2026-09-24 18:18:38.176000,0.93728,3258
3262,16964767,Swapnil Parekar,2026-09-26 02:43:18.326000,0.93728,3258
3263,16871073,Slug,2026-09-11 07:54:10.106000,0.93725,3263
3264,16827597,Harsh Saharan,2026-09-11 04:41:33.606000,0.93722,3264
3265,16843931,madongping,2026-09-07 06:17:32.213000,0.93722,3264
3266,16961340,Figusama,2026-09-27 14:00:48.526000,0.93721,3266
3267,16918373,Тимофей Устюгов,2026-09-23 15:34:24.436000,0.93718,3267
3268,16810186,Kishore Kannan,2026-09-04 07:26:15.786000,0.93717,3268
3269,16826461,Debojyoti Basu,2026-09-05 13:53:55.223000,0.93716,3269
3270,16832607,burhan.hl,2026-09-29 18:11:00.226000,0.93712,3270
3271,16921162,Nikesh@Niku,2026-09-18 14:20:09.566000,0.93709,3271
3272,16934928,Buggy,2026-09-26 10:01:25.746000,0.93703,3272
3273,16860726,sgvnobxqf,2026-09-13 09:27:48.343000,0.93701,3273
3274,16960294,Shivam Singh,2026-09-27 12:20:31.320000,0.937,3274
3275,16894818,taek5205,2026-09-15 07:35:28.290000,0.93699,3275
3276,16844016,Artsiom Hancharenka,2026-09-29 17:50:25.180000,0.93696,3276
3277,16921097,FayorBolt,2026-09-18 15:26:28.203000,0.93692,3277
3278,16879100,Konain worsi,2026-09-13 13:51:29.603000,0.93692,3277
3279,16959655,mohanned zayoud,2026-09-27 12:21:24.610000,0.93691,3279
3280,16936110,Yanagiguchi,2026-09-22 11:24:38.726000,0.93691,3279
3281,16876234,G Prashant,2026-09-21 03:17:42.930000,0.93691,3279
3282,16867914,Akana Padmarao,2026-09-22 10:46:03.233000,0.93691,3279
3283,16868239,Md. Al Amin,2026-09-11 13:00:55.856000,0.93691,3279
3284,16971032,Akai Red,2026-09-28 05:10:23.623000,0.93691,3279
3285,16943284,Manoj Chandar,2026-09-30 18:09:11.480000,0.93691,3279
3286,16880838,Snehan,2026-09-12 11:07:55.763000,0.93691,3279
3287,16894100,Lu o Karen,2026-09-26 01:39:49.750000,0.93691,3279
3288,16981021,Zack Waxler,2026-09-28 22:08:11.586000,0.93691,3279
3289,16993719,Chenya Tao,2026-09-30 20:54:05.210000,0.93691,3279
3290,16865555,Niranjan Lamichhane,2026-09-18 08:17:40.613000,0.93691,3279
3291,16866074,Vlad Tkachenko,2026-09-17 12:27:57.123000,0.9369,3291
3292,16898973,Olamilekan Akintilebo,2026-09-20 19:35:58.453000,0.9369,3291
3293,16841618,Avnish Ahlawat,2026-09-06 02:12:51.936000,0.9369,3291
3294,16968041,Nish1016,2026-09-28 09:43:12.460000,0.9369,3291
3295,16714052,baseline_submission.csv,2026-08-12 18:43:47.570000,0.9369,3291
3296,16798667,Taylor S. Amarel,2026-09-02 16:47:53.530000,0.9369,3291
3297,16859362,pething,2026-09-09 12:00:05.436000,0.9369,3291
3298,16864856,Harshita Lad,2026-09-10 10:02:39.100000,0.9369,3291
3299,16860406,deltawater,2026-09-12 12:11:31.096000,0.9369,3291
3300,16895735,mwq21,2026-09-16 15:05:06.716000,0.9369,3291
3301,16906896,DmitryFedoseenko,2026-09-16 16:32:05.610000,0.9369,3291
3302,16943151,RaghavanS7777,2026-09-22 18:26:29.106000,0.9369,3291
3303,16894451,tea oblea (Oblea tea),2026-09-26 14:49:25.303000,0.9369,3291
3304,16984771,JiayinMM,2026-09-30 09:33:39.673000,0.9369,3291
3305,16832417,Anjali Khantaal,2026-09-07 19:00:07.456000,0.9369,3291
3306,16972557,song he1228,2026-09-27 15:20:07.600000,0.9369,3291
3307,16855425,Mukund Krishna,2026-09-19 13:54:36.583000,0.9369,3291
3308,16824877,DwijitDasari,2026-09-04 13:11:42.213000,0.9369,3291
3309,16810433,Faruk Alıç,2026-09-02 20:00:51.656000,0.9369,3291
3310,16804806,Priyanshu Mishra,2026-09-08 15:35:36.813000,0.9369,3291
3311,16823647,Christian F. Badillo H.,2026-09-04 02:47:57.966000,0.9369,3291
3312,16802654,Dmitry C4be,2026-09-01 12:52:57.133000,0.93689,3312
3313,16838875,rsIntelligence,2026-09-05 07:42:40.793000,0.93689,3312
3314,16893113,Anjula Amarakoon,2026-09-19 08:47:49.190000,0.93689,3312
3315,16991768,岸本万奈,2026-09-30 17:49:53.210000,0.93689,3312
3316,16908324,Mamba_FENG,2026-09-17 19:10:42.643000,0.93689,3312
3317,16846682,ntxmai_hd,2026-09-08 12:38:25.310000,0.93689,3312
3318,16854614,冲冲冲高,2026-09-09 14:02:56.043000,0.93689,3312
3319,16919960,Герман Мазздам,2026-09-20 12:46:43.226000,0.93689,3312
3320,16809231,Takayanagi Sensei,2026-09-04 15:34:38.836000,0.93686,3320
3321,16882759,Chelsie Minor,2026-09-26 18:39:26.306000,0.93685,3321
3322,16805450,aWright,2026-09-16 18:18:01.936000,0.93685,3321
3323,16829681,Adrian Luu,2026-09-04 13:07:48.660000,0.93685,3321
3324,16856576,Alex O'Brien,2026-09-29 18:58:38.010000,0.93684,3324
3325,16894189,AlexS814,2026-09-15 12:22:45.520000,0.93682,3325
3326,16822910,Amit Roy Antu,2026-09-04 08:48:01.460000,0.93678,3326
3327,16884246,Sohail Ahmed,2026-09-20 11:46:50.666000,0.93678,3326
3328,16870248,Philip Ross,2026-09-18 22:07:03.696000,0.93677,3328
3329,16820326,benpython,2026-09-03 16:27:23.036000,0.93673,3329
3330,16855618,kaustuk rathod,2026-09-15 16:12:37.330000,0.93673,3329
3331,16879359,BeepBoop231,2026-09-28 03:44:58.763000,0.93673,3329
3332,16809893,Irfan Arisani,2026-09-12 03:46:59.036000,0.93672,3332
3333,16842307,Deepti Singh,2026-09-06 12:26:08.370000,0.93664,3333
3334,16803644,Philippe Coulombe,2026-09-11 15:18:21.833000,0.93664,3333
3335,16882223,Nikolai Vodolazov,2026-09-30 20:40:57.073000,0.93659,3335
3336,16805226,JiatongLi,2026-09-02 21:40:56.260000,0.93658,3336
3337,16877802,KJ,2026-09-12 02:19:38.360000,0.93656,3337
3338,16808828,vcor,2026-09-07 09:54:39.090000,0.93654,3338
3339,16803920,seamanc2016,2026-09-05 03:55:37.443000,0.93652,3339
3340,16898043,Himanshu Sharma,2026-09-28 10:08:16.196000,0.9364,3340
3341,16954113,shixingkong,2026-09-27 14:28:59.543000,0.93638,3341
3342,16825759,Nagendra Gouda 125,2026-09-06 07:49:20.516000,0.93637,3342
3343,16844201,Parthiban Elavarasan,2026-09-14 15:27:38.603000,0.93634,3343
3344,16975810,k240009 RfQ,2026-09-28 05:26:23.753000,0.93634,3343
3345,16951451,Vishnu Srivastava,2026-09-24 09:16:47.673000,0.93632,3345
3346,16823293,Troy Loeffler,2026-09-15 00:29:46.866000,0.93628,3346
3347,16853690,Jean Aiblou,2026-09-15 19:36:21.490000,0.93627,3347
3348,16838462,JASMIN BANU M,2026-09-19 15:12:39.493000,0.93627,3347
3349,16823127,mukunthanviznxt,2026-09-30 21:24:31.303000,0.93618,3349
3350,16841130,ADITYA UPADHYAY,2026-09-06 17:06:26.506000,0.93618,3349
3351,16983950,Huy Hoàng Nguyễn,2026-09-30 16:50:50.100000,0.93613,3351
3352,16925180,Albert Zaqaryan,2026-09-19 11:45:39.490000,0.93611,3352
3353,16962298,Miqayel Petrosyann,2026-09-25 18:07:20.460000,0.93611,3352
3354,16975747,Altaf Hussain,2026-09-28 05:15:26.723000,0.9361,3354
3355,16866050,G.SHRITHIKA3,2026-09-24 11:44:38.166000,0.93604,3355
3356,16818530,Mohamed HADRICH,2026-09-03 12:56:04.350000,0.93603,3356
3357,16840413,medraddaoui,2026-09-06 17:53:55.423000,0.93591,3357
3358,16975787,P240039 Sibghatullah,2026-09-28 05:17:22.063000,0.93589,3358
3359,16864338,Maddux Labovitch,2026-09-30 07:14:59.233000,0.9357,3359
3360,16975781,Azan Naveed,2026-09-28 05:28:45.550000,0.93569,3360
3361,16975765,S_Zahid_Hussain,2026-09-28 05:14:47.270000,0.93568,3361
3362,16823947,ridwan islam,2026-09-30 16:52:09.893000,0.93566,3362
3363,16860035,simplecar,2026-09-09 12:15:28.706000,0.93561,3363
3364,16840982,Abraham Daniel Yat,2026-09-28 23:41:53.706000,0.93543,3364
3365,16975759,Ahmed Jalal24,2026-09-28 05:11:07.450000,0.93538,3365
3366,16975757,Yahya Shamim,2026-09-28 04:52:01.560000,0.93538,3365
3367,16975754,Muhammad Asad Ul Haq,2026-09-28 04:52:36.213000,0.93538,3365
3368,16894835,Arjun Dixit,2026-09-15 14:12:34.490000,0.93536,3368
3369,16849291,Emmanuel P Babu,2026-09-25 16:34:40.583000,0.93528,3369
3370,16858020,Md Tareq Shah Alam,2026-09-09 10:55:34.580000,0.93512,3370
3371,16947708,AQARZero,2026-09-25 16:43:23.616000,0.93511,3371
3372,16949583,chadcsesi,2026-09-27 17:13:45.183000,0.935,3372
3373,16845408,Creeper Thánh,2026-09-10 03:25:15.480000,0.93486,3373
3374,16969952,Sachin Mardikar,2026-09-27 13:28:07.083000,0.93484,3374
3375,16841782,Muh Amri Sidiq,2026-09-12 22:34:30.580000,0.93468,3375
3376,16973641,HamzaMousa17,2026-09-28 11:58:38.430000,0.93454,3376
3377,16805120,Prateek Srivastava,2026-09-06 19:48:31.930000,0.93448,3377
3378,16986206,Sana,2026-09-29 16:11:07.093000,0.93444,3378
3379,16855470,Hector D.V.,2026-09-08 20:17:42.603000,0.93436,3379
3380,16937752,Ariel Lien,2026-09-23 19:28:53.253000,0.9343,3380
3381,16799198,cygnusterbang,2026-09-01 07:26:30.313000,0.93425,3381
3382,16892004,Koen van Gent,2026-09-14 15:22:36.940000,0.93401,3382
3383,16908134,shreyaharshal,2026-09-22 06:12:55.206000,0.93401,3382
3384,16975755,k240036 Ziam Ali Khan,2026-09-28 05:23:05.276000,0.93393,3384
3385,16975783,Abdullah Sonija,2026-09-28 04:53:08.896000,0.93391,3385
3386,16975821,k240031 Safi Ur Rehman,2026-09-28 05:05:46.006000,0.93391,3385
3387,16845192,Sahil Naseem,2026-09-07 00:13:46.440000,0.93391,3385
3388,16855630,WangweCharles,2026-09-15 12:31:11.183000,0.93343,3388
3389,16913078,Roman Nikolaev,2026-09-26 20:20:22.913000,0.93343,3388
3390,16969175,Anes Meftah,2026-09-26 21:25:47.320000,0.93333,3390
3391,16842269,Anomali Hitam,2026-09-16 12:34:07.230000,0.93326,3391
3392,16904430,Sanjay Suresh,2026-09-21 09:03:57.460000,0.93322,3392
3393,16808108,Avishek Sinha,2026-09-13 16:09:39.746000,0.93306,3393
3394,16825670,stop__h_,2026-09-07 03:32:27.046000,0.93304,3394
3395,16867716,Vsevolod_progr,2026-09-10 17:16:43.286000,0.93304,3394
3396,16951466,Aarkesh Sharma,2026-09-26 08:05:47.593000,0.93286,3396
3397,16804845,abd el moujib,2026-09-01 20:31:18.653000,0.93281,3397
3398,16867635,Boogey Man,2026-09-11 18:58:47.910000,0.93279,3398
3399,16928282,Aadesh Upadhyay,2026-09-26 16:59:09.653000,0.93271,3399
3400,16842726,brobagazz,2026-09-25 22:42:03.823000,0.93269,3400
3401,16805481,Leon Makaryan,2026-09-01 21:54:59.350000,0.93263,3401
3402,16802447,Kanat Kozhaniyazov,2026-09-09 11:28:09.950000,0.93263,3401
3403,16988743,21011917_공희철,2026-09-30 11:02:50.033000,0.93245,3403
3404,16907612,sejal raykhere,2026-09-17 10:35:56.840000,0.93239,3404
3405,16809613,PATIL HARIOM VIJAY,2026-09-29 03:53:09.123000,0.93218,3405
3406,16983269,Rajvardhan yadav,2026-09-29 07:29:55.546000,0.93218,3405
3407,16983478,shubham madane,2026-09-29 08:16:15.310000,0.93218,3405
3408,16983514,SHINDE PRUTHVIRAJ ANKUSH,2026-09-29 08:27:27.496000,0.93218,3405
3409,16888633,David Gamboa,2026-09-14 01:51:19.330000,0.93213,3409
3410,16853479,MachineNeil,2026-09-08 09:14:49.003000,0.93207,3410
3411,16809007,Krishna Mahajan,2026-09-02 18:16:31.626000,0.93206,3411
3412,16803754,Priyanka Asthana,2026-09-02 17:54:28.873000,0.93206,3411
3413,16843493,Murali Sairam,2026-09-12 13:31:59.096000,0.93192,3413
3414,16845325,Adewole Adedapo,2026-09-09 01:35:04.813000,0.93178,3414
3415,16876763,Toyosi Jogunola,2026-09-11 18:21:47.850000,0.9317,3415
3416,16975731,Syed Shabhi Haider,2026-09-28 05:04:41.666000,0.93159,3416
3417,16980297,BALLA GANESH,2026-09-29 15:17:44.390000,0.93152,3417
3418,16890286,Nic,2026-09-22 14:47:34.866000,0.93141,3418
3419,16839552,Deepak Reddy Kura,2026-09-10 18:07:29.116000,0.93103,3419
3420,16898175,Rahulrockstarrr,2026-09-16 06:47:06.346000,0.93096,3420
3421,16848898,CardboardTank,2026-09-07 16:49:51.520000,0.93061,3421
3422,16891887,Hamza Mojeeb,2026-09-14 14:58:22.360000,0.93053,3422
3423,16887960,zhangkunling,2026-09-13 20:56:36.683000,0.93037,3423
3424,16928102,manish Raikwar,2026-09-21 10:04:13.646000,0.93032,3424
3425,16887394,Jahongir Tuychiyev,2026-09-18 19:24:25.566000,0.93032,3424
3426,16804793,algyier,2026-09-03 18:59:50.676000,0.93005,3426
3427,16875483,vignesh201121,2026-09-11 13:05:01.290000,0.93004,3427
3428,16939970,Ivan Shigolakov,2026-09-30 05:04:47.526000,0.93001,3428
3429,16881573,Ahmad Yousuf Jan,2026-09-26 10:46:34.066000,0.92959,3429
3430,16831284,Yuduo Wu,2026-09-05 03:47:21.703000,0.92951,3430
3431,16831142,Роман,2026-09-12 14:22:47.630000,0.92917,3431
3432,16940980,Herman Lapa,2026-09-22 16:21:40.756000,0.92793,3432
3433,16841307,johlys,2026-09-15 20:03:29.680000,0.92714,3433
3434,16806874,DhruvPatel0113,2026-09-02 07:58:38.710000,0.92713,3434
3435,16831408,Sneha Dhanda,2026-09-23 08:12:17.090000,0.92652,3435
3436,16809691,Saif Mahdi,2026-09-20 07:57:33.210000,0.92588,3436
3437,16807148,Zhong Yige,2026-09-02 07:18:52.456000,0.92586,3437
3438,16848116,Enzo Cruciani,2026-09-11 13:00:00.503000,0.92586,3437
3439,16801819,PHKSE7D39,2026-09-03 07:27:00.730000,0.92542,3439
3440,16966131,Shuncheng Tang,2026-09-26 13:29:04.060000,0.9253,3440
3441,16958235,Ivan Danut,2026-09-26 00:37:15.696000,0.92472,3441
3442,16804963,Jonathan T,2026-09-01 19:39:46.376000,0.92442,3442
3443,16944796,MSU-BIT_ML_2026-yuxiaoli,2026-09-24 03:27:29.766000,0.9241,3443
3444,16930967,Ujjal kumar Maity,2026-09-22 18:20:25.183000,0.92397,3444
3445,16877012,Chaitu_210304,2026-09-30 05:16:30.520000,0.923,3445
3446,16862252,bumapdumpt,2026-09-09 20:23:54.173000,0.92288,3446
3447,16810468,Adam Martí,2026-09-03 18:48:10.656000,0.92274,3447
3448,16923372,Yizhe Li47,2026-09-19 04:20:18.490000,0.92175,3448
3449,16952063,[MSU-BUT_ML_2026] Mikhail,2026-09-24 09:11:46.423000,0.92172,3449
3450,16841173,Juairia Apsara,2026-09-07 00:00:45.040000,0.92164,3450
3451,16838926,Noon,2026-09-08 03:19:03.946000,0.91852,3451
3452,16892639,Ali Furkan Kaya,2026-09-21 21:16:21.603000,0.91415,3452
3453,16966341,Wathsala Damindu,2026-09-27 18:01:56.920000,0.90924,3453
3454,16880519,Youssef taha25,2026-09-13 13:17:21.453000,0.90462,3454
3455,16963532,PMR3508-2021-2-120,2026-09-26 01:09:09.636000,0.90289,3455
3456,16892238,Hamzah Saif,2026-09-15 10:03:37.393000,0.88935,3456
3457,16871392,edisonnnnnnn,2026-09-18 07:21:56.250000,0.88864,3457
3458,16898920,Bianca Denadai,2026-09-18 17:53:58.750000,0.88858,3458
3459,16810471,Swayam Bhoir,2026-09-05 15:49:01.313000,0.88647,3459
3460,16914591,Anatoly L,2026-09-17 13:06:03.740000,0.88464,3460
3461,16808572,Mihnea Munteanu,2026-09-02 12:46:45.806000,0.88448,3461
3462,16981210,Paulo Alex,2026-09-28 23:04:52.703000,0.88377,3462
3463,16798909,Jisung woo,2026-09-02 06:00:28.226000,0.88326,3463
3464,16810083,bourbaki,2026-09-02 16:28:42.476000,0.88282,3464
3465,16854797,Swayam S Patra,2026-09-15 13:58:56.063000,0.8824,3465
3466,16805566,Hrishikesh Dhuri,2026-09-01 21:48:14.533000,0.88182,3466
3467,16799381,Paras Gaur,2026-09-01 18:29:51.673000,0.88007,3467
3468,16848899,Daniil Pulatov,2026-09-08 16:35:24.520000,0.8791,3468
3469,16799123,Ishir Singhal,2026-09-19 15:04:31.890000,0.87895,3469
3470,16966037,Saturday,2026-09-26 16:47:03.136000,0.87656,3470
3471,16960111,Eduardo Cañas,2026-09-25 13:07:13.093000,0.87641,3471
3472,16887223,Josipa Sever,2026-09-21 13:35:11.800000,0.87631,3472
3473,16807146,Amir Sohail,2026-09-12 10:55:54.816000,0.87615,3473
3474,16940845,Angaddeep Singh5875,2026-09-22 11:37:09.636000,0.87582,3474
3475,16844514,Charlotte,2026-09-08 15:20:40.136000,0.87554,3475
3476,16811633,Wai Mai Lydia Tsang,2026-09-13 18:56:02.040000,0.87554,3475
3477,16870441,jbaudson,2026-09-14 22:57:13.663000,0.87497,3477
3478,16881205,Sonali210,2026-09-12 13:02:13.800000,0.87442,3478
3479,16830899,Alireza Ziglary,2026-09-28 17:45:42.126000,0.87228,3479
3480,16929429,张博越越,2026-09-22 06:59:59.680000,0.87159,3480
3481,16830806,First name Second name,2026-09-13 20:47:59.846000,0.87131,3481
3482,16937622,TalhaEjaz19040,2026-09-27 09:47:19.836000,0.87107,3482
3483,16936368,KRISHNA MAKHIJA,2026-09-24 09:56:27.083000,0.86958,3483
3484,16811236,BlazeAdapt,2026-09-03 00:23:56.016000,0.86679,3484
3485,16819628,Rohit kumar211987,2026-09-04 08:10:34.723000,0.86608,3485
3486,16885951,Priyank Gupta,2026-09-14 05:02:06.853000,0.86607,3486
3487,16803065,Gauttam Jangir,2026-09-07 06:46:35.546000,0.85418,3487
3488,16844142,Pawan Thakur9875,2026-09-28 15:13:26.936000,0.84705,3488
3489,16865707,Punit Parmar,2026-09-13 16:54:44.323000,0.84431,3489
3490,16832862,IMASD123,2026-09-06 21:41:36.543000,0.84331,3490
3491,16869709,Felipe Livon,2026-09-11 17:16:51.193000,0.84331,3490
3492,16949117,Egor_535,2026-09-23 19:23:32.210000,0.84008,3492
3493,16896407,M.Umabs,2026-09-22 11:38:09.990000,0.83704,3493
3494,16875774,Darynbek,2026-09-12 03:05:32.480000,0.82241,3494
3495,16842196,PsayaP,2026-09-27 04:53:23.996000,0.81871,3495
3496,16799269,Abdulhay Yassir,2026-09-05 14:56:08.956000,0.81463,3496
3497,16883820,stm32f103c8t6,2026-09-13 14:25:37.686000,0.81209,3497
3498,16838324,Sumit Kumar Dwivedi,2026-09-11 07:34:25.506000,0.80958,3498
3499,16804821,porvani2zi,2026-09-27 20:19:30.073000,0.80928,3499
3500,16893055,cvmhatre,2026-09-15 03:10:32.973000,0.80798,3500
3501,16916529,Zhores Hakobyan,2026-09-17 18:50:45.420000,0.80781,3501
3502,16861633,Hamza sajid,2026-09-24 15:47:47.180000,0.80763,3502
3503,16975791,Arnav Amrit,2026-09-28 06:38:11.370000,0.80761,3503
3504,16891883,BastienFa,2026-09-27 09:36:22.120000,0.80759,3504
3505,16870608,田中偲惟人,2026-09-12 06:52:02.906000,0.80759,3504
3506,16798985,Heath Dingus,2026-09-01 04:21:21.103000,0.80731,3506
3507,16975611,Omprakash Mishra,2026-09-30 16:22:41.550000,0.80728,3507
3508,16881354,Meet Gajera,2026-09-13 09:01:49.476000,0.80709,3508
3509,16808494,palpawan12,2026-09-24 16:51:11.673000,0.807,3509
3510,16851817,HotMitDev,2026-09-08 02:05:33.933000,0.80669,3510
3511,16904118,Naman Rai,2026-09-16 08:02:08.786000,0.80638,3511
3512,16922629,Blog Yusuf,2026-09-28 20:20:31.856000,0.8061,3512
3513,16822993,Cuschevici Climent,2026-09-04 13:24:51.073000,0.80594,3513
3514,16839764,P.Lakshmi Sainath Reddy,2026-09-05 13:45:54.496000,0.80569,3514
3515,16974184,Jaydip Chauhan,2026-09-28 10:16:10.376000,0.80536,3515
3516,16841838,the007prime,2026-09-07 14:10:11.236000,0.80534,3516
3517,16934395,"Yamaguchi, Ryohey U.",2026-09-21 07:34:42.590000,0.8052,3517
3518,16913795,Abhishek Sinha,2026-09-17 13:10:41.856000,0.80512,3518
3519,16848037,Kutay23,2026-09-07 13:25:44.146000,0.80468,3519
3520,16896003,Jagannath R,2026-09-21 03:54:45.390000,0.80444,3520
3521,16896823,VoltVision,2026-09-16 10:05:56.923000,0.8044,3521
3522,16842129,Sakib Alam Jisan,2026-09-06 05:38:38.353000,0.80408,3522
3523,16883175,Waleed Almorade,2026-09-13 19:59:05.483000,0.80369,3523
3524,16840492,YMOM249,2026-09-06 12:29:02.310000,0.80341,3524
3525,16876792,Thales Galuchi,2026-09-14 23:11:18.710000,0.8033,3525
3526,16924328,Shao Jiayu_SMBU,2026-09-20 00:53:35.510000,0.80328,3526
3527,16805441,Beyza Durdu,2026-09-02 17:57:22.116000,0.8028,3527
3528,16801177,AbuHelweh,2026-09-08 12:14:28.393000,0.80278,3528
3529,16876908,Atharv Nawab,2026-09-11 20:19:51.660000,0.80126,3529
3530,16864401,Zhi1 Wang,2026-09-11 04:22:19.140000,0.80043,3530
3531,16830297,Surendra Yarrareddy,2026-09-12 10:54:38.380000,0.79998,3531
3532,16872035,Victor Pastor,2026-09-16 09:15:18.106000,0.79954,3532
3533,16799356,Vincentius Leonanda Prabowo,2026-09-06 07:21:27.566000,0.7994,3533
3534,16990717,Seojin Lee,2026-09-30 11:53:24.233000,0.79661,3534
3535,16990719,kys2002316,2026-09-30 11:48:51.206000,0.79641,3535
3536,16966740,D Yoga Harshitha,2026-09-27 06:59:14.923000,0.79585,3536
3537,16960496,Kishor J K,2026-09-25 13:32:34.143000,0.79572,3537
3538,16804788,Abdullah Al Aymon,2026-09-18 11:20:25.653000,0.79459,3538
3539,16910763,Mohit Gemini,2026-09-17 15:45:50.223000,0.79393,3539
3540,16851465,jokerdf,2026-09-17 20:50:58.660000,0.79205,3540
3541,16885817,Mosii721,2026-09-20 14:44:22.766000,0.79116,3541
3542,16852164,MLCoder90,2026-09-23 15:55:49.900000,0.78495,3542
3543,16930747,Loselen Luari Jonanda,2026-09-20 14:03:08.376000,0.78255,3543
3544,16948729,Kishank8,2026-09-27 11:01:33.496000,0.77796,3544
3545,16854481,Akinyemi Tobi,2026-09-25 09:58:51.163000,0.77109,3545
3546,16842135,Arif_tech,2026-09-07 13:13:31.273000,0.76953,3546
3547,16975727,Ali Shahmeer,2026-09-28 05:24:32.513000,0.72656,3547
3548,16916547,CtrlC_CtrlV,2026-09-27 00:01:32.053000,0.68841,3548
3549,16936427,Khang HHuỳnh,2026-09-21 13:49:15.180000,0.67467,3549
3550,16832454,M1nhPh4m,2026-09-04 18:19:44.466000,0.67447,3550
3551,16986567,Mieszko Fus,2026-09-29 17:09:45.143000,0.67033,3551
3552,16827674,Shaikh Mohammad Hasnat ,2026-09-04 11:42:33.490000,0.58972,3552
3553,16804053,Gregory Williams,2026-09-28 02:37:07.743000,0.58641,3553
3554,16798650,parkjuuyeong,2026-09-01 00:31:02.170000,0.5,3554
3555,16800096,BALAJI VARA PRASAD DEGA,2026-09-01 09:08:37.166000,0.5,3554
3556,16802594,Sahir Maharaj,2026-09-30 07:47:05.466000,0.5,3554
3557,16805611,David Blandón,2026-09-01 22:14:41.343000,0.5,3554
3558,16841153,Test Team,2026-09-05 19:36:24.250000,0.5,3554
3559,16841442,Eng Ali Mutahhar,2026-09-05 21:52:31.303000,0.5,3554
3560,16841573,Mohammed alnzary,2026-09-05 23:45:25.946000,0.5,3554
3561,16841692,TommyMSCS,2026-09-06 02:14:50.610000,0.5,3554
3562,16857481,Nguyễn Anh Tài,2026-09-09 01:50:56.086000,0.5,3554
3563,16913986,Kou111111,2026-09-17 10:57:59.096000,0.5,3554
3564,16922605,Reagan Ochieng,2026-09-18 21:16:43.126000,0.5,3554
3565,16898554,Rahul05211,2026-09-19 04:03:29.360000,0.5,3554
3566,16927560,SelestialBeing,2026-09-20 06:53:17.960000,0.5,3554
3567,16933755,karinkaito,2026-09-23 22:30:13.353000,0.5,3554
3568,16937614,Muhammad Ali Amir,2026-09-21 17:32:29.680000,0.5,3554
3569,16907000,Nancy Cat111,2026-09-25 15:19:32.583000,0.5,3554
3570,16962528,edjenkins,2026-09-25 17:29:38.933000,0.5,3554
3571,16980551,Badal Kumar Sharma,2026-09-28 18:52:03.806000,0.5,3554
3572,16981872,Hernan Greco,2026-09-29 02:00:16.296000,0.5,3554
3573,16989336,CAU53744-T6,2026-09-30 06:40:55.200000,0.5,3554
3574,16990181,Goh Kun Ming,2026-09-30 09:01:58.650000,0.5,3554
3575,16992503,Haewon Namkung,2026-09-30 16:01:07.613000,0.5,3554
3576,16974838,Zach CohenNeamie,2026-09-28 16:35:39.716000,0.31619,3576
