run_id,timestamp_utc,git_commit,git_dirty,kernel_ref,kernel_version,description,notebook_runtime_sec,n_features,n_folds,cv_seed,fold_auc_mean,fold_auc_std,final_oof_auc,public_lb_score,private_lb_score,preds_dir,best_iters,fold_aucs,model_seed,te_cols,engineered,run_tag,lgb_oof_auc,learner,xgb_oof_auc,cat_oof_auc,emb_oof_auc,ebm_oof_auc,tabicl_oof_auc,lgb_hpo_oof_auc,notes
a9cc34ed,2026-09-03T00:40:02+00:00,7a9371ba41f41c36181bd6339b299259fa4f8656,True,local,,"A0 baseline: raw 13 features, 5-fold LightGBM, no FE",61.2,13.0,5,42,0.941672,0.0008,0.94166,0.94149,,experiments/preds/a9cc34ed,213 381 265 342 323,0.940329 0.941472 0.942735 0.94215 0.941673,42.0,,,A0,0.94166,,,,,,,,"HYPOTHESIS: none - this is the reference point. PURPOSE: open the OOF<->LB paired series (playbook s4) and establish the champion-to-beat. GATE: n/a. MECHANISM: raw features, LightGBM routes categoricals natively; no supervised transform anywhere."
c00fca64,2026-09-03T00:41:03+00:00,7a9371ba41f41c36181bd6339b299259fa4f8656,True,local,,A0s: A0 at model_seed=1337 - seed-noise floor,44.0,13.0,5,42,0.941664,0.000689,0.941656,,,experiments/preds/c00fca64,277 395 394 305 368,0.940561 0.941401 0.942591 0.942138 0.941631,1337.0,,,A0s,0.941656,,,,,,,,HYPOTHESIS: none. PURPOSE: measure the seed-noise floor (playbook s6/s10). |OOF(A0s)-OOF(A0)| and the paired bootstrap of their difference set the resolution below which no probe result is a result. GATE: n/a.
55bb5653,2026-09-03T00:45:52+00:00,7a9371ba41f41c36181bd6339b299259fa4f8656,True,local,,A0s7: A0 at model_seed=7 - seed-noise floor,40.6,13.0,5,42,0.941597,0.000771,0.94158,,,experiments/preds/55bb5653,377 388 262 250 247,0.940388 0.941202 0.942624 0.942142 0.94163,7.0,,,A0s7,0.94158,,,,,,,,PURPOSE: third/fourth point for the seed-noise floor SD. GATE: n/a.
e63539c9,2026-09-03T00:46:39+00:00,7a9371ba41f41c36181bd6339b299259fa4f8656,True,local,,A0s2024: A0 at model_seed=2024 - seed-noise floor,43.8,13.0,5,42,0.94162,0.000766,0.94161,,,experiments/preds/e63539c9,342 357 402 274 332,0.94044 0.941244 0.942655 0.942189 0.941575,2024.0,,,A0s2024,0.94161,,,,,,,,PURPOSE: third/fourth point for the seed-noise floor SD. GATE: n/a.
9d2048b4,2026-09-03T00:58:57+00:00,dad86b8798c2eacafb8e9b2be0dadd24d1779398,True,local,,B1: censoring indicators for the income=30000 and commute=5.0 floors,52.3,15.0,5,42,0.941644,0.000788,0.941632,,,experiments/preds/9d2048b4,383 331 491 232 357,0.940355 0.941378 0.942726 0.942092 0.941667,42.0,,"inc_at_floor,com_at_floor",B1,0.941632,,,,,,,,"HYPOTHESIS: both numerics are censored at their floor (9.2% and 21.6% of rows sit exactly there), so each floor value mixes two populations - the genuinely-low and the clipped. MECHANISM: a tree can only separate them with an exact-equality split it has no reason to find; an explicit indicator hands it the partition. This is what makes the income logit curve non-monotone at its bottom decile. GATE: +0.0001 OOF (interim, ~2.6x the 0.000038 seed-noise floor)."
adb9a97a,2026-09-03T00:59:49+00:00,dad86b8798c2eacafb8e9b2be0dadd24d1779398,True,local,,B2: log(Annual_Income_USD) alongside the raw column,48.4,14.0,5,42,0.941675,0.000769,0.94166,,,experiments/preds/adb9a97a,406 374 269 298 396,0.94043 0.941372 0.942704 0.942183 0.941686,42.0,,log_income,B2,0.94166,,,,,,,,"HYPOTHESIS: none, expected null. MECHANISM: trees are invariant to monotone transforms of a split variable, so log-income can only help via the histogram binning (equal-width bins in log space resolve the dense low end more finely). Run as a deliberate negative control: if this moves, the binning is doing more work than assumed. GATE: +0.0001 OOF (interim, ~2.6x the 0.000038 seed-noise floor)."
65eaddfc,2026-09-03T01:00:32+00:00,dad86b8798c2eacafb8e9b2be0dadd24d1779398,True,local,,"B3: drop the 4 flat-in-logit columns (Gender, Number_of_Cars_Owned, both Charging_Stations_*)",39.6,9.0,5,42,0.941661,0.000755,0.941648,,,experiments/preds/65eaddfc,303 368 321 239 300,0.940398 0.941392 0.942606 0.942194 0.941716,42.0,,,B3,0.941648,,,,,,,,"HYPOTHESIS: these 4 are generator noise - per-value logits are flat to within +/-0.1 and single-feature AUCs are 0.505-0.524. MECHANISM: if noise, removing them is variance reduction (fewer spurious splits, less colsample dilution of the real drivers), not a wash. If OOF DROPS, they carry conditional signal and the flat marginal was hiding it. GATE: +0.0001 OOF (interim, ~2.6x the 0.000038 seed-noise floor)."
f44219bb,2026-09-03T01:01:12+00:00,dad86b8798c2eacafb8e9b2be0dadd24d1779398,True,local,,"B4: per-value target encoding of Annual_Income_USD (13,214 values), fold-fit",37.3,13.0,5,42,0.944688,0.000532,0.944677,,,experiments/preds/f44219bb,306 199 235 221 190,0.943915 0.944446 0.945541 0.944871 0.944666,42.0,Annual_Income_USD,,B4,0.944677,,,,,,,,"HYPOTHESIS: TE was S6E8's single largest feature win. MECHANISM: it hands the tree a column already monotone in log-odds, so one split captures what otherwise needs many. BUT S6E8's data was a value->target lookup table and this one is smooth-monotone in income, so the prior here is weaker than it was there. SUPERVISED transform - fit on the train fold only, training rows encoded via an inner 5-fold. GATE: +0.0001 OOF (interim, ~2.6x the 0.000038 seed-noise floor)."
529285f8,2026-09-03T01:01:56+00:00,dad86b8798c2eacafb8e9b2be0dadd24d1779398,True,local,,"B5: per-value target encoding of the 3 numerics (income, commute, age)",39.9,13.0,5,42,0.944748,0.000581,0.944738,0.94511,,experiments/preds/529285f8,261 275 221 196 186,0.94392 0.944393 0.945652 0.944994 0.944782,42.0,"Annual_Income_USD,Daily_Commute_km,Age",,B5,0.944738,,,,,,,,"HYPOTHESIS: B4 extended. MECHANISM: Age is non-monotone (rate dips at 29-34, peaks at 51-56) and commute is non-monotone with a clipped floor, so both are shapes a TE recovers directly and a tree must spend depth on. If B5 > B4, the win is coming from the NON-monotone columns, which is the mechanism worth knowing. GATE: +0.0001 OOF (interim, ~2.6x the 0.000038 seed-noise floor)."
bef1ba3a,2026-09-03T01:02:35+00:00,dad86b8798c2eacafb8e9b2be0dadd24d1779398,True,local,,B6: monotone-increasing constraint on Annual_Income_USD,35.9,13.0,5,42,0.940201,0.00078,0.940188,,,experiments/preds/bef1ba3a,197 195 264 195 189,0.938927 0.939926 0.941225 0.940744 0.940181,42.0,,,B6,0.940188,,,,,,,,"HYPOTHESIS: the income->target relation is monotone increasing everywhere except the clipped bottom decile, which is an artifact rather than signal. MECHANISM: the constraint is a regularizer - it forbids the tree from fitting the non-monotonic wiggle, which should be noise. If it LOSES, the bottom-decile non-monotonicity is real signal and B1's clip indicator is the better tool for it. GATE: +0.0001 OOF (interim, ~2.6x the 0.000038 seed-noise floor)."
089a69d3,2026-09-03T01:03:53+00:00,dad86b8798c2eacafb8e9b2be0dadd24d1779398,True,local,,"B7: more capacity, slower learning rate (255 leaves, lr 0.02, min_child 100)",74.7,13.0,5,42,0.941541,0.000763,0.940766,,,experiments/preds/089a69d3,450 188 415 163 378,0.940326 0.941221 0.942595 0.942009 0.941555,42.0,,,B7,0.940766,,,,,,,,"HYPOTHESIS: A0's parameters were never tuned - they were a first guess, and it early-stopped at 213-381 iterations, which is fast enough to suggest it saturates before exhausting the data. MECHANISM: 668k rows can support far more capacity than 63 leaves; a lower LR with more regularization should reach a finer per-feature shape. This sizes how much of the 0.0048 gap to the public top is plain tuning. GATE: +0.0001 OOF (interim, ~2.6x the 0.000038 seed-noise floor)."
6d572c32,2026-09-03T01:06:35+00:00,3a5be259473284e2d68c537ba5935386edc2795a,False,local,,"C1: hierarchical TE - rare values back off to their income neighborhood, not the global prior",34.5,16.0,5,42,0.945199,0.000605,0.945166,,,experiments/preds/6d572c32,184 182 229 113 237,0.944296 0.94486 0.946095 0.945505 0.945236,42.0,"Annual_Income_USD,Daily_Commute_km,Age",,C1,0.945166,,,,,,,,"HYPOTHESIS: the biggest single win available on top of B5. MECHANISM: income carries a REAL monotone trend underneath the lookup (Spearman(value, per-value rate)=0.68). B5 shrinks a value seen 3 times toward the global prior 0.1746, discarding that trend entirely; a value at income 160k seen 3 times should shrink toward the ~0.34 rate of its neighbourhood instead. With 13,214 values over 668k rows the tail of rare values is where most of the encoding error lives, so fixing the backoff target should be worth more than fixing the smoothing strength. GATE: +0.0001 OOF (interim, ~2.6x the 0.000038 seed-noise floor)."
e233ae99,2026-09-03T01:07:08+00:00,3a5be259473284e2d68c537ba5935386edc2795a,True,local,,C2: te_smooth 20 -> 5 (trust rare values more),30.1,16.0,5,42,0.945235,0.000587,0.945225,0.94549,,experiments/preds/e233ae99,210 176 257 151 182,0.94442 0.944835 0.94614 0.945517 0.945262,42.0,"Annual_Income_USD,Daily_Commute_km,Age",,C2,0.945225,,,,,,,,"HYPOTHESIS: B5's smoothing was an untested default. MECHANISM: smoothing trades lookup fidelity against noise in rare values. If the lookup is strong and the per-value counts are large (mean ~50 rows/value), less smoothing should recover more of it. Paired with C3 this brackets the optimum rather than testing one arbitrary point. GATE: +0.0001 OOF (interim, ~2.6x the 0.000038 seed-noise floor)."
b3bdbd51,2026-09-03T01:07:44+00:00,3a5be259473284e2d68c537ba5935386edc2795a,True,local,,C3: te_smooth 20 -> 100 (trust rare values less),33.8,16.0,5,42,0.944088,0.000606,0.944071,,,experiments/preds/b3bdbd51,266 222 154 217 365,0.943179 0.943741 0.944993 0.94433 0.944198,42.0,"Annual_Income_USD,Daily_Commute_km,Age",,C3,0.944071,,,,,,,,"HYPOTHESIS: the other bracket of C2. MECHANISM: if C3 beats B5 the encoding is currently overfitting rare values; if C2 beats B5 it is over-shrinking them. Both losing means 20 was already near-optimal and the smoothing axis is closed. GATE: +0.0001 OOF (interim, ~2.6x the 0.000038 seed-noise floor)."
e1bf1db7,2026-09-03T01:08:15+00:00,3a5be259473284e2d68c537ba5935386edc2795a,True,local,,C4: add log1p(train-fold value count) alongside each TE column,27.6,19.0,5,42,0.945247,0.000583,0.945194,,,experiments/preds/e1bf1db7,205 107 124 106 156,0.944462 0.944824 0.946142 0.945572 0.945236,42.0,"Annual_Income_USD,Daily_Commute_km,Age",,C4,0.945194,,,,,,,,"HYPOTHESIS: the model cannot currently tell a TE built from 1,000 rows from one built from 3. MECHANISM: the count is the encoding's own reliability, so handing it over lets the tree discount unreliable TE values in exactly the region where the encoding is worst. This is the cheap alternative to fixing the backoff (C1) and the two may be redundant - if both win, test them together before shipping both. GATE: +0.0001 OOF (interim, ~2.6x the 0.000038 seed-noise floor)."
56395cbf,2026-09-03T01:09:10+00:00,3a5be259473284e2d68c537ba5935386edc2795a,True,local,,C5: capacity 63 -> 15 leaves,52.0,16.0,5,42,0.944957,0.000596,0.94495,,,experiments/preds/56395cbf,668 783 609 732 739,0.944076 0.944649 0.945868 0.945226 0.944968,42.0,"Annual_Income_USD,Daily_Commute_km,Age",,C5,0.94495,,,,,,,,"HYPOTHESIS: LOWER capacity should win, which is the opposite of the usual reflex. MECHANISM: two measurements point the same way - the GLM probe found all 28 pairwise interactions worth +0.000033, and B7 found that RAISING capacity to 255 leaves cost -0.000894. With a genuinely additive generator, extra leaves can only fit interactions that do not exist, which is pure variance. Now that TE has moved the per-value signal into the feature itself, the tree needs even less depth to reach it. GATE: +0.0001 OOF (interim, ~2.6x the 0.000038 seed-noise floor)."
b8bb3cf0,2026-09-03T01:10:28+00:00,3a5be259473284e2d68c537ba5935386edc2795a,True,local,,C6: capacity 63 -> 7 leaves,75.5,16.0,5,42,0.945011,0.000617,0.945006,,,experiments/preds/b8bb3cf0,1195 1250 1125 1447 1263,0.944133 0.944647 0.945984 0.94524 0.945052,42.0,"Annual_Income_USD,Daily_Commute_km,Age",,C6,0.945006,,,,,,,,"HYPOTHESIS: C5 pushed further, to bracket the capacity optimum rather than testing one point. MECHANISM: as C5. If C6 > C5 > B5 the trend is monotone toward an additive model and the next probe is stumps (num_leaves=2), which is a GAM. GATE: +0.0001 OOF (interim, ~2.6x the 0.000038 seed-noise floor)."
301937a7,2026-09-03T01:11:09+00:00,3a5be259473284e2d68c537ba5935386edc2795a,True,local,,C7: extend TE to all 7 numeric columns,37.9,20.0,5,42,0.94469,0.0006,0.944663,,,experiments/preds/301937a7,213 258 335 118 287,0.943819 0.944394 0.945639 0.944917 0.944682,42.0,"Annual_Income_USD,Daily_Commute_km,Age,Charging_Stations_Near_Home,Charging_Stations_Near_Work,Number_of_Cars_Owned,Environmental_Concern_Level",,C7,0.944663,,,,,,,,"HYPOTHESIS: expected null, run as a control. MECHANISM: the 4 added columns have 4-20 distinct values each, and LightGBM's 255-bin histogram already resolves them exactly - there is no lookup structure a TE can reveal that a split cannot already reach. If this WINS, the mechanism is not resolution but something else (e.g. TE giving the tree a pre-ordered axis), and that would change what C5/C6 mean. GATE: +0.0001 OOF (interim, ~2.6x the 0.000038 seed-noise floor)."
4aeafc72,2026-09-03T01:12:42+00:00,3a5be259473284e2d68c537ba5935386edc2795a,True,local,,D1: te_smooth 5 -> 2,38.5,16.0,5,42,0.945364,0.000589,0.945348,,,experiments/preds/4aeafc72,266 217 222 136 297,0.944522 0.944989 0.94627 0.945604 0.945438,42.0,"Annual_Income_USD,Daily_Commute_km,Age",,D1,0.945348,,,,,,,,"HYPOTHESIS: the smoothing bracket is monotone and has not turned over yet - 100 gave -0.000667, 20 is the B5 baseline, 5 gave +0.000487. MECHANISM: at ~50 rows per income value the per-value rate is already well estimated, so shrinkage is mostly discarding signal rather than controlling noise. Push until it turns over; the turnover point is the answer, a single tested point is not. GATE: +0.0001 OOF (interim, ~2.6x the 0.000038 seed-noise floor)."
c46b9625,2026-09-03T01:13:23+00:00,3a5be259473284e2d68c537ba5935386edc2795a,True,local,,D2: C2 + hierarchical neighborhood backoff (C1 stacked on C2),37.0,16.0,5,42,0.945414,0.000609,0.945402,,,experiments/preds/c46b9625,215 219 196 146 183,0.94452 0.945046 0.946326 0.945701 0.945479,42.0,"Annual_Income_USD,Daily_Commute_km,Age",,D2,0.945402,,,,,,,,"HYPOTHESIS: C1 gave +0.000428 on top of B5 (smooth=20). MECHANISM: backoff target and smoothing STRENGTH are two ways to fix the same problem - an unreliable rare-value estimate. C2 already fixed part of it by shrinking less. If D2's delta over C2 is much smaller than C1's over B5, they are redundant and only one should ship; if it holds up, they address different parts of the rare-value tail and both belong. GATE: +0.0001 OOF (interim, ~2.6x the 0.000038 seed-noise floor)."
8ab85ae5,2026-09-03T01:13:57+00:00,3a5be259473284e2d68c537ba5935386edc2795a,True,local,,D3: C2 + value-count feature (C4 stacked on C2),31.8,19.0,5,42,0.945322,0.000614,0.945277,,,experiments/preds/8ab85ae5,215 112 151 107 129,0.944462 0.944901 0.946261 0.945606 0.945381,42.0,"Annual_Income_USD,Daily_Commute_km,Age",,D3,0.945277,,,,,,,,"HYPOTHESIS: C4 gave +0.000456 on top of B5. MECHANISM: as D2 - the count is a third route to the same rare-value problem, and it is the most general of the three because it lets the tree decide how to discount rather than fixing the discount in advance. Same redundancy test. GATE: +0.0001 OOF (interim, ~2.6x the 0.000038 seed-noise floor)."
4ed16785,2026-09-03T01:15:13+00:00,3a5be259473284e2d68c537ba5935386edc2795a,True,local,,D4: C2 + 7 leaves (C6 stacked on C2),72.5,16.0,5,42,0.945446,0.000636,0.945437,0.94566,,experiments/preds/4ed16785,1186 1526 1523 590 646,0.944564 0.945129 0.946495 0.945651 0.945389,42.0,"Annual_Income_USD,Daily_Commute_km,Age",,D4,0.945437,,,,,,,,"HYPOTHESIS: capacity is monotone downward - 255 leaves -0.000894, 63 baseline, 15 +0.000212, 7 +0.000268. MECHANISM: the generator is additive (all 28 pairwise interactions worth +0.000033), so leaves beyond what the per-feature shapes need can only fit interactions that do not exist. Unlike the encoder fixes this axis is ORTHOGONAL to the TE, so it should stack cleanly rather than redundantly. GATE: +0.0001 OOF (interim, ~2.6x the 0.000038 seed-noise floor)."
a51036d1,2026-09-03T01:17:04+00:00,cf4f2cae7544b8e459e3a6a7fcafeb2ac1102c6a,False,local,,D5: C2 + 3 leaves (one step from stumps),108.5,16.0,5,42,0.945441,0.000636,0.945437,,,experiments/preds/a51036d1,1891 2814 2409 1415 1569,0.944535 0.945102 0.946457 0.945675 0.945438,42.0,"Annual_Income_USD,Daily_Commute_km,Age",,D5,0.945437,,,,,,,,"HYPOTHESIS: D4 pushed one step further, to find where the capacity bracket turns over. MECHANISM: num_leaves=3 permits a depth-2 interaction at most; num_leaves=2 would be stumps, i.e. a literal GAM with no interactions at all. If D5 >= D4 the additive reading is confirmed to its limit and stumps are the next probe. GATE: +0.0001 OOF (interim, ~2.6x the 0.000038 seed-noise floor)."
1e2681aa,2026-09-03T03:15:01+00:00,cf4f2cae7544b8e459e3a6a7fcafeb2ac1102c6a,True,local,,E1: D4 + neighborhood backoff (the two winning axes combined),143.9,16.0,5,42,0.94565,0.000652,0.945642,0.94586,,experiments/preds/1e2681aa,1046 1098 972 777 1098,0.944717 0.945267 0.946656 0.945962 0.945649,42.0,"Annual_Income_USD,Daily_Commute_km,Age",,E1,0.945642,,,,,,,,"HYPOTHESIS: this should stack close to additively, unlike C1/C2/C4 which did not. MECHANISM: the encoder axis (what a rare value shrinks toward) and the capacity axis (how many interactions the tree may fit) address different error sources - encoding bias vs interaction variance - so unlike the three encoder fixes they are not three routes to one problem. If the combined delta is materially less than +0.000177+0.000212, that reading is wrong. GATE: +0.0001 OOF (interim, ~2.6x the 0.000038 seed-noise floor)."
db97f8c1,2026-09-03T03:17:24+00:00,6bf94f0ddd919ecf7f00173d2fcd392c01b7c123,False,local,,E2: D4 with te_smooth 5 -> 2,140.3,16.0,5,42,0.945562,0.000665,0.945554,,,experiments/preds/db97f8c1,1046 1354 1142 773 857,0.944644 0.945151 0.946625 0.945825 0.945563,42.0,"Annual_Income_USD,Daily_Commute_km,Age",,E2,0.945554,,,,,,,,"HYPOTHESIS: D1 found +0.000123 for this step at 63 leaves. MECHANISM: at lower capacity the tree can no longer partially correct a noisy encoding by splitting around it, so the optimal smoothing may be HIGHER, not lower, than it was at 63 leaves. This probe tests whether the smoothing optimum moved when capacity changed - if it did, the two axes are not separable and E1's premise is weakened. GATE: +0.0001 OOF (interim, ~2.6x the 0.000038 seed-noise floor)."
5400812e,2026-09-03T03:20:10+00:00,6bf94f0ddd919ecf7f00173d2fcd392c01b7c123,True,local,,E3: average the training-row TE over 4 independent inner splits,161.9,16.0,5,42,0.945424,0.000597,0.945418,,,experiments/preds/5400812e,1053 1201 923 776 1417,0.94456 0.945066 0.946348 0.945638 0.945508,42.0,"Annual_Income_USD,Daily_Commute_km,Age",,E3,0.945418,lgb,,,,,,,"HYPOTHESIS: the headline variance-reduction probe. MECHANISM: a training row's TE is built from 4/5 of the fold, and WHICH 4/5 is an arbitrary draw that injects noise into the feature the model leans on hardest. Averaging over 4 draws cancels it without weakening the leakage guarantee - every draw still excludes the row's own label. If the competition is now a variance problem rather than a signal problem, this is where it shows. GATE: +0.0001 OOF (interim, ~2.6x the 0.000038 seed-noise floor)."
c6fc1508,2026-09-03T03:25:47+00:00,,False,local,,E4: XGBoost leg on the D4 representation,333.9,16.0,5,42,0.945517,0.000646,0.945511,,,experiments/preds/c6fc1508,988 1446 1553 1072 1325,0.944559 0.945186 0.946517 0.945756 0.94557,42.0,"Annual_Income_USD,Daily_Commute_km,Age",,E4d,,xgb,0.945511,,,,,,"POOL MEMBER, not an ablation. MECHANISM: same features, different split-finding and regularization, so its errors should point somewhere slightly different from LightGBM's. Judged by ADD/SWAP contribution to the stack, never by solo score - S6E8 measured solo deltas spanning 0.033 AUC while the corresponding stack contributions spanned 0.00006. GATE: +0.0001 OOF (interim, ~2.6x the 0.000038 seed-noise floor)."
2b471d6b,2026-09-03T03:30:30+00:00,,False,local,,E4: XGBoost leg on the E1 representation,386.3,16.0,5,42,0.945694,0.000665,0.945689,0.94588,,experiments/preds/2b471d6b,893 1063 1028 1117 1091,0.944716 0.945366 0.946709 0.946027 0.945653,42.0,"Annual_Income_USD,Daily_Commute_km,Age",,E4,,xgb,0.945689,,,,,,"POOL MEMBER, judged by ADD/SWAP contribution to the stack, never by solo score - S6E8 measured solo deltas spanning 0.033 AUC against stack contributions spanning 0.00006. MECHANISM: same features, different split-finding and regularization, so its errors should point somewhere slightly different from LightGBM's. Both are leaf-wise here (grow_policy=lossguide, max_leaves=7), so expect HIGH correlation with E1 - this leg's value, if any, is in the residual disagreement a fitted stack can subtract, not in diversity of inductive bias."
f77b0de3,2026-09-03T03:51:24+00:00,46e370df4df105171bfd8e20c5d7c65d0dcafb07,True,local,,E5: CatBoost leg on the E1 representation (symmetric trees),1249.3,16.0,5,42,0.945653,0.000602,0.945648,,,experiments/preds/f77b0de3,374 449 466 336 420,0.944796 0.945298 0.946576 0.945967 0.945626,42.0,"Annual_Income_USD,Daily_Commute_km,Age",,E5,,cat,,0.945648,,,,,"POOL MEMBER, judged by ADD/SWAP contribution to the stack, never by solo score - S6E8 measured solo deltas spanning 0.033 AUC against stack contributions spanning 0.00006. MECHANISM: CatBoost's oblivious trees apply the SAME split at every node of a level - a strong structural regularizer and a genuinely different inductive bias from leaf-wise LightGBM, which is the kind of difference a fitted stack can use to subtract correlated error. This is the most promising pool member for that reason. 3000 iterations at lr 0.08 for CPU wall-clock; depth is CatBoost's default 6, so unlike E1/E4 it is NOT capacity-matched - a confound accepted because this is a pool member, not a twin."
006a2f50,2026-09-03T03:57:00+00:00,46e370df4df105171bfd8e20c5d7c65d0dcafb07,True,local,,E5: CatBoost leg on the D4 representation (symmetric trees),1869.1,16.0,5,42,0.945468,0.000589,0.945464,,,experiments/preds/006a2f50,852 595 653 867 795,0.944644 0.94507 0.946379 0.945717 0.945531,42.0,"Annual_Income_USD,Daily_Commute_km,Age",,E5,,cat,,0.945464,,,,,"POOL MEMBER, not an ablation. MECHANISM: CatBoost's oblivious/symmetric trees apply the SAME split at every node of a level, which is a strong structural regularizer and a genuinely different inductive bias from leaf-wise LightGBM - exactly the kind of difference that can subtract correlated error in a fitted stack. Iterations reduced to 4000 for CPU wall-clock; it is a pool member so this is not a twin violation. GATE: +0.0001 OOF (interim, ~2.6x the 0.000038 seed-noise floor)."
75a80fda,2026-09-03T12:01:46+00:00,46e370df4df105171bfd8e20c5d7c65d0dcafb07,True,local,,"F1: income ALSO as a native LightGBM categorical, alongside its TE",70.5,17.0,5,42,0.944654,0.000677,0.944643,,,experiments/preds/75a80fda,182 209 182 181 183,0.943556 0.944463 0.945629 0.94497 0.944653,42.0,"Annual_Income_USD,Daily_Commute_km,Age",cat_Annual_Income_USD,F1,0.944643,lgb,,,,,,,"HYPOTHESIS: the cheap test of the 'tokens' idea the public frontier is using (top notebooks: 'EV Adoption Tokens: XGBoost + TinyTokenTransformer', '94.6+ Transformer and GBDT Ensemble'). MECHANISM: TE compresses each of 13,214 income values to ONE number, its target rate. That is a rank-1 summary of the value's identity. LightGBM's categorical split instead sorts levels by accumulated gradient/hessian at each node and cuts the sorted order, so the grouping can DIFFER between nodes - a strictly richer use of value identity than a single fixed scalar. If value identity carries anything beyond its marginal rate, this is where it shows on the cheap. GATE: +0.0001 OOF."
adb20025,2026-09-03T12:08:55+00:00,46e370df4df105171bfd8e20c5d7c65d0dcafb07,True,local,,F2: E1 with 3-seed bagging inside each fold,402.9,16.0,5,42,0.945682,0.000643,0.945676,0.94587,,experiments/preds/adb20025,1046 1109 1284 777 1268,0.944751 0.945332 0.946683 0.945959 0.945685,42.0,"Annual_Income_USD,Daily_Commute_km,Age",,F2,0.945676,lgb,,,,,,,"HYPOTHESIS: the second test of the 'this is now a variance problem' reframe, after E3 failed it. MECHANISM: averaging 3 models trained on the SAME rows cancels fitting randomness - row/feature subsampling draws and split tie-breaking - without touching the split. Playbook s6: this is the seed manipulation that paid in S6E7, as opposed to re-running at a new OUTER split seed, which measurably bought nothing because test predictions are already averaged over 5 fold-models. The measured seed-noise floor here is 0.000038, which bounds how much seed-to-seed SCORE variation there is, but not directly how much averaging PREDICTIONS can buy. GATE: +0.0001 OOF."
718b2ed3,2026-09-03T12:10:35+00:00,46e370df4df105171bfd8e20c5d7c65d0dcafb07,,stack,,"logit stack, 6 legs, C=0.1",,,5,42,,,0.945719,0.94588,,experiments/preds/718b2ed3,,,,,,logit_stack,,,,,,,,,Phase 2 first stack: 6 legs. Third test of the variance reframe after E3 and F2 both null.
07e0c389,2026-09-03T12:15:13+00:00,49b16dc6bb3d922a0bb3a50ee510a7397ad72a73,True,local,,G1: token-embedding MLP - value identity as a learned low-rank vector,103.4,16.0,5,42,0.943871,0.000682,0.943401,0.9445,,experiments/preds/07e0c389,4 3 3 3 3,0.942986 0.943464 0.944924 0.944337 0.943647,42.0,"Annual_Income_USD,Daily_Commute_km,Age",,G1,,emb,,,0.943401,,,,"HYPOTHESIS: the regularized form of the token idea, and the first genuinely NEW representation since the TE. MECHANISM: target encoding compresses each of 13,214 income values to ONE scalar, its marginal target rate - a rank-1 summary. An embedding gives each value 16 numbers, so it can carry more about the value than its marginal rate, while weight decay + dropout + low rank stop it memorizing the way F1's free-form categorical split did (-0.000999, best_iter 1000 -> 182). TE features are kept alongside, so this tests whether identity carries anything BEYOND its rate. Judged as a POOL MEMBER: its solo score matters less than whether it decorrelates from the 0.9922-0.9995 pack, which is what the 6-leg stack showed we lack. GATE: solo within ~0.001 of E1 AND OOF-logit correlation vs E1 below 0.99."
a4d64bbd,2026-09-03T12:19:08+00:00,49b16dc6bb3d922a0bb3a50ee510a7397ad72a73,True,local,,"G2: G1 retuned - lower LR, less embedding capacity",104.4,16.0,5,42,0.943619,0.000497,0.943562,,,experiments/preds/a4d64bbd,5 6 6 6 5,0.94294 0.94321 0.944355 0.943846 0.943744,42.0,"Annual_Income_USD,Daily_Commute_km,Age",,G2,,emb,,,0.943562,,,,"HYPOTHESIS: G1's representation is right but its TRAINING was broken, so its solo weakness is not evidence about the idea. MECHANISM: G1 peaked at epoch 3 of a 25-epoch OneCycle schedule, i.e. while the LR was still ramping UP - it found its best point during warmup and then degraded as the LR rose past useful. That is a schedule bug, not a capacity verdict. G2 lowers max_lr 1e-3 -> 3e-4 and matches the schedule length to 15 epochs so the peak is not an artifact of warmup, and cuts per-value capacity (emb_dim 16 -> 8, min_count 5 -> 20) to fight the same memorization that killed F1. GATE: this is a POOL MEMBER - it needs solo >= the 0.945402 pool floor to be able to contribute at all (playbook s6: a leg below the floor contributes nothing however decorrelated), while KEEPING G1s max-corr near 0.95 against a pack whose internal median is 0.9973."
37875aaf,2026-09-04T01:21:04+00:00,b63babc9a3ecd75ac28129db08a71ff6501323cd,True,local,,"H1: E1 + TE on QUANTILE-BIN keys of the 3 numerics (100 bins, smoothing 500)",164.8,19.0,5,42,0.945622,0.000629,0.945617,0.94586,,experiments/preds/37875aaf,1207 873 1103 1086 937,0.944706 0.945253 0.946582 0.945909 0.945658,42.0,"Annual_Income_USD,Daily_Commute_km,Age",,H1,0.945617,lgb,,,,,,,"HYPOTHESIS: the one concrete untested idea the public frontier offers (README, 'Reading the leaderboard's shape') - TE over quantile-BINNED keys with very heavy smoothing (their TARGET_SMOOTHING=500) rather than our raw per-value keys at te_smooth=5. MECHANISM: this is NOT a contradiction of C3 (raw-value keys at smoothing 100 lost 0.000667). A bin holds thousands of rows against a raw value's ~50, so smoothing 500 shrinks a well-estimated bin rate only slightly; what the column carries is the DENOISED LOCAL TREND, whereas te_ carries the per-value lookup. E1 already computes exactly this quantity - the neighborhood bin rate - but uses it only as a BACKOFF TARGET for rare values and never exposes it to the learner. At 7 leaves the tree has little capacity to reconstruct a smooth trend from the noisy per-value column itself, so handing it the smoothed version is cheap. If this is null, the trend is already fully carried by raw income + te_income and the frontier's binning is a different route to the same place. GATE: +0.0001 OOF over E1 (0.945642)."
b852f03c,2026-09-04T01:23:19+00:00,b63babc9a3ecd75ac28129db08a71ff6501323cd,True,local,,"H2: E1 + TE on 5 PAIRED keys (20 bins per numeric component, smoothing 1500)",115.3,21.0,5,42,0.945131,0.000611,0.945121,0.94536,,experiments/preds/b852f03c,346 398 260 363 296,0.944218 0.944791 0.945982 0.945568 0.945093,42.0,"Annual_Income_USD,Daily_Commute_km,Age",,H2,0.945121,lgb,,,,,,,"HYPOTHESIS: the second half of the frontier's encoder recipe (PAIR_TARGET_SMOOTHING=1500). Prior is NEGATIVE on two counts - the GLM probe found all 28 pairwise interactions worth +0.000033, and the joint-key residual test found no cross-feature lookup (8 of 9 keys at 0.85-0.95, the income x concern outlier at 1.074 being the largest of nine tests, i.e. selection). MECHANISM, and why it is worth running anyway: those two measurements were made against models with capacity to fit interactions. E1 deliberately has num_leaves=7, chosen BECAUSE the generator is additive - so E1 can barely represent a 2-way interaction even where one exists. A paired-key TE hands specific interactions over as pre-computed columns, which is a far cheaper way to buy them than raising capacity (B7: 255 leaves cost 0.000894). This is therefore a joint test of 'are there interactions' and 'did the capacity cut throw any away'. Pairs chosen as the strongest drivers, not by search, so no selection effect. If null, the additive reading is confirmed a third time, by a third mechanism, and the encoder axis is closed for good. GATE: +0.0001 OOF over E1 (0.945642)."
f4cd6c8e,2026-09-04T01:25:45+00:00,b63babc9a3ecd75ac28129db08a71ff6501323cd,True,local,,"H3: E1 + a SINGLE paired key (income x concern), to isolate H2s mechanism",116.3,17.0,5,42,0.945243,0.000625,0.945237,0.94547,,experiments/preds/f4cd6c8e,884 626 485 548 641,0.944344 0.944761 0.946069 0.945712 0.945329,42.0,"Annual_Income_USD,Daily_Commute_km,Age",,H3,0.945237,lgb,,,,,,,"HYPOTHESIS: H2 lost 0.000521 and its best_iter collapsed from ~1000 to ~330 - the F1 signature. Two competing explanations. (a) DISPLACEMENT: income x concern alone reaches solo AUC 0.877 (measured in the leak check), i.e. it is nearly a complete model in one column; the tree eats it greedily, early-stops before refining the additive per-feature shapes E1 spends 1000 rounds building, and so trades fine structure for a coarse 100-cell lookup. (b) ACCUMULATION: five extra correlated columns each carry encoding noise and dilute colsample. GATE, pre-registered as a DISCRIMINATOR not a shipping gate: if one pair loses of order the same 0.0005 as five, the cause is (a) displacement by the dominant key; if it loses roughly a fifth, the cause is (b). Shipping gate is still +0.0001 over E1 (0.945642) and this is not expected to clear it."
097c34b7,2026-09-04T14:24:30+00:00,9295e1fe884e5cfa82cfe992bae8c94c82e34d72,,stack,,"rank_mean blend, 6 legs, equal weights",,,5,42,,,0.945712,,,experiments/preds/097c34b7,,,,,,blend,,,,,,,,,"Phase 3 slot 3: playbook s6 'test both, assume neither'. The FIXED half has never been computed in this repo."
ffdbc5f0,2026-09-04T14:24:43+00:00,9295e1fe884e5cfa82cfe992bae8c94c82e34d72,,stack,,"rank_mean blend, 3 legs, equal weights",,,5,42,,,0.945743,0.94588,,experiments/preds/ffdbc5f0,,,,,,blend,,,,,,,,,Phase 3 slot 3: playbook s6 'find the elbow and stop' - 3 legs vs 6.
e34ed037,2026-09-04T14:24:58+00:00,9295e1fe884e5cfa82cfe992bae8c94c82e34d72,,stack,,"logit_mean blend, 6 legs, equal weights",,,5,42,,,0.945712,0.94633,,experiments/preds/e34ed037,,,,,,blend,,,,,,,,,"Phase 3 slot 3: playbook s6 'test both, assume neither'. The FIXED half has never been computed in this repo."
bb183e57,2026-09-04T14:25:09+00:00,9295e1fe884e5cfa82cfe992bae8c94c82e34d72,,stack,,"logit_mean blend, 3 legs, equal weights",,,5,42,,,0.945743,,,experiments/preds/bb183e57,,,,,,blend,,,,,,,,,Phase 3 slot 3: playbook s6 'find the elbow and stop' - 3 legs vs 6.
d7c525e8,2026-09-04T14:30:01+00:00,9295e1fe884e5cfa82cfe992bae8c94c82e34d72,True,local,,I1: E1 with ALL feature interactions forbidden (a boosted GAM),163.2,16.0,5,42,0.945584,0.000593,0.945581,0.9457,,experiments/preds/d7c525e8,1122 949 974 986 1127,0.944715 0.945252 0.946474 0.945903 0.945575,42.0,"Annual_Income_USD,Daily_Commute_km,Age",,I1,0.945581,lgb,,,,,,,"HYPOTHESIS: >= E1. MECHANISM: the generator is measured additive three independent ways, so every interaction the 7-leaf tree fits is noise it is paying variance for. Forbidding them is a pure variance cut with no bias cost -- IF the additivity finding is right. If I1 loses materially, real interactions survive at 7 leaves and the additive story has a crack, which is worth as much as the win. GATE: +0.0001 OOF solo (interim, ~2.6x the 0.000038 seed-noise floor), then ADD and SWAP at constant pool size - only the second is a shipping decision."
34e97b03,2026-09-04T14:32:39+00:00,9295e1fe884e5cfa82cfe992bae8c94c82e34d72,True,local,,I2: I1 with capacity restored to 63 leaves,153.9,16.0,5,42,0.945389,0.000566,0.94538,0.94572,,experiments/preds/34e97b03,739 736 589 616 699,0.944608 0.945048 0.946246 0.945753 0.945289,42.0,"Annual_Income_USD,Daily_Commute_km,Age",,I2,0.94538,lgb,,,,,,,"HYPOTHESIS: I2 > I1, recovering something like B7's -0.000894. MECHANISM: capacity was cut 63 -> 7 because capacity BOUGHT INTERACTIONS and interactions are absent. With interactions forbidden by construction, num_leaves buys only per-feature shape resolution, which is exactly the lever this data rewards (B4's per-value TE was +0.003017). If the capacity and additivity axes do NOT interact this way, the mechanism attributed to B7 is wrong. GATE: +0.0001 OOF solo (interim, ~2.6x the 0.000038 seed-noise floor), then ADD and SWAP at constant pool size - only the second is a shipping decision."
90fcccf8,2026-09-05T20:32:43+00:00,87ba1a65693e4dfdf98b1513dd7984d18db739f7,True,local,,"G1r: reproduce G1 (embedding MLP) with cfg now archived, control for the bagging test",40.8,16.0,5,42,0.943871,0.000682,0.943401,,,experiments/preds/90fcccf8,4 3 3 3 3,0.942986 0.943464 0.944924 0.944337 0.943647,42.0,"Annual_Income_USD,Daily_Commute_km,Age",,G1r,,emb,,,0.943401,,,,"HYPOTHESIS: reconstructs G1 (OOF 0.943401) closely enough to serve as the strict-twin baseline for the in-fold seed-bagging test, since G1's own cfg is unrecoverable (the harness gap this run exists to close: run_local.py printed the resolved cfg but never wrote it to preds_dir). MECHANISM: G1's override is inferred from G2's notes (epochs 25->15, so G1=25) and E1's TE recipe (te_cols/te_smooth/te_backoff), which G1's own notes say were kept alongside the embedding. RESULT: exact match -- OOF 0.943401 and all 5 fold AUCs identical to the original G1 row bit-for-bit. Reconstruction confirmed exact, not approximate."
e78d23d4,2026-09-05T20:34:25+00:00,87ba1a65693e4dfdf98b1513dd7984d18db739f7,True,local,,"G1rB: G1 with 3-seed in-fold bagging (F2's treatment, applied to the embedding leg)",98.8,16.0,5,42,0.944216,0.00058,0.944074,0.94465,,experiments/preds/e78d23d4,4 4 4 4 4,0.943383 0.943984 0.945155 0.94443 0.944127,42.0,"Annual_Income_USD,Daily_Commute_km,Age",,G1rB,,emb,,,0.944074,,,,"HYPOTHESIS: Phase 3's variance-averaging mechanism is right, so bagging closes most of G1's OOF->LB gap by giving the OOF the same fold-averaging the test predictions already get. MECHANISM: an OOF row is scored by ONE fold-model; a test row already averages FIVE (one per fold). For a net that early-stops at epoch 3-4, that is a large variance cut the OOF never sees. Seed-bagging 3 models per fold approximates that averaging inside the OOF itself. CONTROL: the same treatment bought E1 only +0.000034 (F2), since a 1000-round GBDT is already low-variance -- so a jump near G1's own +0.00105 LB miss (not E1's +0.000034) is the signature that vindicates embeddings and convicts Phase 2b of a biased ruler; a jump near E1's control says the miss is not variance. GATE: OOF jump >= 0.0005 (half the miss). RESULT: OOF 0.943401 -> 0.944074, +0.000673 -- 20x E1's control, 64% of G1's own LB miss. GATE CLEARED: this is variance, not a genuine weakness of the representation. Phase 2b's rejection of G1 used a biased ruler; embeddings deserve a re-test as a bagged pool member before being written off."
d3066c82,2026-09-05T23:20:43+00:00,3fa7904b28a89cfd3999ad4bf9bd579a2c4011bd,False,local,,"J1: E1 with learning_rate 0.05 -> 0.02 (shrinkage axis, never probed)",149.9,16.0,5,42,0.945659,0.000661,0.945653,0.94586,,experiments/preds/d3066c82,2579 1996 2744 2780 2075,0.944723 0.945248 0.946673 0.945998 0.945651,42.0,"Annual_Income_USD,Daily_Commute_km,Age",,J1,0.945653,lgb,,,,,,,"HYPOTHESIS: Phase 3b showed capacity wins by buying per-feature SHAPE RESOLUTION (7 leaves + ~1000 rounds beats 63 leaves), not interaction fitting. Every capacity probe so far changed num_leaves; the step size itself (learning_rate=0.05, a Phase-0-era default) was never probed. If shape resolution is the real lever, slower shrinkage should resolve the same univariate curves more finely -- pushing the SAME confirmed axis one step further, not a new untested mechanism. MECHANISM: smaller lr trades step size for round count at more total granularity; n_estimators=12000 cap and early_stopping_rounds=100 unchanged so early stopping decides the real depth. GATE: +0.0001 OOF (interim, ~2.6x the 0.000038 seed-noise floor), and best_iter should sit clear of both 0 and the 12000 cap or the result is not trustworthy."
2ebd5b31,2026-09-05T23:22:28+00:00,3fa7904b28a89cfd3999ad4bf9bd579a2c4011bd,True,local,,"K1: E1 with min_child_samples 20 -> 5 (same shape-resolution axis, a different untuned knob)",66.8,16.0,5,42,0.94561,0.000662,0.945602,0.94584,,experiments/preds/2ebd5b31,838 1525 973 777 702,0.944657 0.945273 0.946646 0.945915 0.945559,42.0,"Annual_Income_USD,Daily_Commute_km,Age",,K1,0.945602,lgb,,,,,,,"HYPOTHESIS: min_child_samples=20 is also a Phase-0-era default, never probed once the champion moved to 7-leaf trees. If per-feature shape resolution is the lever (Phase 3b), a looser leaf-occupancy floor lets 7-leaf splits track the per-feature curve more tightly wherever there is enough data (668k rows / 7 leaves is nowhere near the 20-row floor's true purpose of protecting rare categories, most of which the TE already handles). MECHANISM: same axis as J1 (extract more shape resolution from the confirmed-good capacity regime) via a different knob, to see whether J1's null was specific to shrinkage or the whole axis is exhausted. GATE: +0.0001 OOF (interim, ~2.6x the 0.000038 seed-noise floor)."
04d11559,2026-09-06T00:36:57+00:00,673964eec7dc0498ca9b81d6ed6968e7be6e665f,True,local,,L1: E1 with drop_noise=True (SHAP follow-up: do the 4 flat-in-GLM columns carry real OOF signal at champion capacity?),68.7,12.0,5,42,0.945534,0.000622,0.945525,0.94577,,experiments/preds/04d11559,963 1131 761 636 799,0.944626 0.945166 0.946478 0.945816 0.945585,42.0,"Annual_Income_USD,Daily_Commute_km,Age",,L1,0.945525,lgb,,,,,,,"HYPOTHESIS: a SHAP dependence check on E1 fold-0 (this session, no slot) found Charging_Stations_Near_Home has a non-monotonic swing (-0.073 at 3-7, +0.094 at 13) despite being flagged flat-in-logit noise by the Phase-0 GLM screen -- the exact class of blind spot (linear screen misses non-monotonic per-value effect) that hid income's lookup table. But unlike income (13,214 values), this column has only 15 distinct values, well within what a 7-leaf tree run for ~1000 rounds can carve natively -- so the SHAP structure may already be fully exploited rather than a missed lever. MECHANISM: B3 tested dropping these 4 columns on the UNENGINEERED A0 baseline and found ~0 (0.941648 vs 0.941656); this repeats the test at champion capacity/TE, where a low-cardinality per-value effect would show up as an OOF loss if real and as a null if the SHAP structure is fitting noise the model doesn't actually need. GATE: a loss >= 0.0001 says these columns carry real signal SHAP correctly surfaced past the GLM's blind spot; a null repeats B3's verdict at higher capacity and closes the question."
e8379ade,2026-09-06T00:57:57+00:00,c05b4e10aeefed1b3a872bd1af017c4f7ae65875,True,local,,"M1: Explainable Boosting Machine (GA2M), additive-only, on E1's TE recipe -- new architecture test",163.3,16.0,5,42,0.945552,0.000601,0.94555,,,experiments/preds/e8379ade,0 0 0 0 0,0.944684 0.945266 0.946483 0.94586 0.945469,42.0,"Annual_Income_USD,Daily_Commute_km,Age",,M1,,ebm,,,,0.94555,,,"HYPOTHESIS: the generator is confirmed additive in log-odds 4 independent ways. An EBM with interactions=0 is a pure additive GAM by construction, purpose-built for exactly this structure. If additive is the complete story, EBM should be competitive with E1's LightGBM on the same TE features. MECHANISM: cyclic gradient boosting of per-feature step functions, a genuinely different fitting procedure from LightGBM's greedy tree sequence. Two prior partial runs (outer_bags=14, killed fold 2/5; outer_bags=4, killed fold 4/5, both for wall-clock not error) showed fold-by-fold AUCs within [-0.000171, +0.000002] of E1's own folds, and outer_bags 14->4 changed folds 0-1 by <0.00001 -- bagging count barely matters here, so outer_bags=1 is dropped purely for wall-clock, not a second hypothesis. GATE: within 0.001 of E1 solo counts as competitive; further judged as a pool member by ADD/SWAP, not solo score."
bece8281,2026-09-06T01:05:36+00:00,c05b4e10aeefed1b3a872bd1af017c4f7ae65875,,stack,,"rank_mean blend, 3 legs, equal weights",,,5,42,,,0.945743,0.94588,,experiments/preds/bece8281,,,,,,blend,,,,,,,,,"ADD test scratch, not for shipping"
e42a338b,2026-09-06T01:05:42+00:00,c05b4e10aeefed1b3a872bd1af017c4f7ae65875,,stack,,"rank_mean blend, 4 legs, equal weights",,,5,42,,,0.945744,,,experiments/preds/e42a338b,,,,,,blend,,,,,,,,,ADD test: does the EBM leg (M1) help the pool at constant+1 size
83b7b495,2026-09-06T01:18:48+00:00,573e1f2ccb3db48bb69a7b45af88aa83e9601155,True,local,,N1: plain dense MLP (no token embeddings) on E1's TE features -- 3rd architecture family for the s7 strength/decorrelation plot,43.8,16.0,5,42,0.944916,0.00059,0.944912,0.94497,,experiments/preds/83b7b495,11 14 14 12 13,0.944127 0.944596 0.945822 0.945314 0.944719,42.0,"Annual_Income_USD,Daily_Commute_km,Age",,N1,,emb,,,0.944912,,,,"HYPOTHESIS: playbook s7 -- populate the strength/decorrelation plot with a 3rd, structurally distinct architecture. G1/G1rB (token embeddings) is the weak-but-decorrelated jaw; M1 (EBM) is the strong-but-correlated jaw (LB 0.94568, residual -0.00009, GBDT-family-like). A plain feedforward MLP given the IDENTICAL TE representation as E1/M1 isolates architecture from representation per s7. emb_epochs cut 40->15 (G2's schedule length) for wall-clock -- the default-40 run at emb_cols=[] never finished fold 0 in the time budget, unlike embedding runs which early-stop by epoch ~4-9 via fast overfitting; without per-value embeddings the net apparently does not overfit as fast, so it was actually using its full epoch budget rather than stalling. Found and fixed a real latent bug along the way: emb_cols=[] built a (0,0) token placeholder instead of (n_rows,0), crashing on the first index. GATE: within 0.001 of E1 solo counts as competitive; judged as a pool member by decorrelation x strength, not solo score alone."
7957be25,2026-09-06T01:25:39+00:00,573e1f2ccb3db48bb69a7b45af88aa83e9601155,,stack,,"rank_mean blend, 4 legs, equal weights",,,5,42,,,0.9457,,,experiments/preds/7957be25,,,,,,blend,,,,,,,,,ADD test: does the plain-MLP leg (N1) help the pool at constant+1 size
00892cd4,2026-09-06T02:30:44+00:00,a395d37b065a3e1b2cec0d7a7d76902a0b46da3a,True,gcarno/s6e9-model,,P0_smoke v5: kernel wrapper validated end-to-end on Kaggle (T4 GPU),170.2,16.0,2,42,0.94301,3.5e-05,0.942884,,,experiments/preds/00892cd4,0 0,0.943045 0.942975,42.0,"Annual_Income_USD,Daily_Commute_km,Age",,P0_smoke,,tabicl,,,,,0.942884,,"SMOKE TEST, not a probe -- validates the kernel wrapper (git clone, pip install tabicl, correct nested data mount /kaggle/input/competitions/playground-series-s6e9/, GPU detection) after 5 iterations fixing real infra bugs (data mount path x2, collect_run.py's Windows console/PYTHONIOENCODING crash in the kaggle-cli SUBPROCESS itself). OOF 0.942884 at tabicl_max_context=3000, n_folds=2 -- exact bit-for-bit match to the local smoke test with the same seed, confirming Kaggle T4 and local RTX 3060 give identical results. Ready for the full-scale P1 run (535k context, n_folds=5)."
eb05a245,2026-09-08T00:48:26+00:00,d0f2fe8cbaca98b6a4b33eaf9a3fa5cd070a9c2b,False,local,,O1: CatBoost E5 recipe + native categorical income (ordered target stats) alongside manual TE,660.3,17.0,5,42,0.945156,0.000597,0.94515,,,experiments/preds/eb05a245,192 176 244 190 186,0.944304 0.944781 0.946074 0.94542 0.945199,42.0,"Annual_Income_USD,Daily_Commute_km,Age",cat_Annual_Income_USD,O1,,cat,,0.94515,,,,,"HYPOTHESIS: E5 manual per-value TE (te_smooth=5-equivalent via te_smooth=20 default backoff prior here, neighborhood backoff not enabled) is one specific regularization of income value->rate lookup. CatBoost native categorical handling uses ORDERED target statistics -- permutation-based, leak-resistant, structurally different from our static fold-fit TE and from LightGBMs free-form categorical split (F1, -0.000999). MECHANISM TESTED: if manual TE already extracts everything extractable (Phase 1c residual-variance-ratio 0.846, near floor), handing raw identity to a second encoder is redundant -- null or negative. RESULT: OOF 0.945150 vs solo E5 baseline 0.945648, Delta -0.000498 -- CLEAR NEGATIVE, ~5x the shipping gate in the wrong direction. best_iter collapsed to [176,244] vs E5s own [336,466] -- the F1/H2/H3 displacement signature: the tree eats the coarse-but-strong native-categorical lookup greedily and early-stops before refining the fine per-feature curves the manual TE+backoff was built to expose slowly over ~400 rounds. CONCLUSION: a differently-regularized (ordered-TS) categorical mechanism does not escape the displacement failure mode -- it is a property of handing ANY tree learner the raw high-cardinality identity as a single categorical split target, not specific to LightGBMs unregularized split search. Confirms the encoder axis is closed a further way. No slot spent: negative OOF delta."
56bbf69e,2026-09-08T01:07:30+00:00,d0f2fe8cbaca98b6a4b33eaf9a3fa5cd070a9c2b,True,local,,O2: EBM with interactions=8 (auto-detected pairwise terms) vs M1 interactions=0,1892.3,16.0,5,42,0.945019,0.00057,0.945015,,,experiments/preds/56bbf69e,0 0 0 0 0,0.944159 0.944761 0.945904 0.945196 0.945073,42.0,"Annual_Income_USD,Daily_Commute_km,Age",,O2,,ebm,,,,0.945015,,,"HYPOTHESIS: M1 (interactions=0) matched E1 within 0.0002/fold, the strongest additivity confirmation yet. Untested: whether EBMs OWN principled interaction search (FAST algorithm, picks highest-marginal-gain pairs) finds anything worth having, vs GLMs brute-force all-28 (+0.000033) or a hand-picked paired-key TE (H2/H3, both negative via displacement). MECHANISM: if generator is truly additive, auto-selected interactions should carry near-zero real gain, so spending model capacity/rounds on them should be neutral-to-negative rather than helpful. RESULT: OOF 0.945015 vs M1 0.945550, Delta -0.000535 -- NEGATIVE, worse than the pure-additive EBM. CONCLUSION: this is the fifth independent confirmation of additivity (after GLM pairwise terms, the additive_only tree constraint, joint-key residual ratios, M1 matching E1 fold-for-fold, and now an automatic interaction-selection algorithm actively hurting when allowed to add terms). The mechanism likely mirrors the capacity/interaction-forbidding finding (Phase 3b): rounds/capacity spent fitting the 8 selected interactions come out of the additive per-feature shape-resolution budget that is the actual lever here, so even genuinely-selected interactions cost more in displaced shape-fitting than they return. Wall-clock cost was much higher too: ~1892s vs M1s 163s, since FAST interaction search happens per fold. No slot spent: negative OOF delta."
c6addbeb,2026-09-09T00:12:18+00:00,d0f2fe8cbaca98b6a4b33eaf9a3fa5cd070a9c2b,True,local,,"P3: add Deotte's recovered generator recipe (buy_score, worry_score) as two engineered columns on E1",209.3,18.0,5,42,0.945507,0.000622,0.945498,,,experiments/preds/c6addbeb,369 383 379 377 444,0.944589 0.945127 0.946426 0.945823 0.945568,42.0,"Annual_Income_USD,Daily_Commute_km,Age","buy_score,worry_score",P3_recipe_score,0.945498,lgb,,,,,,,"HYPOTHESIS: cdeotte (kaggle.com/code/cdeotte/fable-5-1-eda-original-data-insights) recovered the ORIGIN dataset's exact NumPy seed (101) and reproduced all 10000 rows bit-for-bit, reading off the literal generator rule: buy_score = 1.2*(income/1e5) + 0.6*concern + 2*subsidy - 1*(anxiety=Medium) - 3*(anxiety=High), threshold 5.5; worry_score = commute - 5*chargers_home - 5*chargers_work - 150*home_charging, cut -25/75 into Range_Anxiety_Level. Exposing the TRUE closed-form score (not a guessed proxy) as two extra columns might let the tree resolve its additive shapes with less estimation noise. PRIOR AGAINST: georgymamarin independently tested 'handing the tree the output of an additive model as an extra column' on their own baseline and it 'was worth nothing'; matches our own F1/H2/H3 displacement pattern (precomputed composite features crowd out finer per-feature resolution). UNSUPERVISED feature (fixed generator coefficients, not fit on our target) -- no leak risk either way. GATE: +0.0000949 OOF vs E1 0.945642, expected null."
fb2aefef,2026-09-09T00:15:15+00:00,d0f2fe8cbaca98b6a4b33eaf9a3fa5cd070a9c2b,True,local,,P1: target-encode the 6 native categoricals in addition to E1's 3 numerics,403.6,22.0,5,42,0.94564,0.00063,0.945634,,,experiments/preds/fb2aefef,1347 1290 995 1055 966,0.94477 0.945228 0.946625 0.945941 0.945638,42.0,"Annual_Income_USD,Daily_Commute_km,Age,Gender,City_Type,Current_Car_Type,Home_Charging_Possible,Subsidy_Available,Range_Anxiety_Level",,P1_cat_te,0.945634,lgb,,,,,,,"HYPOTHESIS: TE'ing the 6 native-categorical columns (Gender, City_Type, Current_Car_Type, Home_Charging_Possible, Subsidy_Available, Range_Anxiety_Level) captures structure LightGBM's native categorical split leaves on the table, the way per-value TE did for income. SOURCE: dariushafshar (kaggle.com/code/dariushafshar/s6e9-0-94585-1-of-4-ingredients-carries-it) reports TE-ing every column including categoricals as their single largest feature gain (+0.0011) on a weaker baseline; our own C7 test only ever covered the 7 numerics, never the categoricals -- genuine untested gap. MECHANISM IF POSITIVE: TE gives a smoothed, backoff-aware per-level rate; native categorical splits sort levels by gradient/hessian with no shrinkage for rare levels. GATE: +0.0000949 OOF (README S4 shipping gate) vs E1 0.945642."
18cf4e13,2026-09-09T00:15:19+00:00,d0f2fe8cbaca98b6a4b33eaf9a3fa5cd070a9c2b,True,local,,P2: raise LightGBM max_bin 255 to 1023 on E1,402.1,16.0,5,42,0.945652,0.000652,0.945644,,,experiments/preds/18cf4e13,997 1619 953 772 1211,0.944678 0.945381 0.946662 0.945934 0.945607,42.0,"Annual_Income_USD,Daily_Commute_km,Age",,P2_max_bin,0.945644,lgb,,,,,,,"HYPOTHESIS: default max_bin=255 caps the RAW Annual_Income_USD (13214 distinct) and Daily_Commute_km (805 distinct) columns' native split resolution below their true cardinality, even though the TE columns already give full per-value resolution alongside them. SOURCE: georgymamarin (kaggle.com/code/georgymamarin/s6e9-starter-how-to-tell-a-real-gain-from-noise S9/S10) reports the bin cap as their single largest lever on a baseline WITHOUT per-value TE. PREDICTED RESULT: likely null on our recipe specifically -- Phase 1c already measured the income lookup as fully extracted via TE (per-key residual variance ratio <1), so this probe is a confirmatory close of that axis for us, not a fresh discovery. GATE: +0.0000949 OOF vs E1 0.945642."
13692fb1,2026-09-09T00:15:41+00:00,d0f2fe8cbaca98b6a4b33eaf9a3fa5cd070a9c2b,True,local,,"P4: unsupervised frequency encoding (train union test counts) on all 13 raw columns, on E1",403.6,29.0,5,42,0.9457,0.000653,0.945694,0.94588,,experiments/preds/13692fb1,1093 955 1158 993 1003,0.944789 0.945302 0.946735 0.945969 0.945707,42.0,"Annual_Income_USD,Daily_Commute_km,Age","freq_Age,freq_Annual_Income_USD,freq_Daily_Commute_km,freq_Number_of_Cars_Owned,freq_Charging_Stations_Near_Home,freq_Charging_Stations_Near_Work,freq_Environmental_Concern_Level,freq_Gender,freq_City_Type,freq_Current_Car_Type,freq_Home_Charging_Possible,freq_Subsidy_Available,freq_Range_Anxiety_Level",P4_freq_all,0.945694,lgb,,,,,,,"HYPOTHESIS: value-count carries information LightGBM's default max_bin=255 cannot otherwise see on the two wide numerics, and may help even the low-cardinality columns by exposing rarity directly rather than through split order. SOURCE: evgendvorkin (kaggle.com/code/evgendvorkin/s6e9-single-xgb-cv-0-94583) reports +0.00119 for frequency-encoding on a baseline without our TE. UNSUPERVISED (train union test value counts, no target used -- README S3 explicitly permits this). Distinct from our existing te_count_feature, which only ever ran alongside a te_cols entry -- this covers all 13 columns including the 10 never covered by C4/D3. GATE: +0.0000949 OOF vs E1 0.945642."
3e9e7b34,2026-09-09T00:15:47+00:00,d0f2fe8cbaca98b6a4b33eaf9a3fa5cd070a9c2b,True,local,,"P5: append the 10k-row ORIGIN dataset as extra training-only rows in every fold, on E1",391.2,16.0,5,42,0.945419,0.000619,0.945413,,,experiments/preds/3e9e7b34,1175 1474 1130 560 1132,0.944464 0.945145 0.94636 0.945574 0.945553,42.0,"Annual_Income_USD,Daily_Commute_km,Age",,P5_origin_extra,0.945413,lgb,,,,,,,"HYPOTHESIS: 10000 extra rows from the dataset the competition's generator was itself fit to (itzzomkar/ev-adoption-behavior-and-range-anxiety) might sharpen the model's estimate of the underlying additive recipe, even though they come from a DIFFERENT machine than Kaggle's own generator (georgymamarin S16: the origin script vs Kaggle's fitted generator are demonstrably different -- calibration of the recovered recipe disagrees with the competition data in places). Rows are appended to each fold's TRAINING partition only, never validated on, never in test -- so this cannot leak into the OOF score, only change what the model is fit on. SOURCE: explicitly flagged as untested by georgymamarin ('someone should put a number on it'); our own README only measured origin/test row overlap (82 rows), never this axis. GATE: +0.0000949 OOF vs E1 0.945642, uncertain prior (could go either way given the distribution mismatch)."
631bbe8f,2026-09-09T00:28:45+00:00,d0f2fe8cbaca98b6a4b33eaf9a3fa5cd070a9c2b,,stack,,"logit stack, 11 legs, C=0.1",,,5,42,,,0.945774,0.9459,,experiments/preds/631bbe8f,,,,,,logit_stack,,,,,,,,,"HYPOTHESIS: a fitted logistic combiner can down-weight (not just average) legs that are individually sub-floor (cat 0.945150, ebm 0.945015/0.945550, emb 0.944912), recovering more than either the curated 6-leg stack or a fixed blend of the same 11-leg pool. MECHANISM: highest OOF on record for this competition (0.945774, +0.000031 vs champion 0.945743), built at zero incremental training cost from artifacts already on disk (playbook S1). GATE: +0.0002 vs champion; actual +0.000031, MISS. Submitted anyway as an instrument point at a new pool size (11 legs, not yet measured) -- LB 0.94590 ties D (a536d5e7) as the best LB on record, +0.00002 over the prior best 0.94588, but that delta is far under the GBDT-family residual sigma (0.000092) and the OOF gate itself missed, so this is NOT read as a champion change."
2aa6afb9,2026-09-09T00:29:45+00:00,d0f2fe8cbaca98b6a4b33eaf9a3fa5cd070a9c2b,,stack,,"rank_mean blend, 11 legs, equal weights",,,5,42,,,0.94573,0.94584,,experiments/preds/2aa6afb9,,,,,,blend,,,,,,,,,"HYPOTHESIS: does Phase 11's 'fixed beats fitted' finding (true at 6 near-twin legs: champion 0.945743 vs logit_stack 0.945719) still hold once the pool includes several genuinely weaker, architecturally different legs (cat 0.945150, 2x ebm 0.945015/0.945550, emb 0.944912)? MECHANISM: NO -- reverses. This fixed 11-leg blend (0.945730) loses -0.000044 OOF to the fitted 11-leg stack (631bbe8f, 0.945774), because a fixed average cannot down-weight the weaker members the way a fitted logistic combiner can; averaging in a cat/ebm/emb leg near solo 0.945 dilutes the pool where a fitted combiner shrinks its weight instead. Confirms stack_logit.py's own note: 'fitted or fixed -- test both, assume neither', the answer depends on pool composition. LB 0.94584 is the lowest of this round's three probes, same ordering as OOF (A > D > B), and -0.00006 below A/D -- the fixed-vs-fitted gap replicates on the leaderboard, not just offline."
d7beea36,2026-09-09T00:30:06+00:00,d0f2fe8cbaca98b6a4b33eaf9a3fa5cd070a9c2b,,stack,,"logit stack, 5 legs, C=1.0",,,5,42,,,0.945701,,,experiments/preds/d7beea36,,,,,,logit_stack,,,,,,,,,probe only
a536d5e7,2026-09-09T00:30:28+00:00,d0f2fe8cbaca98b6a4b33eaf9a3fa5cd070a9c2b,,stack,,"logit stack, 6 legs, C=0.1",,,5,42,,,0.945768,0.9459,,experiments/preds/a536d5e7,,,,,,logit_stack,,,,,,,,,"HYPOTHESIS: CLAUDE.md's ADD/SWAP-at-constant-pool-size rule applied literally -- swap the curated pool's two weakest solo legs (D2 0.945402, E4d 0.945511) for the two best-performing artifacts not yet in the pool (P4 lgb freq-encoding twin 0.945694, M1 EBM 0.945550), holding pool size at 6. MECHANISM: beats both the original curated 6-leg stack (0.945719, +0.000049) and the champion (0.945743, +0.000025) -- the best single swap tested this phase -- but still short of the +0.0002 gate. GATE: MISS (+0.000025 of +0.0002). LB 0.94590 ties A (631bbe8f) as best LB on record, +0.00002 over champion's 0.94588; under the GBDT-family residual sigma (0.000092), so read as noise-indistinguishable, not a confirmed gain -- no pool.json/champion change made."
bdc92691,2026-09-10T13:46:45+00:00,e00d777d229d0ee29eb39335edcc69a5b5379753,True,local,,"R0: full reimplementation of the public frontier recipe (jazivxt/single-model-zoom-zoom, forked as najiama/pure-lgbm-model, 55 votes) -- digit decomposition, multi-scale neighbour-pooled income shape encoder, dual TE smoothing, blanket frequency encoding, recovered generator recipe, and their own LightGBM hyperparameters",422.6,154.0,5,42,0.945995,0.000627,0.945989,0.94614,,experiments/preds/bdc92691,1223 1193 1429 1200 1331,0.945033 0.945703 0.946928 0.946288 0.946025,42.0,"Annual_Income_USD,Daily_Commute_km,Age","buy_score,worry_score,freq_Age,freq_Annual_Income_USD,freq_Daily_Commute_km,freq_Number_of_Cars_Owned,freq_Charging_Stations_Near_Home,freq_Charging_Stations_Near_Work,freq_Environmental_Concern_Level,freq_Gender,freq_City_Type,freq_Current_Car_Type,freq_Home_Charging_Possible,freq_Subsidy_Available,freq_Range_Anxiety_Level,digit_Age_-4,digit_Age_-3,digit_Age_-2,digit_Age_-1,digit_Age_0,digit_Age_1,digit_Age_2,digit_Age_3,digit_Annual_Income_USD_-4,digit_Annual_Income_USD_-3,digit_Annual_Income_USD_-2,digit_Annual_Income_USD_-1,digit_Annual_Income_USD_0,digit_Annual_Income_USD_1,digit_Annual_Income_USD_2,digit_Annual_Income_USD_3,digit_Daily_Commute_km_-4,digit_Daily_Commute_km_-3,digit_Daily_Commute_km_-2,digit_Daily_Commute_km_-1,digit_Daily_Commute_km_0,digit_Daily_Commute_km_1,digit_Daily_Commute_km_2,digit_Daily_Commute_km_3,digit_Number_of_Cars_Owned_-4,digit_Number_of_Cars_Owned_-3,digit_Number_of_Cars_Owned_-2,digit_Number_of_Cars_Owned_-1,digit_Number_of_Cars_Owned_0,digit_Number_of_Cars_Owned_1,digit_Number_of_Cars_Owned_2,digit_Number_of_Cars_Owned_3,digit_Charging_Stations_Near_Home_-4,digit_Charging_Stations_Near_Home_-3,digit_Charging_Stations_Near_Home_-2,digit_Charging_Stations_Near_Home_-1,digit_Charging_Stations_Near_Home_0,digit_Charging_Stations_Near_Home_1,digit_Charging_Stations_Near_Home_2,digit_Charging_Stations_Near_Home_3,digit_Charging_Stations_Near_Work_-4,digit_Charging_Stations_Near_Work_-3,digit_Charging_Stations_Near_Work_-2,digit_Charging_Stations_Near_Work_-1,digit_Charging_Stations_Near_Work_0,digit_Charging_Stations_Near_Work_1,digit_Charging_Stations_Near_Work_2,digit_Charging_Stations_Near_Work_3,digit_Environmental_Concern_Level_-4,digit_Environmental_Concern_Level_-3,digit_Environmental_Concern_Level_-2,digit_Environmental_Concern_Level_-1,digit_Environmental_Concern_Level_0,digit_Environmental_Concern_Level_1,digit_Environmental_Concern_Level_2,digit_Environmental_Concern_Level_3,freqdig_Age_-4,freqdig_Age_-3,freqdig_Age_-2,freqdig_Age_-1,freqdig_Age_0,freqdig_Age_1,freqdig_Age_2,freqdig_Age_3,freqdig_Annual_Income_USD_-4,freqdig_Annual_Income_USD_-3,freqdig_Annual_Income_USD_-2,freqdig_Annual_Income_USD_-1,freqdig_Annual_Income_USD_0,freqdig_Annual_Income_USD_1,freqdig_Annual_Income_USD_2,freqdig_Annual_Income_USD_3,freqdig_Daily_Commute_km_-4,freqdig_Daily_Commute_km_-3,freqdig_Daily_Commute_km_-2,freqdig_Daily_Commute_km_-1,freqdig_Daily_Commute_km_0,freqdig_Daily_Commute_km_1,freqdig_Daily_Commute_km_2,freqdig_Daily_Commute_km_3,freqdig_Charging_Stations_Near_Home_-4,freqdig_Charging_Stations_Near_Home_-3,freqdig_Charging_Stations_Near_Home_-2,freqdig_Charging_Stations_Near_Home_-1,freqdig_Charging_Stations_Near_Home_0,freqdig_Charging_Stations_Near_Home_1,freqdig_Charging_Stations_Near_Home_2,freqdig_Charging_Stations_Near_Home_3,freqdig_Charging_Stations_Near_Work_-4,freqdig_Charging_Stations_Near_Work_-3,freqdig_Charging_Stations_Near_Work_-2,freqdig_Charging_Stations_Near_Work_-1,freqdig_Charging_Stations_Near_Work_0,freqdig_Charging_Stations_Near_Work_1,freqdig_Charging_Stations_Near_Work_2,freqdig_Charging_Stations_Near_Work_3,freqdig_Environmental_Concern_Level_-4,freqdig_Environmental_Concern_Level_-3,freqdig_Environmental_Concern_Level_-2,freqdig_Environmental_Concern_Level_-1,freqdig_Environmental_Concern_Level_0,freqdig_Environmental_Concern_Level_1,freqdig_Environmental_Concern_Level_2,freqdig_Environmental_Concern_Level_3",R0,0.945989,lgb,,,,,,,"HYPOTHESIS: their OOF (0.946064, read as a diagnostic per README section 5) reproduces under our own frozen split and leakage protocol once the ingredients are reimplemented from scratch. MECHANISM: our per-value TE keys Annual_Income_USD at ~50 rows/value, so the rate estimate's own SE (~0.053) is close to the real per-value SD (0.0748) -- signal-to-noise ~1.4:1. Their multi-scale neighbour-pooled shape encoder (te_shape_cols) pools adjacent bins to cut that SE while slope/curvature channels hand the tree the local derivative -- finer than our own H1 test (100 quantile bins, smooth 500). GATE: OOF >= 0.94600 reproduces the recipe and is a new champion (+0.00036 over E1); 0.94580-0.94600 says the mechanism is real but reproduction incomplete; <0.94580 says either an ingredient was mis-read or their published 0.946064 reflects the leaky pass-2 restratification their own notebook flags as not an independent confirmation. SCOPE NOTE: fe_digit_cols restricted to the 7 native NUMERIC raw columns. te_multi_smooth applied only to E1's existing 3 te_cols. NO SUBMIT: slots spent adaptively per the plan once R0/ablation OOF numbers are in."
ea2531a7,2026-09-10T13:52:26+00:00,e00d777d229d0ee29eb39335edcc69a5b5379753,True,local,,"S1: E1 + multi-scale neighbour-pooled income shape encoder ONLY (16 shape channels, E1's own params) -- the minimal-champion test",180.4,32.0,5,42,0.945796,0.000637,0.945787,0.94608,,experiments/preds/ea2531a7,959 988 930 773 1174,0.944808 0.945513 0.946731 0.946107 0.945819,42.0,"Annual_Income_USD,Daily_Commute_km,Age",,S1,0.945787,lgb,,,,,,,"HYPOTHESIS: te_shape_cols is R0's primary carrier (prime suspect per the mechanism: our per-value TE keys income at ~50 rows/value, SNR ~1.4:1; neighbour pooling cuts the estimate's SE). If so, S1 should capture most of R0's +0.000347 gain at ~16 features instead of R0's 154 -- a far better champion (fewer knobs, no digit/freq/recipe-score machinery). GATE: if S1 >= 0.94590 (captures >70% of R0's gain), it becomes the leading champion candidate over R0's heavier bundle."
90e00e54,2026-09-10T14:01:04+00:00,e00d777d229d0ee29eb39335edcc69a5b5379753,True,local,,"R1: R0 - digit block (fe_digit_cols=[], freq_digit_cols=[]) -- ablation to find R0's carrier",358.7,50.0,5,42,0.945946,0.000622,0.945939,0.94614,,experiments/preds/90e00e54,1027 1225 1170 989 1786,0.945003 0.945607 0.946847 0.946286 0.94599,42.0,"Annual_Income_USD,Daily_Commute_km,Age","buy_score,worry_score,freq_Age,freq_Annual_Income_USD,freq_Daily_Commute_km,freq_Number_of_Cars_Owned,freq_Charging_Stations_Near_Home,freq_Charging_Stations_Near_Work,freq_Environmental_Concern_Level,freq_Gender,freq_City_Type,freq_Current_Car_Type,freq_Home_Charging_Possible,freq_Subsidy_Available,freq_Range_Anxiety_Level",R1,0.945939,lgb,,,,,,,"HYPOTHESIS: the digit-decomposition block is a minor contributor -- read-only analysis (README Phase 14) already showed the ones-digit effect is almost entirely the 30000-clip pile that E1's per-value TE already captures, and restricted to unclipped rows the digit ratio drops to ~5-10x SE, real but modest. GATE: if R1 is within ~0.00005 of R0 (0.945989), digit block confirmed minor; if R1 drops materially (>0.0001), digit block is a real independent contributor and this reading is wrong."
e87bed07,2026-09-10T14:10:23+00:00,e00d777d229d0ee29eb39335edcc69a5b5379753,True,local,,R2: R0 - shape block (te_shape_cols=[]) -- ablation to find R0's carrier,422.4,138.0,5,42,0.945885,0.000647,0.945877,0.946,,experiments/preds/e87bed07,1371 1226 1408 1065 1009,0.944923 0.945555 0.946875 0.946166 0.945905,42.0,"Annual_Income_USD,Daily_Commute_km,Age","buy_score,worry_score,freq_Age,freq_Annual_Income_USD,freq_Daily_Commute_km,freq_Number_of_Cars_Owned,freq_Charging_Stations_Near_Home,freq_Charging_Stations_Near_Work,freq_Environmental_Concern_Level,freq_Gender,freq_City_Type,freq_Current_Car_Type,freq_Home_Charging_Possible,freq_Subsidy_Available,freq_Range_Anxiety_Level,digit_Age_-4,digit_Age_-3,digit_Age_-2,digit_Age_-1,digit_Age_0,digit_Age_1,digit_Age_2,digit_Age_3,digit_Annual_Income_USD_-4,digit_Annual_Income_USD_-3,digit_Annual_Income_USD_-2,digit_Annual_Income_USD_-1,digit_Annual_Income_USD_0,digit_Annual_Income_USD_1,digit_Annual_Income_USD_2,digit_Annual_Income_USD_3,digit_Daily_Commute_km_-4,digit_Daily_Commute_km_-3,digit_Daily_Commute_km_-2,digit_Daily_Commute_km_-1,digit_Daily_Commute_km_0,digit_Daily_Commute_km_1,digit_Daily_Commute_km_2,digit_Daily_Commute_km_3,digit_Number_of_Cars_Owned_-4,digit_Number_of_Cars_Owned_-3,digit_Number_of_Cars_Owned_-2,digit_Number_of_Cars_Owned_-1,digit_Number_of_Cars_Owned_0,digit_Number_of_Cars_Owned_1,digit_Number_of_Cars_Owned_2,digit_Number_of_Cars_Owned_3,digit_Charging_Stations_Near_Home_-4,digit_Charging_Stations_Near_Home_-3,digit_Charging_Stations_Near_Home_-2,digit_Charging_Stations_Near_Home_-1,digit_Charging_Stations_Near_Home_0,digit_Charging_Stations_Near_Home_1,digit_Charging_Stations_Near_Home_2,digit_Charging_Stations_Near_Home_3,digit_Charging_Stations_Near_Work_-4,digit_Charging_Stations_Near_Work_-3,digit_Charging_Stations_Near_Work_-2,digit_Charging_Stations_Near_Work_-1,digit_Charging_Stations_Near_Work_0,digit_Charging_Stations_Near_Work_1,digit_Charging_Stations_Near_Work_2,digit_Charging_Stations_Near_Work_3,digit_Environmental_Concern_Level_-4,digit_Environmental_Concern_Level_-3,digit_Environmental_Concern_Level_-2,digit_Environmental_Concern_Level_-1,digit_Environmental_Concern_Level_0,digit_Environmental_Concern_Level_1,digit_Environmental_Concern_Level_2,digit_Environmental_Concern_Level_3,freqdig_Age_-4,freqdig_Age_-3,freqdig_Age_-2,freqdig_Age_-1,freqdig_Age_0,freqdig_Age_1,freqdig_Age_2,freqdig_Age_3,freqdig_Annual_Income_USD_-4,freqdig_Annual_Income_USD_-3,freqdig_Annual_Income_USD_-2,freqdig_Annual_Income_USD_-1,freqdig_Annual_Income_USD_0,freqdig_Annual_Income_USD_1,freqdig_Annual_Income_USD_2,freqdig_Annual_Income_USD_3,freqdig_Daily_Commute_km_-4,freqdig_Daily_Commute_km_-3,freqdig_Daily_Commute_km_-2,freqdig_Daily_Commute_km_-1,freqdig_Daily_Commute_km_0,freqdig_Daily_Commute_km_1,freqdig_Daily_Commute_km_2,freqdig_Daily_Commute_km_3,freqdig_Charging_Stations_Near_Home_-4,freqdig_Charging_Stations_Near_Home_-3,freqdig_Charging_Stations_Near_Home_-2,freqdig_Charging_Stations_Near_Home_-1,freqdig_Charging_Stations_Near_Home_0,freqdig_Charging_Stations_Near_Home_1,freqdig_Charging_Stations_Near_Home_2,freqdig_Charging_Stations_Near_Home_3,freqdig_Charging_Stations_Near_Work_-4,freqdig_Charging_Stations_Near_Work_-3,freqdig_Charging_Stations_Near_Work_-2,freqdig_Charging_Stations_Near_Work_-1,freqdig_Charging_Stations_Near_Work_0,freqdig_Charging_Stations_Near_Work_1,freqdig_Charging_Stations_Near_Work_2,freqdig_Charging_Stations_Near_Work_3,freqdig_Environmental_Concern_Level_-4,freqdig_Environmental_Concern_Level_-3,freqdig_Environmental_Concern_Level_-2,freqdig_Environmental_Concern_Level_-1,freqdig_Environmental_Concern_Level_0,freqdig_Environmental_Concern_Level_1,freqdig_Environmental_Concern_Level_2,freqdig_Environmental_Concern_Level_3",R2,0.945877,lgb,,,,,,,"HYPOTHESIS: te_shape_cols is R0's PRIMARY carrier -- S1 (E1 + shape encoder only, no other R0 ingredients) already scored 0.945787, +0.000145 over E1 on its own. GATE: R2 should drop MORE than R1 did (digit block only cost -0.00005) -- if R2 falls by >0.00015 vs R0, shape encoder confirmed as the largest single contributor."
0f742d1d,2026-09-10T14:13:16+00:00,e00d777d229d0ee29eb39335edcc69a5b5379753,,stack,,"logit stack, 7 legs, C=0.1",,,5,42,,,0.946027,0.94616,,experiments/preds/0f742d1d,,,,,,logit_stack,,,,,,,,,"R0 + existing 6-leg pool, dry run to check stack OOF before deciding whether to spend a slot"
77c52611,2026-09-11T18:16:08+00:00,c8168d6558313724d2fe96e82f87770ea61cbaf6,True,local,,Ia_no_recipe_score: strict twin of R0,352.6,152.0,5,42,0.946001,0.000642,0.945995,,,experiments/preds/77c52611,1248 1452 1241 1163 1244,0.94503 0.945685 0.946939 0.946371 0.945982,42.0,"Annual_Income_USD,Daily_Commute_km,Age","freq_Age,freq_Annual_Income_USD,freq_Daily_Commute_km,freq_Number_of_Cars_Owned,freq_Charging_Stations_Near_Home,freq_Charging_Stations_Near_Work,freq_Environmental_Concern_Level,freq_Gender,freq_City_Type,freq_Current_Car_Type,freq_Home_Charging_Possible,freq_Subsidy_Available,freq_Range_Anxiety_Level,digit_Age_-4,digit_Age_-3,digit_Age_-2,digit_Age_-1,digit_Age_0,digit_Age_1,digit_Age_2,digit_Age_3,digit_Annual_Income_USD_-4,digit_Annual_Income_USD_-3,digit_Annual_Income_USD_-2,digit_Annual_Income_USD_-1,digit_Annual_Income_USD_0,digit_Annual_Income_USD_1,digit_Annual_Income_USD_2,digit_Annual_Income_USD_3,digit_Daily_Commute_km_-4,digit_Daily_Commute_km_-3,digit_Daily_Commute_km_-2,digit_Daily_Commute_km_-1,digit_Daily_Commute_km_0,digit_Daily_Commute_km_1,digit_Daily_Commute_km_2,digit_Daily_Commute_km_3,digit_Number_of_Cars_Owned_-4,digit_Number_of_Cars_Owned_-3,digit_Number_of_Cars_Owned_-2,digit_Number_of_Cars_Owned_-1,digit_Number_of_Cars_Owned_0,digit_Number_of_Cars_Owned_1,digit_Number_of_Cars_Owned_2,digit_Number_of_Cars_Owned_3,digit_Charging_Stations_Near_Home_-4,digit_Charging_Stations_Near_Home_-3,digit_Charging_Stations_Near_Home_-2,digit_Charging_Stations_Near_Home_-1,digit_Charging_Stations_Near_Home_0,digit_Charging_Stations_Near_Home_1,digit_Charging_Stations_Near_Home_2,digit_Charging_Stations_Near_Home_3,digit_Charging_Stations_Near_Work_-4,digit_Charging_Stations_Near_Work_-3,digit_Charging_Stations_Near_Work_-2,digit_Charging_Stations_Near_Work_-1,digit_Charging_Stations_Near_Work_0,digit_Charging_Stations_Near_Work_1,digit_Charging_Stations_Near_Work_2,digit_Charging_Stations_Near_Work_3,digit_Environmental_Concern_Level_-4,digit_Environmental_Concern_Level_-3,digit_Environmental_Concern_Level_-2,digit_Environmental_Concern_Level_-1,digit_Environmental_Concern_Level_0,digit_Environmental_Concern_Level_1,digit_Environmental_Concern_Level_2,digit_Environmental_Concern_Level_3,freqdig_Age_-4,freqdig_Age_-3,freqdig_Age_-2,freqdig_Age_-1,freqdig_Age_0,freqdig_Age_1,freqdig_Age_2,freqdig_Age_3,freqdig_Annual_Income_USD_-4,freqdig_Annual_Income_USD_-3,freqdig_Annual_Income_USD_-2,freqdig_Annual_Income_USD_-1,freqdig_Annual_Income_USD_0,freqdig_Annual_Income_USD_1,freqdig_Annual_Income_USD_2,freqdig_Annual_Income_USD_3,freqdig_Daily_Commute_km_-4,freqdig_Daily_Commute_km_-3,freqdig_Daily_Commute_km_-2,freqdig_Daily_Commute_km_-1,freqdig_Daily_Commute_km_0,freqdig_Daily_Commute_km_1,freqdig_Daily_Commute_km_2,freqdig_Daily_Commute_km_3,freqdig_Charging_Stations_Near_Home_-4,freqdig_Charging_Stations_Near_Home_-3,freqdig_Charging_Stations_Near_Home_-2,freqdig_Charging_Stations_Near_Home_-1,freqdig_Charging_Stations_Near_Home_0,freqdig_Charging_Stations_Near_Home_1,freqdig_Charging_Stations_Near_Home_2,freqdig_Charging_Stations_Near_Home_3,freqdig_Charging_Stations_Near_Work_-4,freqdig_Charging_Stations_Near_Work_-3,freqdig_Charging_Stations_Near_Work_-2,freqdig_Charging_Stations_Near_Work_-1,freqdig_Charging_Stations_Near_Work_0,freqdig_Charging_Stations_Near_Work_1,freqdig_Charging_Stations_Near_Work_2,freqdig_Charging_Stations_Near_Work_3,freqdig_Environmental_Concern_Level_-4,freqdig_Environmental_Concern_Level_-3,freqdig_Environmental_Concern_Level_-2,freqdig_Environmental_Concern_Level_-1,freqdig_Environmental_Concern_Level_0,freqdig_Environmental_Concern_Level_1,freqdig_Environmental_Concern_Level_2,freqdig_Environmental_Concern_Level_3",Ia_no_recipe_score,0.945995,lgb,,,,,,,X2 Ia: R0 - fe_recipe_score (P3 measured this ingredient at -0.000144 on E1; expect a gain)
47838d89,2026-09-11T18:20:39+00:00,fe35aa8583e18042a12a64dd4fa559c21691b376,True,local,,Ib_triple_smooth: strict twin of R0,265.0,157.0,5,42,0.946015,0.000623,0.946008,,,experiments/preds/47838d89,1161 1187 1530 1132 1185,0.945097 0.945689 0.946963 0.946322 0.946005,42.0,"Annual_Income_USD,Daily_Commute_km,Age","buy_score,worry_score,freq_Age,freq_Annual_Income_USD,freq_Daily_Commute_km,freq_Number_of_Cars_Owned,freq_Charging_Stations_Near_Home,freq_Charging_Stations_Near_Work,freq_Environmental_Concern_Level,freq_Gender,freq_City_Type,freq_Current_Car_Type,freq_Home_Charging_Possible,freq_Subsidy_Available,freq_Range_Anxiety_Level,digit_Age_-4,digit_Age_-3,digit_Age_-2,digit_Age_-1,digit_Age_0,digit_Age_1,digit_Age_2,digit_Age_3,digit_Annual_Income_USD_-4,digit_Annual_Income_USD_-3,digit_Annual_Income_USD_-2,digit_Annual_Income_USD_-1,digit_Annual_Income_USD_0,digit_Annual_Income_USD_1,digit_Annual_Income_USD_2,digit_Annual_Income_USD_3,digit_Daily_Commute_km_-4,digit_Daily_Commute_km_-3,digit_Daily_Commute_km_-2,digit_Daily_Commute_km_-1,digit_Daily_Commute_km_0,digit_Daily_Commute_km_1,digit_Daily_Commute_km_2,digit_Daily_Commute_km_3,digit_Number_of_Cars_Owned_-4,digit_Number_of_Cars_Owned_-3,digit_Number_of_Cars_Owned_-2,digit_Number_of_Cars_Owned_-1,digit_Number_of_Cars_Owned_0,digit_Number_of_Cars_Owned_1,digit_Number_of_Cars_Owned_2,digit_Number_of_Cars_Owned_3,digit_Charging_Stations_Near_Home_-4,digit_Charging_Stations_Near_Home_-3,digit_Charging_Stations_Near_Home_-2,digit_Charging_Stations_Near_Home_-1,digit_Charging_Stations_Near_Home_0,digit_Charging_Stations_Near_Home_1,digit_Charging_Stations_Near_Home_2,digit_Charging_Stations_Near_Home_3,digit_Charging_Stations_Near_Work_-4,digit_Charging_Stations_Near_Work_-3,digit_Charging_Stations_Near_Work_-2,digit_Charging_Stations_Near_Work_-1,digit_Charging_Stations_Near_Work_0,digit_Charging_Stations_Near_Work_1,digit_Charging_Stations_Near_Work_2,digit_Charging_Stations_Near_Work_3,digit_Environmental_Concern_Level_-4,digit_Environmental_Concern_Level_-3,digit_Environmental_Concern_Level_-2,digit_Environmental_Concern_Level_-1,digit_Environmental_Concern_Level_0,digit_Environmental_Concern_Level_1,digit_Environmental_Concern_Level_2,digit_Environmental_Concern_Level_3,freqdig_Age_-4,freqdig_Age_-3,freqdig_Age_-2,freqdig_Age_-1,freqdig_Age_0,freqdig_Age_1,freqdig_Age_2,freqdig_Age_3,freqdig_Annual_Income_USD_-4,freqdig_Annual_Income_USD_-3,freqdig_Annual_Income_USD_-2,freqdig_Annual_Income_USD_-1,freqdig_Annual_Income_USD_0,freqdig_Annual_Income_USD_1,freqdig_Annual_Income_USD_2,freqdig_Annual_Income_USD_3,freqdig_Daily_Commute_km_-4,freqdig_Daily_Commute_km_-3,freqdig_Daily_Commute_km_-2,freqdig_Daily_Commute_km_-1,freqdig_Daily_Commute_km_0,freqdig_Daily_Commute_km_1,freqdig_Daily_Commute_km_2,freqdig_Daily_Commute_km_3,freqdig_Charging_Stations_Near_Home_-4,freqdig_Charging_Stations_Near_Home_-3,freqdig_Charging_Stations_Near_Home_-2,freqdig_Charging_Stations_Near_Home_-1,freqdig_Charging_Stations_Near_Home_0,freqdig_Charging_Stations_Near_Home_1,freqdig_Charging_Stations_Near_Home_2,freqdig_Charging_Stations_Near_Home_3,freqdig_Charging_Stations_Near_Work_-4,freqdig_Charging_Stations_Near_Work_-3,freqdig_Charging_Stations_Near_Work_-2,freqdig_Charging_Stations_Near_Work_-1,freqdig_Charging_Stations_Near_Work_0,freqdig_Charging_Stations_Near_Work_1,freqdig_Charging_Stations_Near_Work_2,freqdig_Charging_Stations_Near_Work_3,freqdig_Environmental_Concern_Level_-4,freqdig_Environmental_Concern_Level_-3,freqdig_Environmental_Concern_Level_-2,freqdig_Environmental_Concern_Level_-1,freqdig_Environmental_Concern_Level_0,freqdig_Environmental_Concern_Level_1,freqdig_Environmental_Concern_Level_2,freqdig_Environmental_Concern_Level_3",Ib_triple_smooth,0.946008,lgb,,,,,,,"X2 Ib: R0 with te_multi_smooth [10,'auto',100] (triple smoothing, matches frontier's najiama recipe; we use dual [10,'auto'])"
2a552362,2026-09-11T18:24:15+00:00,fe35aa8583e18042a12a64dd4fa559c21691b376,True,local,,Ic_inner10: strict twin of R0,212.2,154.0,5,42,0.945975,0.000631,0.945969,,,experiments/preds/2a552362,910 1014 1260 832 1232,0.94501 0.945671 0.94691 0.946273 0.946012,42.0,"Annual_Income_USD,Daily_Commute_km,Age","buy_score,worry_score,freq_Age,freq_Annual_Income_USD,freq_Daily_Commute_km,freq_Number_of_Cars_Owned,freq_Charging_Stations_Near_Home,freq_Charging_Stations_Near_Work,freq_Environmental_Concern_Level,freq_Gender,freq_City_Type,freq_Current_Car_Type,freq_Home_Charging_Possible,freq_Subsidy_Available,freq_Range_Anxiety_Level,digit_Age_-4,digit_Age_-3,digit_Age_-2,digit_Age_-1,digit_Age_0,digit_Age_1,digit_Age_2,digit_Age_3,digit_Annual_Income_USD_-4,digit_Annual_Income_USD_-3,digit_Annual_Income_USD_-2,digit_Annual_Income_USD_-1,digit_Annual_Income_USD_0,digit_Annual_Income_USD_1,digit_Annual_Income_USD_2,digit_Annual_Income_USD_3,digit_Daily_Commute_km_-4,digit_Daily_Commute_km_-3,digit_Daily_Commute_km_-2,digit_Daily_Commute_km_-1,digit_Daily_Commute_km_0,digit_Daily_Commute_km_1,digit_Daily_Commute_km_2,digit_Daily_Commute_km_3,digit_Number_of_Cars_Owned_-4,digit_Number_of_Cars_Owned_-3,digit_Number_of_Cars_Owned_-2,digit_Number_of_Cars_Owned_-1,digit_Number_of_Cars_Owned_0,digit_Number_of_Cars_Owned_1,digit_Number_of_Cars_Owned_2,digit_Number_of_Cars_Owned_3,digit_Charging_Stations_Near_Home_-4,digit_Charging_Stations_Near_Home_-3,digit_Charging_Stations_Near_Home_-2,digit_Charging_Stations_Near_Home_-1,digit_Charging_Stations_Near_Home_0,digit_Charging_Stations_Near_Home_1,digit_Charging_Stations_Near_Home_2,digit_Charging_Stations_Near_Home_3,digit_Charging_Stations_Near_Work_-4,digit_Charging_Stations_Near_Work_-3,digit_Charging_Stations_Near_Work_-2,digit_Charging_Stations_Near_Work_-1,digit_Charging_Stations_Near_Work_0,digit_Charging_Stations_Near_Work_1,digit_Charging_Stations_Near_Work_2,digit_Charging_Stations_Near_Work_3,digit_Environmental_Concern_Level_-4,digit_Environmental_Concern_Level_-3,digit_Environmental_Concern_Level_-2,digit_Environmental_Concern_Level_-1,digit_Environmental_Concern_Level_0,digit_Environmental_Concern_Level_1,digit_Environmental_Concern_Level_2,digit_Environmental_Concern_Level_3,freqdig_Age_-4,freqdig_Age_-3,freqdig_Age_-2,freqdig_Age_-1,freqdig_Age_0,freqdig_Age_1,freqdig_Age_2,freqdig_Age_3,freqdig_Annual_Income_USD_-4,freqdig_Annual_Income_USD_-3,freqdig_Annual_Income_USD_-2,freqdig_Annual_Income_USD_-1,freqdig_Annual_Income_USD_0,freqdig_Annual_Income_USD_1,freqdig_Annual_Income_USD_2,freqdig_Annual_Income_USD_3,freqdig_Daily_Commute_km_-4,freqdig_Daily_Commute_km_-3,freqdig_Daily_Commute_km_-2,freqdig_Daily_Commute_km_-1,freqdig_Daily_Commute_km_0,freqdig_Daily_Commute_km_1,freqdig_Daily_Commute_km_2,freqdig_Daily_Commute_km_3,freqdig_Charging_Stations_Near_Home_-4,freqdig_Charging_Stations_Near_Home_-3,freqdig_Charging_Stations_Near_Home_-2,freqdig_Charging_Stations_Near_Home_-1,freqdig_Charging_Stations_Near_Home_0,freqdig_Charging_Stations_Near_Home_1,freqdig_Charging_Stations_Near_Home_2,freqdig_Charging_Stations_Near_Home_3,freqdig_Charging_Stations_Near_Work_-4,freqdig_Charging_Stations_Near_Work_-3,freqdig_Charging_Stations_Near_Work_-2,freqdig_Charging_Stations_Near_Work_-1,freqdig_Charging_Stations_Near_Work_0,freqdig_Charging_Stations_Near_Work_1,freqdig_Charging_Stations_Near_Work_2,freqdig_Charging_Stations_Near_Work_3,freqdig_Environmental_Concern_Level_-4,freqdig_Environmental_Concern_Level_-3,freqdig_Environmental_Concern_Level_-2,freqdig_Environmental_Concern_Level_-1,freqdig_Environmental_Concern_Level_0,freqdig_Environmental_Concern_Level_1,freqdig_Environmental_Concern_Level_2,freqdig_Environmental_Concern_Level_3",Ic_inner10,0.945969,lgb,,,,,,,X2 Ic: R0 with te_inner_folds 5->10 (contract-safe analogue of the frontier's 10-outer-folds; closes train/val TE asymmetry without touching the frozen outer split)
023f3e27,2026-09-11T18:28:35+00:00,d2d43b0549b942e087c4fbe27d0f5890ae984ec3,True,local,,Id_shape_commute: strict twin of R0,256.6,170.0,5,42,0.945972,0.00061,0.945964,,,experiments/preds/023f3e27,1103 1496 1313 1076 1299,0.945022 0.945711 0.946866 0.946275 0.945985,42.0,"Annual_Income_USD,Daily_Commute_km,Age","buy_score,worry_score,freq_Age,freq_Annual_Income_USD,freq_Daily_Commute_km,freq_Number_of_Cars_Owned,freq_Charging_Stations_Near_Home,freq_Charging_Stations_Near_Work,freq_Environmental_Concern_Level,freq_Gender,freq_City_Type,freq_Current_Car_Type,freq_Home_Charging_Possible,freq_Subsidy_Available,freq_Range_Anxiety_Level,digit_Age_-4,digit_Age_-3,digit_Age_-2,digit_Age_-1,digit_Age_0,digit_Age_1,digit_Age_2,digit_Age_3,digit_Annual_Income_USD_-4,digit_Annual_Income_USD_-3,digit_Annual_Income_USD_-2,digit_Annual_Income_USD_-1,digit_Annual_Income_USD_0,digit_Annual_Income_USD_1,digit_Annual_Income_USD_2,digit_Annual_Income_USD_3,digit_Daily_Commute_km_-4,digit_Daily_Commute_km_-3,digit_Daily_Commute_km_-2,digit_Daily_Commute_km_-1,digit_Daily_Commute_km_0,digit_Daily_Commute_km_1,digit_Daily_Commute_km_2,digit_Daily_Commute_km_3,digit_Number_of_Cars_Owned_-4,digit_Number_of_Cars_Owned_-3,digit_Number_of_Cars_Owned_-2,digit_Number_of_Cars_Owned_-1,digit_Number_of_Cars_Owned_0,digit_Number_of_Cars_Owned_1,digit_Number_of_Cars_Owned_2,digit_Number_of_Cars_Owned_3,digit_Charging_Stations_Near_Home_-4,digit_Charging_Stations_Near_Home_-3,digit_Charging_Stations_Near_Home_-2,digit_Charging_Stations_Near_Home_-1,digit_Charging_Stations_Near_Home_0,digit_Charging_Stations_Near_Home_1,digit_Charging_Stations_Near_Home_2,digit_Charging_Stations_Near_Home_3,digit_Charging_Stations_Near_Work_-4,digit_Charging_Stations_Near_Work_-3,digit_Charging_Stations_Near_Work_-2,digit_Charging_Stations_Near_Work_-1,digit_Charging_Stations_Near_Work_0,digit_Charging_Stations_Near_Work_1,digit_Charging_Stations_Near_Work_2,digit_Charging_Stations_Near_Work_3,digit_Environmental_Concern_Level_-4,digit_Environmental_Concern_Level_-3,digit_Environmental_Concern_Level_-2,digit_Environmental_Concern_Level_-1,digit_Environmental_Concern_Level_0,digit_Environmental_Concern_Level_1,digit_Environmental_Concern_Level_2,digit_Environmental_Concern_Level_3,freqdig_Age_-4,freqdig_Age_-3,freqdig_Age_-2,freqdig_Age_-1,freqdig_Age_0,freqdig_Age_1,freqdig_Age_2,freqdig_Age_3,freqdig_Annual_Income_USD_-4,freqdig_Annual_Income_USD_-3,freqdig_Annual_Income_USD_-2,freqdig_Annual_Income_USD_-1,freqdig_Annual_Income_USD_0,freqdig_Annual_Income_USD_1,freqdig_Annual_Income_USD_2,freqdig_Annual_Income_USD_3,freqdig_Daily_Commute_km_-4,freqdig_Daily_Commute_km_-3,freqdig_Daily_Commute_km_-2,freqdig_Daily_Commute_km_-1,freqdig_Daily_Commute_km_0,freqdig_Daily_Commute_km_1,freqdig_Daily_Commute_km_2,freqdig_Daily_Commute_km_3,freqdig_Charging_Stations_Near_Home_-4,freqdig_Charging_Stations_Near_Home_-3,freqdig_Charging_Stations_Near_Home_-2,freqdig_Charging_Stations_Near_Home_-1,freqdig_Charging_Stations_Near_Home_0,freqdig_Charging_Stations_Near_Home_1,freqdig_Charging_Stations_Near_Home_2,freqdig_Charging_Stations_Near_Home_3,freqdig_Charging_Stations_Near_Work_-4,freqdig_Charging_Stations_Near_Work_-3,freqdig_Charging_Stations_Near_Work_-2,freqdig_Charging_Stations_Near_Work_-1,freqdig_Charging_Stations_Near_Work_0,freqdig_Charging_Stations_Near_Work_1,freqdig_Charging_Stations_Near_Work_2,freqdig_Charging_Stations_Near_Work_3,freqdig_Environmental_Concern_Level_-4,freqdig_Environmental_Concern_Level_-3,freqdig_Environmental_Concern_Level_-2,freqdig_Environmental_Concern_Level_-1,freqdig_Environmental_Concern_Level_0,freqdig_Environmental_Concern_Level_1,freqdig_Environmental_Concern_Level_2,freqdig_Environmental_Concern_Level_3",Id_shape_commute,0.945964,lgb,,,,,,,"X2 Id: R0 + shape encoder on Daily_Commute_km too (README Phase 14 named next probe). Prediction: small/null -- commute has 830 rows/value, little SE to cut."
11872e0c,2026-09-11T18:32:31+00:00,d2d43b0549b942e087c4fbe27d0f5890ae984ec3,True,local,,Ie_shape_commute_age: strict twin of R0,231.3,186.0,5,42,0.945968,0.000633,0.945956,,,experiments/preds/11872e0c,1111 1216 1199 1022 1165,0.945023 0.945646 0.946917 0.946294 0.94596,42.0,"Annual_Income_USD,Daily_Commute_km,Age","buy_score,worry_score,freq_Age,freq_Annual_Income_USD,freq_Daily_Commute_km,freq_Number_of_Cars_Owned,freq_Charging_Stations_Near_Home,freq_Charging_Stations_Near_Work,freq_Environmental_Concern_Level,freq_Gender,freq_City_Type,freq_Current_Car_Type,freq_Home_Charging_Possible,freq_Subsidy_Available,freq_Range_Anxiety_Level,digit_Age_-4,digit_Age_-3,digit_Age_-2,digit_Age_-1,digit_Age_0,digit_Age_1,digit_Age_2,digit_Age_3,digit_Annual_Income_USD_-4,digit_Annual_Income_USD_-3,digit_Annual_Income_USD_-2,digit_Annual_Income_USD_-1,digit_Annual_Income_USD_0,digit_Annual_Income_USD_1,digit_Annual_Income_USD_2,digit_Annual_Income_USD_3,digit_Daily_Commute_km_-4,digit_Daily_Commute_km_-3,digit_Daily_Commute_km_-2,digit_Daily_Commute_km_-1,digit_Daily_Commute_km_0,digit_Daily_Commute_km_1,digit_Daily_Commute_km_2,digit_Daily_Commute_km_3,digit_Number_of_Cars_Owned_-4,digit_Number_of_Cars_Owned_-3,digit_Number_of_Cars_Owned_-2,digit_Number_of_Cars_Owned_-1,digit_Number_of_Cars_Owned_0,digit_Number_of_Cars_Owned_1,digit_Number_of_Cars_Owned_2,digit_Number_of_Cars_Owned_3,digit_Charging_Stations_Near_Home_-4,digit_Charging_Stations_Near_Home_-3,digit_Charging_Stations_Near_Home_-2,digit_Charging_Stations_Near_Home_-1,digit_Charging_Stations_Near_Home_0,digit_Charging_Stations_Near_Home_1,digit_Charging_Stations_Near_Home_2,digit_Charging_Stations_Near_Home_3,digit_Charging_Stations_Near_Work_-4,digit_Charging_Stations_Near_Work_-3,digit_Charging_Stations_Near_Work_-2,digit_Charging_Stations_Near_Work_-1,digit_Charging_Stations_Near_Work_0,digit_Charging_Stations_Near_Work_1,digit_Charging_Stations_Near_Work_2,digit_Charging_Stations_Near_Work_3,digit_Environmental_Concern_Level_-4,digit_Environmental_Concern_Level_-3,digit_Environmental_Concern_Level_-2,digit_Environmental_Concern_Level_-1,digit_Environmental_Concern_Level_0,digit_Environmental_Concern_Level_1,digit_Environmental_Concern_Level_2,digit_Environmental_Concern_Level_3,freqdig_Age_-4,freqdig_Age_-3,freqdig_Age_-2,freqdig_Age_-1,freqdig_Age_0,freqdig_Age_1,freqdig_Age_2,freqdig_Age_3,freqdig_Annual_Income_USD_-4,freqdig_Annual_Income_USD_-3,freqdig_Annual_Income_USD_-2,freqdig_Annual_Income_USD_-1,freqdig_Annual_Income_USD_0,freqdig_Annual_Income_USD_1,freqdig_Annual_Income_USD_2,freqdig_Annual_Income_USD_3,freqdig_Daily_Commute_km_-4,freqdig_Daily_Commute_km_-3,freqdig_Daily_Commute_km_-2,freqdig_Daily_Commute_km_-1,freqdig_Daily_Commute_km_0,freqdig_Daily_Commute_km_1,freqdig_Daily_Commute_km_2,freqdig_Daily_Commute_km_3,freqdig_Charging_Stations_Near_Home_-4,freqdig_Charging_Stations_Near_Home_-3,freqdig_Charging_Stations_Near_Home_-2,freqdig_Charging_Stations_Near_Home_-1,freqdig_Charging_Stations_Near_Home_0,freqdig_Charging_Stations_Near_Home_1,freqdig_Charging_Stations_Near_Home_2,freqdig_Charging_Stations_Near_Home_3,freqdig_Charging_Stations_Near_Work_-4,freqdig_Charging_Stations_Near_Work_-3,freqdig_Charging_Stations_Near_Work_-2,freqdig_Charging_Stations_Near_Work_-1,freqdig_Charging_Stations_Near_Work_0,freqdig_Charging_Stations_Near_Work_1,freqdig_Charging_Stations_Near_Work_2,freqdig_Charging_Stations_Near_Work_3,freqdig_Environmental_Concern_Level_-4,freqdig_Environmental_Concern_Level_-3,freqdig_Environmental_Concern_Level_-2,freqdig_Environmental_Concern_Level_-1,freqdig_Environmental_Concern_Level_0,freqdig_Environmental_Concern_Level_1,freqdig_Environmental_Concern_Level_2,freqdig_Environmental_Concern_Level_3",Ie_shape_commute_age,0.945956,lgb,,,,,,,"X2 Ie: R0 + shape encoder on Daily_Commute_km and Age. Prediction: small/null -- Age has 14859 rows/value, essentially no SE to cut."
f602a9f5,2026-09-11T18:36:24+00:00,d2d43b0549b942e087c4fbe27d0f5890ae984ec3,True,local,,"X1 G1_1024_4096: te_shape_bins=[1024, 4096] (granularity sweep vs R0's [8192,16384])",211.2,154.0,5,42,0.945983,0.000632,0.945974,,,experiments/preds/f602a9f5,1057 1410 1083 897 1164,0.944999 0.945662 0.946876 0.946335 0.946043,42.0,"Annual_Income_USD,Daily_Commute_km,Age","buy_score,worry_score,freq_Age,freq_Annual_Income_USD,freq_Daily_Commute_km,freq_Number_of_Cars_Owned,freq_Charging_Stations_Near_Home,freq_Charging_Stations_Near_Work,freq_Environmental_Concern_Level,freq_Gender,freq_City_Type,freq_Current_Car_Type,freq_Home_Charging_Possible,freq_Subsidy_Available,freq_Range_Anxiety_Level,digit_Age_-4,digit_Age_-3,digit_Age_-2,digit_Age_-1,digit_Age_0,digit_Age_1,digit_Age_2,digit_Age_3,digit_Annual_Income_USD_-4,digit_Annual_Income_USD_-3,digit_Annual_Income_USD_-2,digit_Annual_Income_USD_-1,digit_Annual_Income_USD_0,digit_Annual_Income_USD_1,digit_Annual_Income_USD_2,digit_Annual_Income_USD_3,digit_Daily_Commute_km_-4,digit_Daily_Commute_km_-3,digit_Daily_Commute_km_-2,digit_Daily_Commute_km_-1,digit_Daily_Commute_km_0,digit_Daily_Commute_km_1,digit_Daily_Commute_km_2,digit_Daily_Commute_km_3,digit_Number_of_Cars_Owned_-4,digit_Number_of_Cars_Owned_-3,digit_Number_of_Cars_Owned_-2,digit_Number_of_Cars_Owned_-1,digit_Number_of_Cars_Owned_0,digit_Number_of_Cars_Owned_1,digit_Number_of_Cars_Owned_2,digit_Number_of_Cars_Owned_3,digit_Charging_Stations_Near_Home_-4,digit_Charging_Stations_Near_Home_-3,digit_Charging_Stations_Near_Home_-2,digit_Charging_Stations_Near_Home_-1,digit_Charging_Stations_Near_Home_0,digit_Charging_Stations_Near_Home_1,digit_Charging_Stations_Near_Home_2,digit_Charging_Stations_Near_Home_3,digit_Charging_Stations_Near_Work_-4,digit_Charging_Stations_Near_Work_-3,digit_Charging_Stations_Near_Work_-2,digit_Charging_Stations_Near_Work_-1,digit_Charging_Stations_Near_Work_0,digit_Charging_Stations_Near_Work_1,digit_Charging_Stations_Near_Work_2,digit_Charging_Stations_Near_Work_3,digit_Environmental_Concern_Level_-4,digit_Environmental_Concern_Level_-3,digit_Environmental_Concern_Level_-2,digit_Environmental_Concern_Level_-1,digit_Environmental_Concern_Level_0,digit_Environmental_Concern_Level_1,digit_Environmental_Concern_Level_2,digit_Environmental_Concern_Level_3,freqdig_Age_-4,freqdig_Age_-3,freqdig_Age_-2,freqdig_Age_-1,freqdig_Age_0,freqdig_Age_1,freqdig_Age_2,freqdig_Age_3,freqdig_Annual_Income_USD_-4,freqdig_Annual_Income_USD_-3,freqdig_Annual_Income_USD_-2,freqdig_Annual_Income_USD_-1,freqdig_Annual_Income_USD_0,freqdig_Annual_Income_USD_1,freqdig_Annual_Income_USD_2,freqdig_Annual_Income_USD_3,freqdig_Daily_Commute_km_-4,freqdig_Daily_Commute_km_-3,freqdig_Daily_Commute_km_-2,freqdig_Daily_Commute_km_-1,freqdig_Daily_Commute_km_0,freqdig_Daily_Commute_km_1,freqdig_Daily_Commute_km_2,freqdig_Daily_Commute_km_3,freqdig_Charging_Stations_Near_Home_-4,freqdig_Charging_Stations_Near_Home_-3,freqdig_Charging_Stations_Near_Home_-2,freqdig_Charging_Stations_Near_Home_-1,freqdig_Charging_Stations_Near_Home_0,freqdig_Charging_Stations_Near_Home_1,freqdig_Charging_Stations_Near_Home_2,freqdig_Charging_Stations_Near_Home_3,freqdig_Charging_Stations_Near_Work_-4,freqdig_Charging_Stations_Near_Work_-3,freqdig_Charging_Stations_Near_Work_-2,freqdig_Charging_Stations_Near_Work_-1,freqdig_Charging_Stations_Near_Work_0,freqdig_Charging_Stations_Near_Work_1,freqdig_Charging_Stations_Near_Work_2,freqdig_Charging_Stations_Near_Work_3,freqdig_Environmental_Concern_Level_-4,freqdig_Environmental_Concern_Level_-3,freqdig_Environmental_Concern_Level_-2,freqdig_Environmental_Concern_Level_-1,freqdig_Environmental_Concern_Level_0,freqdig_Environmental_Concern_Level_1,freqdig_Environmental_Concern_Level_2,freqdig_Environmental_Concern_Level_3",G1_1024_4096,0.945974,lgb,,,,,,,"HYPOTHESIS: per-bin excess-signal/SE ratio peaks at 1024-2048 bins (measured 3.79/3.26 vs R0's 2.42/1.98 at 8192/16384), so a coarser grid should beat R0. GATE: +0.0000949 OOF vs R0 (0.945989). WATCH: best_iter for the displacement signature (F1/H2/H3/P3/O1)."
f5b957d4,2026-09-11T18:40:08+00:00,d2d43b0549b942e087c4fbe27d0f5890ae984ec3,True,local,,"X1 G2_2048_8192: te_shape_bins=[2048, 8192] (granularity sweep vs R0's [8192,16384])",220.4,154.0,5,42,0.946018,0.000644,0.946009,0.94612,,experiments/preds/f5b957d4,1231 1398 1077 1170 1032,0.945014 0.945744 0.946958 0.946349 0.946025,42.0,"Annual_Income_USD,Daily_Commute_km,Age","buy_score,worry_score,freq_Age,freq_Annual_Income_USD,freq_Daily_Commute_km,freq_Number_of_Cars_Owned,freq_Charging_Stations_Near_Home,freq_Charging_Stations_Near_Work,freq_Environmental_Concern_Level,freq_Gender,freq_City_Type,freq_Current_Car_Type,freq_Home_Charging_Possible,freq_Subsidy_Available,freq_Range_Anxiety_Level,digit_Age_-4,digit_Age_-3,digit_Age_-2,digit_Age_-1,digit_Age_0,digit_Age_1,digit_Age_2,digit_Age_3,digit_Annual_Income_USD_-4,digit_Annual_Income_USD_-3,digit_Annual_Income_USD_-2,digit_Annual_Income_USD_-1,digit_Annual_Income_USD_0,digit_Annual_Income_USD_1,digit_Annual_Income_USD_2,digit_Annual_Income_USD_3,digit_Daily_Commute_km_-4,digit_Daily_Commute_km_-3,digit_Daily_Commute_km_-2,digit_Daily_Commute_km_-1,digit_Daily_Commute_km_0,digit_Daily_Commute_km_1,digit_Daily_Commute_km_2,digit_Daily_Commute_km_3,digit_Number_of_Cars_Owned_-4,digit_Number_of_Cars_Owned_-3,digit_Number_of_Cars_Owned_-2,digit_Number_of_Cars_Owned_-1,digit_Number_of_Cars_Owned_0,digit_Number_of_Cars_Owned_1,digit_Number_of_Cars_Owned_2,digit_Number_of_Cars_Owned_3,digit_Charging_Stations_Near_Home_-4,digit_Charging_Stations_Near_Home_-3,digit_Charging_Stations_Near_Home_-2,digit_Charging_Stations_Near_Home_-1,digit_Charging_Stations_Near_Home_0,digit_Charging_Stations_Near_Home_1,digit_Charging_Stations_Near_Home_2,digit_Charging_Stations_Near_Home_3,digit_Charging_Stations_Near_Work_-4,digit_Charging_Stations_Near_Work_-3,digit_Charging_Stations_Near_Work_-2,digit_Charging_Stations_Near_Work_-1,digit_Charging_Stations_Near_Work_0,digit_Charging_Stations_Near_Work_1,digit_Charging_Stations_Near_Work_2,digit_Charging_Stations_Near_Work_3,digit_Environmental_Concern_Level_-4,digit_Environmental_Concern_Level_-3,digit_Environmental_Concern_Level_-2,digit_Environmental_Concern_Level_-1,digit_Environmental_Concern_Level_0,digit_Environmental_Concern_Level_1,digit_Environmental_Concern_Level_2,digit_Environmental_Concern_Level_3,freqdig_Age_-4,freqdig_Age_-3,freqdig_Age_-2,freqdig_Age_-1,freqdig_Age_0,freqdig_Age_1,freqdig_Age_2,freqdig_Age_3,freqdig_Annual_Income_USD_-4,freqdig_Annual_Income_USD_-3,freqdig_Annual_Income_USD_-2,freqdig_Annual_Income_USD_-1,freqdig_Annual_Income_USD_0,freqdig_Annual_Income_USD_1,freqdig_Annual_Income_USD_2,freqdig_Annual_Income_USD_3,freqdig_Daily_Commute_km_-4,freqdig_Daily_Commute_km_-3,freqdig_Daily_Commute_km_-2,freqdig_Daily_Commute_km_-1,freqdig_Daily_Commute_km_0,freqdig_Daily_Commute_km_1,freqdig_Daily_Commute_km_2,freqdig_Daily_Commute_km_3,freqdig_Charging_Stations_Near_Home_-4,freqdig_Charging_Stations_Near_Home_-3,freqdig_Charging_Stations_Near_Home_-2,freqdig_Charging_Stations_Near_Home_-1,freqdig_Charging_Stations_Near_Home_0,freqdig_Charging_Stations_Near_Home_1,freqdig_Charging_Stations_Near_Home_2,freqdig_Charging_Stations_Near_Home_3,freqdig_Charging_Stations_Near_Work_-4,freqdig_Charging_Stations_Near_Work_-3,freqdig_Charging_Stations_Near_Work_-2,freqdig_Charging_Stations_Near_Work_-1,freqdig_Charging_Stations_Near_Work_0,freqdig_Charging_Stations_Near_Work_1,freqdig_Charging_Stations_Near_Work_2,freqdig_Charging_Stations_Near_Work_3,freqdig_Environmental_Concern_Level_-4,freqdig_Environmental_Concern_Level_-3,freqdig_Environmental_Concern_Level_-2,freqdig_Environmental_Concern_Level_-1,freqdig_Environmental_Concern_Level_0,freqdig_Environmental_Concern_Level_1,freqdig_Environmental_Concern_Level_2,freqdig_Environmental_Concern_Level_3",G2_2048_8192,0.946009,lgb,,,,,,,"HYPOTHESIS: per-bin excess-signal/SE ratio peaks at 1024-2048 bins (measured 3.79/3.26 vs R0's 2.42/1.98 at 8192/16384), so a coarser grid should beat R0. GATE: +0.0000949 OOF vs R0 (0.945989). WATCH: best_iter for the displacement signature (F1/H2/H3/P3/O1)."
9d3ff376,2026-09-11T18:44:00+00:00,d2d43b0549b942e087c4fbe27d0f5890ae984ec3,True,local,,"X1 G3_512_2048_8192: te_shape_bins=[512, 2048, 8192] (granularity sweep vs R0's [8192,16384])",227.9,162.0,5,42,0.946016,0.000647,0.946008,,,experiments/preds/9d3ff376,1151 1496 1291 1067 1127,0.945006 0.945705 0.94693 0.946385 0.946054,42.0,"Annual_Income_USD,Daily_Commute_km,Age","buy_score,worry_score,freq_Age,freq_Annual_Income_USD,freq_Daily_Commute_km,freq_Number_of_Cars_Owned,freq_Charging_Stations_Near_Home,freq_Charging_Stations_Near_Work,freq_Environmental_Concern_Level,freq_Gender,freq_City_Type,freq_Current_Car_Type,freq_Home_Charging_Possible,freq_Subsidy_Available,freq_Range_Anxiety_Level,digit_Age_-4,digit_Age_-3,digit_Age_-2,digit_Age_-1,digit_Age_0,digit_Age_1,digit_Age_2,digit_Age_3,digit_Annual_Income_USD_-4,digit_Annual_Income_USD_-3,digit_Annual_Income_USD_-2,digit_Annual_Income_USD_-1,digit_Annual_Income_USD_0,digit_Annual_Income_USD_1,digit_Annual_Income_USD_2,digit_Annual_Income_USD_3,digit_Daily_Commute_km_-4,digit_Daily_Commute_km_-3,digit_Daily_Commute_km_-2,digit_Daily_Commute_km_-1,digit_Daily_Commute_km_0,digit_Daily_Commute_km_1,digit_Daily_Commute_km_2,digit_Daily_Commute_km_3,digit_Number_of_Cars_Owned_-4,digit_Number_of_Cars_Owned_-3,digit_Number_of_Cars_Owned_-2,digit_Number_of_Cars_Owned_-1,digit_Number_of_Cars_Owned_0,digit_Number_of_Cars_Owned_1,digit_Number_of_Cars_Owned_2,digit_Number_of_Cars_Owned_3,digit_Charging_Stations_Near_Home_-4,digit_Charging_Stations_Near_Home_-3,digit_Charging_Stations_Near_Home_-2,digit_Charging_Stations_Near_Home_-1,digit_Charging_Stations_Near_Home_0,digit_Charging_Stations_Near_Home_1,digit_Charging_Stations_Near_Home_2,digit_Charging_Stations_Near_Home_3,digit_Charging_Stations_Near_Work_-4,digit_Charging_Stations_Near_Work_-3,digit_Charging_Stations_Near_Work_-2,digit_Charging_Stations_Near_Work_-1,digit_Charging_Stations_Near_Work_0,digit_Charging_Stations_Near_Work_1,digit_Charging_Stations_Near_Work_2,digit_Charging_Stations_Near_Work_3,digit_Environmental_Concern_Level_-4,digit_Environmental_Concern_Level_-3,digit_Environmental_Concern_Level_-2,digit_Environmental_Concern_Level_-1,digit_Environmental_Concern_Level_0,digit_Environmental_Concern_Level_1,digit_Environmental_Concern_Level_2,digit_Environmental_Concern_Level_3,freqdig_Age_-4,freqdig_Age_-3,freqdig_Age_-2,freqdig_Age_-1,freqdig_Age_0,freqdig_Age_1,freqdig_Age_2,freqdig_Age_3,freqdig_Annual_Income_USD_-4,freqdig_Annual_Income_USD_-3,freqdig_Annual_Income_USD_-2,freqdig_Annual_Income_USD_-1,freqdig_Annual_Income_USD_0,freqdig_Annual_Income_USD_1,freqdig_Annual_Income_USD_2,freqdig_Annual_Income_USD_3,freqdig_Daily_Commute_km_-4,freqdig_Daily_Commute_km_-3,freqdig_Daily_Commute_km_-2,freqdig_Daily_Commute_km_-1,freqdig_Daily_Commute_km_0,freqdig_Daily_Commute_km_1,freqdig_Daily_Commute_km_2,freqdig_Daily_Commute_km_3,freqdig_Charging_Stations_Near_Home_-4,freqdig_Charging_Stations_Near_Home_-3,freqdig_Charging_Stations_Near_Home_-2,freqdig_Charging_Stations_Near_Home_-1,freqdig_Charging_Stations_Near_Home_0,freqdig_Charging_Stations_Near_Home_1,freqdig_Charging_Stations_Near_Home_2,freqdig_Charging_Stations_Near_Home_3,freqdig_Charging_Stations_Near_Work_-4,freqdig_Charging_Stations_Near_Work_-3,freqdig_Charging_Stations_Near_Work_-2,freqdig_Charging_Stations_Near_Work_-1,freqdig_Charging_Stations_Near_Work_0,freqdig_Charging_Stations_Near_Work_1,freqdig_Charging_Stations_Near_Work_2,freqdig_Charging_Stations_Near_Work_3,freqdig_Environmental_Concern_Level_-4,freqdig_Environmental_Concern_Level_-3,freqdig_Environmental_Concern_Level_-2,freqdig_Environmental_Concern_Level_-1,freqdig_Environmental_Concern_Level_0,freqdig_Environmental_Concern_Level_1,freqdig_Environmental_Concern_Level_2,freqdig_Environmental_Concern_Level_3",G3_512_2048_8192,0.946008,lgb,,,,,,,"HYPOTHESIS: per-bin excess-signal/SE ratio peaks at 1024-2048 bins (measured 3.79/3.26 vs R0's 2.42/1.98 at 8192/16384), so a coarser grid should beat R0. GATE: +0.0000949 OOF vs R0 (0.945989). WATCH: best_iter for the displacement signature (F1/H2/H3/P3/O1)."
4fb4705f,2026-09-11T18:47:49+00:00,d2d43b0549b942e087c4fbe27d0f5890ae984ec3,True,local,,"X1 G4_1024_4096_16384: te_shape_bins=[1024, 4096, 16384] (granularity sweep vs R0's [8192,16384])",225.0,162.0,5,42,0.945998,0.000623,0.945989,,,experiments/preds/4fb4705f,1239 1324 1550 778 1053,0.94504 0.945695 0.946898 0.946346 0.946011,42.0,"Annual_Income_USD,Daily_Commute_km,Age","buy_score,worry_score,freq_Age,freq_Annual_Income_USD,freq_Daily_Commute_km,freq_Number_of_Cars_Owned,freq_Charging_Stations_Near_Home,freq_Charging_Stations_Near_Work,freq_Environmental_Concern_Level,freq_Gender,freq_City_Type,freq_Current_Car_Type,freq_Home_Charging_Possible,freq_Subsidy_Available,freq_Range_Anxiety_Level,digit_Age_-4,digit_Age_-3,digit_Age_-2,digit_Age_-1,digit_Age_0,digit_Age_1,digit_Age_2,digit_Age_3,digit_Annual_Income_USD_-4,digit_Annual_Income_USD_-3,digit_Annual_Income_USD_-2,digit_Annual_Income_USD_-1,digit_Annual_Income_USD_0,digit_Annual_Income_USD_1,digit_Annual_Income_USD_2,digit_Annual_Income_USD_3,digit_Daily_Commute_km_-4,digit_Daily_Commute_km_-3,digit_Daily_Commute_km_-2,digit_Daily_Commute_km_-1,digit_Daily_Commute_km_0,digit_Daily_Commute_km_1,digit_Daily_Commute_km_2,digit_Daily_Commute_km_3,digit_Number_of_Cars_Owned_-4,digit_Number_of_Cars_Owned_-3,digit_Number_of_Cars_Owned_-2,digit_Number_of_Cars_Owned_-1,digit_Number_of_Cars_Owned_0,digit_Number_of_Cars_Owned_1,digit_Number_of_Cars_Owned_2,digit_Number_of_Cars_Owned_3,digit_Charging_Stations_Near_Home_-4,digit_Charging_Stations_Near_Home_-3,digit_Charging_Stations_Near_Home_-2,digit_Charging_Stations_Near_Home_-1,digit_Charging_Stations_Near_Home_0,digit_Charging_Stations_Near_Home_1,digit_Charging_Stations_Near_Home_2,digit_Charging_Stations_Near_Home_3,digit_Charging_Stations_Near_Work_-4,digit_Charging_Stations_Near_Work_-3,digit_Charging_Stations_Near_Work_-2,digit_Charging_Stations_Near_Work_-1,digit_Charging_Stations_Near_Work_0,digit_Charging_Stations_Near_Work_1,digit_Charging_Stations_Near_Work_2,digit_Charging_Stations_Near_Work_3,digit_Environmental_Concern_Level_-4,digit_Environmental_Concern_Level_-3,digit_Environmental_Concern_Level_-2,digit_Environmental_Concern_Level_-1,digit_Environmental_Concern_Level_0,digit_Environmental_Concern_Level_1,digit_Environmental_Concern_Level_2,digit_Environmental_Concern_Level_3,freqdig_Age_-4,freqdig_Age_-3,freqdig_Age_-2,freqdig_Age_-1,freqdig_Age_0,freqdig_Age_1,freqdig_Age_2,freqdig_Age_3,freqdig_Annual_Income_USD_-4,freqdig_Annual_Income_USD_-3,freqdig_Annual_Income_USD_-2,freqdig_Annual_Income_USD_-1,freqdig_Annual_Income_USD_0,freqdig_Annual_Income_USD_1,freqdig_Annual_Income_USD_2,freqdig_Annual_Income_USD_3,freqdig_Daily_Commute_km_-4,freqdig_Daily_Commute_km_-3,freqdig_Daily_Commute_km_-2,freqdig_Daily_Commute_km_-1,freqdig_Daily_Commute_km_0,freqdig_Daily_Commute_km_1,freqdig_Daily_Commute_km_2,freqdig_Daily_Commute_km_3,freqdig_Charging_Stations_Near_Home_-4,freqdig_Charging_Stations_Near_Home_-3,freqdig_Charging_Stations_Near_Home_-2,freqdig_Charging_Stations_Near_Home_-1,freqdig_Charging_Stations_Near_Home_0,freqdig_Charging_Stations_Near_Home_1,freqdig_Charging_Stations_Near_Home_2,freqdig_Charging_Stations_Near_Home_3,freqdig_Charging_Stations_Near_Work_-4,freqdig_Charging_Stations_Near_Work_-3,freqdig_Charging_Stations_Near_Work_-2,freqdig_Charging_Stations_Near_Work_-1,freqdig_Charging_Stations_Near_Work_0,freqdig_Charging_Stations_Near_Work_1,freqdig_Charging_Stations_Near_Work_2,freqdig_Charging_Stations_Near_Work_3,freqdig_Environmental_Concern_Level_-4,freqdig_Environmental_Concern_Level_-3,freqdig_Environmental_Concern_Level_-2,freqdig_Environmental_Concern_Level_-1,freqdig_Environmental_Concern_Level_0,freqdig_Environmental_Concern_Level_1,freqdig_Environmental_Concern_Level_2,freqdig_Environmental_Concern_Level_3",G4_1024_4096_16384,0.945989,lgb,,,,,,,"HYPOTHESIS: per-bin excess-signal/SE ratio peaks at 1024-2048 bins (measured 3.79/3.26 vs R0's 2.42/1.98 at 8192/16384), so a coarser grid should beat R0. GATE: +0.0000949 OOF vs R0 (0.945989). WATCH: best_iter for the displacement signature (F1/H2/H3/P3/O1)."
7c151fb7,2026-09-11T18:48:10+00:00,d2d43b0549b942e087c4fbe27d0f5890ae984ec3,True,gcarno/s6e9-leg-xgb,2.0,X5 leg: R0's exact feature config with learner=xgb (first cross-family leg on the Phase 14 representation),1091.4,154.0,5,42,0.94595,0.000625,0.945941,0.9461,,experiments/preds/7c151fb7,1202 828 1111 742 1305,0.94502 0.945613 0.946877 0.946289 0.945951,42.0,"Annual_Income_USD,Daily_Commute_km,Age",buy_score worry_score freq_Age freq_Annual_Income_USD freq_Daily_Commute_km freq_Number_of_Cars_Owned freq_Charging_Stations_Near_Home freq_Charging_Stations_Near_Work freq_Environmental_Concern_Level freq_Gender freq_City_Type freq_Current_Car_Type freq_Home_Charging_Possible freq_Subsidy_Available freq_Range_Anxiety_Level digit_Age_-4 digit_Age_-3 digit_Age_-2 digit_Age_-1 digit_Age_0 digit_Age_1 digit_Age_2 digit_Age_3 digit_Annual_Income_USD_-4 digit_Annual_Income_USD_-3 digit_Annual_Income_USD_-2 digit_Annual_Income_USD_-1 digit_Annual_Income_USD_0 digit_Annual_Income_USD_1 digit_Annual_Income_USD_2 digit_Annual_Income_USD_3 digit_Daily_Commute_km_-4 digit_Daily_Commute_km_-3 digit_Daily_Commute_km_-2 digit_Daily_Commute_km_-1 digit_Daily_Commute_km_0 digit_Daily_Commute_km_1 digit_Daily_Commute_km_2 digit_Daily_Commute_km_3 digit_Number_of_Cars_Owned_-4 digit_Number_of_Cars_Owned_-3 digit_Number_of_Cars_Owned_-2 digit_Number_of_Cars_Owned_-1 digit_Number_of_Cars_Owned_0 digit_Number_of_Cars_Owned_1 digit_Number_of_Cars_Owned_2 digit_Number_of_Cars_Owned_3 digit_Charging_Stations_Near_Home_-4 digit_Charging_Stations_Near_Home_-3 digit_Charging_Stations_Near_Home_-2 digit_Charging_Stations_Near_Home_-1 digit_Charging_Stations_Near_Home_0 digit_Charging_Stations_Near_Home_1 digit_Charging_Stations_Near_Home_2 digit_Charging_Stations_Near_Home_3 digit_Charging_Stations_Near_Work_-4 digit_Charging_Stations_Near_Work_-3 digit_Charging_Stations_Near_Work_-2 digit_Charging_Stations_Near_Work_-1 digit_Charging_Stations_Near_Work_0 digit_Charging_Stations_Near_Work_1 digit_Charging_Stations_Near_Work_2 digit_Charging_Stations_Near_Work_3 digit_Environmental_Concern_Level_-4 digit_Environmental_Concern_Level_-3 digit_Environmental_Concern_Level_-2 digit_Environmental_Concern_Level_-1 digit_Environmental_Concern_Level_0 digit_Environmental_Concern_Level_1 digit_Environmental_Concern_Level_2 digit_Environmental_Concern_Level_3 freqdig_Age_-4 freqdig_Age_-3 freqdig_Age_-2 freqdig_Age_-1 freqdig_Age_0 freqdig_Age_1 freqdig_Age_2 freqdig_Age_3 freqdig_Annual_Income_USD_-4 freqdig_Annual_Income_USD_-3 freqdig_Annual_Income_USD_-2 freqdig_Annual_Income_USD_-1 freqdig_Annual_Income_USD_0 freqdig_Annual_Income_USD_1 freqdig_Annual_Income_USD_2 freqdig_Annual_Income_USD_3 freqdig_Daily_Commute_km_-4 freqdig_Daily_Commute_km_-3 freqdig_Daily_Commute_km_-2 freqdig_Daily_Commute_km_-1 freqdig_Daily_Commute_km_0 freqdig_Daily_Commute_km_1 freqdig_Daily_Commute_km_2 freqdig_Daily_Commute_km_3 freqdig_Charging_Stations_Near_Home_-4 freqdig_Charging_Stations_Near_Home_-3 freqdig_Charging_Stations_Near_Home_-2 freqdig_Charging_Stations_Near_Home_-1 freqdig_Charging_Stations_Near_Home_0 freqdig_Charging_Stations_Near_Home_1 freqdig_Charging_Stations_Near_Home_2 freqdig_Charging_Stations_Near_Home_3 freqdig_Charging_Stations_Near_Work_-4 freqdig_Charging_Stations_Near_Work_-3 freqdig_Charging_Stations_Near_Work_-2 freqdig_Charging_Stations_Near_Work_-1 freqdig_Charging_Stations_Near_Work_0 freqdig_Charging_Stations_Near_Work_1 freqdig_Charging_Stations_Near_Work_2 freqdig_Charging_Stations_Near_Work_3 freqdig_Environmental_Concern_Level_-4 freqdig_Environmental_Concern_Level_-3 freqdig_Environmental_Concern_Level_-2 freqdig_Environmental_Concern_Level_-1 freqdig_Environmental_Concern_Level_0 freqdig_Environmental_Concern_Level_1 freqdig_Environmental_Concern_Level_2 freqdig_Environmental_Concern_Level_3,E4r0,,xgb,0.945941,,,,,,"HYPOTHESIS: pool is stranded on 6 old-representation legs + R0 alone; an xgb twin of R0 gives the stack its first cross-family leg on the new representation. Judge by leg_probe.py ADD (gate +0.0002), never solo score."
a1e0ca8e,2026-09-11T18:51:24+00:00,d2d43b0549b942e087c4fbe27d0f5890ae984ec3,True,local,,"X1 G5_256_1024: te_shape_bins=[256, 1024] (granularity sweep vs R0's [8192,16384])",210.1,154.0,5,42,0.945926,0.000646,0.945917,0.9461,,experiments/preds/a1e0ca8e,1045 962 1433 847 984,0.944958 0.945573 0.946888 0.946241 0.94597,42.0,"Annual_Income_USD,Daily_Commute_km,Age","buy_score,worry_score,freq_Age,freq_Annual_Income_USD,freq_Daily_Commute_km,freq_Number_of_Cars_Owned,freq_Charging_Stations_Near_Home,freq_Charging_Stations_Near_Work,freq_Environmental_Concern_Level,freq_Gender,freq_City_Type,freq_Current_Car_Type,freq_Home_Charging_Possible,freq_Subsidy_Available,freq_Range_Anxiety_Level,digit_Age_-4,digit_Age_-3,digit_Age_-2,digit_Age_-1,digit_Age_0,digit_Age_1,digit_Age_2,digit_Age_3,digit_Annual_Income_USD_-4,digit_Annual_Income_USD_-3,digit_Annual_Income_USD_-2,digit_Annual_Income_USD_-1,digit_Annual_Income_USD_0,digit_Annual_Income_USD_1,digit_Annual_Income_USD_2,digit_Annual_Income_USD_3,digit_Daily_Commute_km_-4,digit_Daily_Commute_km_-3,digit_Daily_Commute_km_-2,digit_Daily_Commute_km_-1,digit_Daily_Commute_km_0,digit_Daily_Commute_km_1,digit_Daily_Commute_km_2,digit_Daily_Commute_km_3,digit_Number_of_Cars_Owned_-4,digit_Number_of_Cars_Owned_-3,digit_Number_of_Cars_Owned_-2,digit_Number_of_Cars_Owned_-1,digit_Number_of_Cars_Owned_0,digit_Number_of_Cars_Owned_1,digit_Number_of_Cars_Owned_2,digit_Number_of_Cars_Owned_3,digit_Charging_Stations_Near_Home_-4,digit_Charging_Stations_Near_Home_-3,digit_Charging_Stations_Near_Home_-2,digit_Charging_Stations_Near_Home_-1,digit_Charging_Stations_Near_Home_0,digit_Charging_Stations_Near_Home_1,digit_Charging_Stations_Near_Home_2,digit_Charging_Stations_Near_Home_3,digit_Charging_Stations_Near_Work_-4,digit_Charging_Stations_Near_Work_-3,digit_Charging_Stations_Near_Work_-2,digit_Charging_Stations_Near_Work_-1,digit_Charging_Stations_Near_Work_0,digit_Charging_Stations_Near_Work_1,digit_Charging_Stations_Near_Work_2,digit_Charging_Stations_Near_Work_3,digit_Environmental_Concern_Level_-4,digit_Environmental_Concern_Level_-3,digit_Environmental_Concern_Level_-2,digit_Environmental_Concern_Level_-1,digit_Environmental_Concern_Level_0,digit_Environmental_Concern_Level_1,digit_Environmental_Concern_Level_2,digit_Environmental_Concern_Level_3,freqdig_Age_-4,freqdig_Age_-3,freqdig_Age_-2,freqdig_Age_-1,freqdig_Age_0,freqdig_Age_1,freqdig_Age_2,freqdig_Age_3,freqdig_Annual_Income_USD_-4,freqdig_Annual_Income_USD_-3,freqdig_Annual_Income_USD_-2,freqdig_Annual_Income_USD_-1,freqdig_Annual_Income_USD_0,freqdig_Annual_Income_USD_1,freqdig_Annual_Income_USD_2,freqdig_Annual_Income_USD_3,freqdig_Daily_Commute_km_-4,freqdig_Daily_Commute_km_-3,freqdig_Daily_Commute_km_-2,freqdig_Daily_Commute_km_-1,freqdig_Daily_Commute_km_0,freqdig_Daily_Commute_km_1,freqdig_Daily_Commute_km_2,freqdig_Daily_Commute_km_3,freqdig_Charging_Stations_Near_Home_-4,freqdig_Charging_Stations_Near_Home_-3,freqdig_Charging_Stations_Near_Home_-2,freqdig_Charging_Stations_Near_Home_-1,freqdig_Charging_Stations_Near_Home_0,freqdig_Charging_Stations_Near_Home_1,freqdig_Charging_Stations_Near_Home_2,freqdig_Charging_Stations_Near_Home_3,freqdig_Charging_Stations_Near_Work_-4,freqdig_Charging_Stations_Near_Work_-3,freqdig_Charging_Stations_Near_Work_-2,freqdig_Charging_Stations_Near_Work_-1,freqdig_Charging_Stations_Near_Work_0,freqdig_Charging_Stations_Near_Work_1,freqdig_Charging_Stations_Near_Work_2,freqdig_Charging_Stations_Near_Work_3,freqdig_Environmental_Concern_Level_-4,freqdig_Environmental_Concern_Level_-3,freqdig_Environmental_Concern_Level_-2,freqdig_Environmental_Concern_Level_-1,freqdig_Environmental_Concern_Level_0,freqdig_Environmental_Concern_Level_1,freqdig_Environmental_Concern_Level_2,freqdig_Environmental_Concern_Level_3",G5_256_1024,0.945917,lgb,,,,,,,"HYPOTHESIS: per-bin excess-signal/SE ratio peaks at 1024-2048 bins (measured 3.79/3.26 vs R0's 2.42/1.98 at 8192/16384), so a coarser grid should beat R0. GATE: +0.0000949 OOF vs R0 (0.945989). WATCH: best_iter for the displacement signature (F1/H2/H3/P3/O1)."
e1495238,2026-09-11T19:01:38+00:00,d2d43b0549b942e087c4fbe27d0f5890ae984ec3,True,local,,X4: R0's exact recipe at n_folds=10 (structural test: does the frontier's LB edge come from fold-count test-time averaging?),484.6,154.0,10,42,0.946128,0.000811,0.946122,0.94617,,experiments/preds/e1495238,969 1166 990 1098 1412 1343 803 1122 1462 863,0.945076 0.945286 0.945497 0.946028 0.946977 0.947318 0.945872 0.94694 0.947007 0.945277,42.0,"Annual_Income_USD,Daily_Commute_km,Age","buy_score,worry_score,freq_Age,freq_Annual_Income_USD,freq_Daily_Commute_km,freq_Number_of_Cars_Owned,freq_Charging_Stations_Near_Home,freq_Charging_Stations_Near_Work,freq_Environmental_Concern_Level,freq_Gender,freq_City_Type,freq_Current_Car_Type,freq_Home_Charging_Possible,freq_Subsidy_Available,freq_Range_Anxiety_Level,digit_Age_-4,digit_Age_-3,digit_Age_-2,digit_Age_-1,digit_Age_0,digit_Age_1,digit_Age_2,digit_Age_3,digit_Annual_Income_USD_-4,digit_Annual_Income_USD_-3,digit_Annual_Income_USD_-2,digit_Annual_Income_USD_-1,digit_Annual_Income_USD_0,digit_Annual_Income_USD_1,digit_Annual_Income_USD_2,digit_Annual_Income_USD_3,digit_Daily_Commute_km_-4,digit_Daily_Commute_km_-3,digit_Daily_Commute_km_-2,digit_Daily_Commute_km_-1,digit_Daily_Commute_km_0,digit_Daily_Commute_km_1,digit_Daily_Commute_km_2,digit_Daily_Commute_km_3,digit_Number_of_Cars_Owned_-4,digit_Number_of_Cars_Owned_-3,digit_Number_of_Cars_Owned_-2,digit_Number_of_Cars_Owned_-1,digit_Number_of_Cars_Owned_0,digit_Number_of_Cars_Owned_1,digit_Number_of_Cars_Owned_2,digit_Number_of_Cars_Owned_3,digit_Charging_Stations_Near_Home_-4,digit_Charging_Stations_Near_Home_-3,digit_Charging_Stations_Near_Home_-2,digit_Charging_Stations_Near_Home_-1,digit_Charging_Stations_Near_Home_0,digit_Charging_Stations_Near_Home_1,digit_Charging_Stations_Near_Home_2,digit_Charging_Stations_Near_Home_3,digit_Charging_Stations_Near_Work_-4,digit_Charging_Stations_Near_Work_-3,digit_Charging_Stations_Near_Work_-2,digit_Charging_Stations_Near_Work_-1,digit_Charging_Stations_Near_Work_0,digit_Charging_Stations_Near_Work_1,digit_Charging_Stations_Near_Work_2,digit_Charging_Stations_Near_Work_3,digit_Environmental_Concern_Level_-4,digit_Environmental_Concern_Level_-3,digit_Environmental_Concern_Level_-2,digit_Environmental_Concern_Level_-1,digit_Environmental_Concern_Level_0,digit_Environmental_Concern_Level_1,digit_Environmental_Concern_Level_2,digit_Environmental_Concern_Level_3,freqdig_Age_-4,freqdig_Age_-3,freqdig_Age_-2,freqdig_Age_-1,freqdig_Age_0,freqdig_Age_1,freqdig_Age_2,freqdig_Age_3,freqdig_Annual_Income_USD_-4,freqdig_Annual_Income_USD_-3,freqdig_Annual_Income_USD_-2,freqdig_Annual_Income_USD_-1,freqdig_Annual_Income_USD_0,freqdig_Annual_Income_USD_1,freqdig_Annual_Income_USD_2,freqdig_Annual_Income_USD_3,freqdig_Daily_Commute_km_-4,freqdig_Daily_Commute_km_-3,freqdig_Daily_Commute_km_-2,freqdig_Daily_Commute_km_-1,freqdig_Daily_Commute_km_0,freqdig_Daily_Commute_km_1,freqdig_Daily_Commute_km_2,freqdig_Daily_Commute_km_3,freqdig_Charging_Stations_Near_Home_-4,freqdig_Charging_Stations_Near_Home_-3,freqdig_Charging_Stations_Near_Home_-2,freqdig_Charging_Stations_Near_Home_-1,freqdig_Charging_Stations_Near_Home_0,freqdig_Charging_Stations_Near_Home_1,freqdig_Charging_Stations_Near_Home_2,freqdig_Charging_Stations_Near_Home_3,freqdig_Charging_Stations_Near_Work_-4,freqdig_Charging_Stations_Near_Work_-3,freqdig_Charging_Stations_Near_Work_-2,freqdig_Charging_Stations_Near_Work_-1,freqdig_Charging_Stations_Near_Work_0,freqdig_Charging_Stations_Near_Work_1,freqdig_Charging_Stations_Near_Work_2,freqdig_Charging_Stations_Near_Work_3,freqdig_Environmental_Concern_Level_-4,freqdig_Environmental_Concern_Level_-3,freqdig_Environmental_Concern_Level_-2,freqdig_Environmental_Concern_Level_-1,freqdig_Environmental_Concern_Level_0,freqdig_Environmental_Concern_Level_1,freqdig_Environmental_Concern_Level_2,freqdig_Environmental_Concern_Level_3",X4_10fold,0.946122,lgb,,,,,,,"HYPOTHESIS: frontier notebook's published OOF is +0.000075 over R0 on our split but its LB is +0.00023 over R0's -- doesn't reconcile unless 10-fold test-time averaging (10 models per test row vs our 5) explains the gap, same mechanism as Phase 3/4's neural fold-averaging bias. MEASUREMENT: LB(10-fold) - LB(5-fold) for the IDENTICAL recipe. CONTRACT: this run's OOF is NOT comparable to any 5-fold archived run -- excluded from pool.json and the OOF->LB regression, logged for the LB delta only. PRE-REGISTERED: ΔLB >= +0.00015 supports fold-averaging and reopens fold count; below +0.00008 closes it."
a16f0116,2026-09-11T19:27:43+00:00,d2d43b0549b942e087c4fbe27d0f5890ae984ec3,True,gcarno/s6e9-hpo-3,2.0,"X3 HPO shard 3: Optuna search on R0's params, 80 trials, sampler_seed=3",3473.6,154.0,1,42,0.9448266754605656,0.0,0.9448266754605656,,,,,,,,,X3_hpo_seed3,,lgb_hpo,,,,,,0.9448266754605656,"HYPOTHESIS: R0's hyperparams are the frontier notebook's, tuned for their 320-feature/10-fold setup, not our 154-feature/5-fold one. GATE: full 5-fold local confirmation vs R0 0.945989 at +0.0000949. Single-fold screen only, not a comparable OOF."
d3622bdc,2026-09-11T19:45:06+00:00,d2d43b0549b942e087c4fbe27d0f5890ae984ec3,True,gcarno/s6e9-hpo-4,2.0,"X3 HPO shard 4: Optuna search on R0's params, 80 trials, sampler_seed=4",4487.3,154.0,1,42,0.9448392982447322,0.0,0.9448392982447322,,,,,,,,,X3_hpo_seed4,,lgb_hpo,,,,,,0.9448392982447322,"HYPOTHESIS: R0's hyperparams are the frontier notebook's, tuned for their 320-feature/10-fold setup, not our 154-feature/5-fold one. GATE: full 5-fold local confirmation vs R0 0.945989 at +0.0000949. Single-fold screen only, not a comparable OOF."
f8881980,2026-09-11T19:48:22+00:00,d2d43b0549b942e087c4fbe27d0f5890ae984ec3,True,gcarno/s6e9-hpo-1,2.0,"X3 HPO shard 1: Optuna search on R0's params, 80 trials, sampler_seed=1",4727.2,154.0,1,42,0.9448367182159216,0.0,0.9448367182159216,,,,,,,,,X3_hpo_seed1,,lgb_hpo,,,,,,0.9448367182159216,"HYPOTHESIS: R0's hyperparams are the frontier notebook's, tuned for their 320-feature/10-fold setup, not our 154-feature/5-fold one. GATE: full 5-fold local confirmation vs R0 0.945989 at +0.0000949. Single-fold screen only, not a comparable OOF."
2463e900,2026-09-11T19:51:36+00:00,d2d43b0549b942e087c4fbe27d0f5890ae984ec3,True,gcarno/s6e9-hpo-2,2.0,"X3 HPO shard 2: Optuna search on R0's params, 80 trials, sampler_seed=2",4904.0,154.0,1,42,0.9448477342523312,0.0,0.9448477342523312,,,,,,,,,X3_hpo_seed2,,lgb_hpo,,,,,,0.9448477342523312,"HYPOTHESIS: R0's hyperparams are the frontier notebook's, tuned for their 320-feature/10-fold setup, not our 154-feature/5-fold one. GATE: full 5-fold local confirmation vs R0 0.945989 at +0.0000949. Single-fold screen only, not a comparable OOF."
d300b5ff,2026-09-11T19:56:40+00:00,d2d43b0549b942e087c4fbe27d0f5890ae984ec3,True,gcarno/s6e9-leg-cat,1.0,X5 leg: R0's exact feature config with learner=cat (second cross-family leg on the Phase 14 representation),3918.8,154.0,5,42,0.945892,0.000643,0.945886,,,experiments/preds/d300b5ff,1479 1817 2368 1413 1797,0.944911 0.945601 0.946844 0.946234 0.94587,42.0,"Annual_Income_USD,Daily_Commute_km,Age",buy_score worry_score freq_Age freq_Annual_Income_USD freq_Daily_Commute_km freq_Number_of_Cars_Owned freq_Charging_Stations_Near_Home freq_Charging_Stations_Near_Work freq_Environmental_Concern_Level freq_Gender freq_City_Type freq_Current_Car_Type freq_Home_Charging_Possible freq_Subsidy_Available freq_Range_Anxiety_Level digit_Age_-4 digit_Age_-3 digit_Age_-2 digit_Age_-1 digit_Age_0 digit_Age_1 digit_Age_2 digit_Age_3 digit_Annual_Income_USD_-4 digit_Annual_Income_USD_-3 digit_Annual_Income_USD_-2 digit_Annual_Income_USD_-1 digit_Annual_Income_USD_0 digit_Annual_Income_USD_1 digit_Annual_Income_USD_2 digit_Annual_Income_USD_3 digit_Daily_Commute_km_-4 digit_Daily_Commute_km_-3 digit_Daily_Commute_km_-2 digit_Daily_Commute_km_-1 digit_Daily_Commute_km_0 digit_Daily_Commute_km_1 digit_Daily_Commute_km_2 digit_Daily_Commute_km_3 digit_Number_of_Cars_Owned_-4 digit_Number_of_Cars_Owned_-3 digit_Number_of_Cars_Owned_-2 digit_Number_of_Cars_Owned_-1 digit_Number_of_Cars_Owned_0 digit_Number_of_Cars_Owned_1 digit_Number_of_Cars_Owned_2 digit_Number_of_Cars_Owned_3 digit_Charging_Stations_Near_Home_-4 digit_Charging_Stations_Near_Home_-3 digit_Charging_Stations_Near_Home_-2 digit_Charging_Stations_Near_Home_-1 digit_Charging_Stations_Near_Home_0 digit_Charging_Stations_Near_Home_1 digit_Charging_Stations_Near_Home_2 digit_Charging_Stations_Near_Home_3 digit_Charging_Stations_Near_Work_-4 digit_Charging_Stations_Near_Work_-3 digit_Charging_Stations_Near_Work_-2 digit_Charging_Stations_Near_Work_-1 digit_Charging_Stations_Near_Work_0 digit_Charging_Stations_Near_Work_1 digit_Charging_Stations_Near_Work_2 digit_Charging_Stations_Near_Work_3 digit_Environmental_Concern_Level_-4 digit_Environmental_Concern_Level_-3 digit_Environmental_Concern_Level_-2 digit_Environmental_Concern_Level_-1 digit_Environmental_Concern_Level_0 digit_Environmental_Concern_Level_1 digit_Environmental_Concern_Level_2 digit_Environmental_Concern_Level_3 freqdig_Age_-4 freqdig_Age_-3 freqdig_Age_-2 freqdig_Age_-1 freqdig_Age_0 freqdig_Age_1 freqdig_Age_2 freqdig_Age_3 freqdig_Annual_Income_USD_-4 freqdig_Annual_Income_USD_-3 freqdig_Annual_Income_USD_-2 freqdig_Annual_Income_USD_-1 freqdig_Annual_Income_USD_0 freqdig_Annual_Income_USD_1 freqdig_Annual_Income_USD_2 freqdig_Annual_Income_USD_3 freqdig_Daily_Commute_km_-4 freqdig_Daily_Commute_km_-3 freqdig_Daily_Commute_km_-2 freqdig_Daily_Commute_km_-1 freqdig_Daily_Commute_km_0 freqdig_Daily_Commute_km_1 freqdig_Daily_Commute_km_2 freqdig_Daily_Commute_km_3 freqdig_Charging_Stations_Near_Home_-4 freqdig_Charging_Stations_Near_Home_-3 freqdig_Charging_Stations_Near_Home_-2 freqdig_Charging_Stations_Near_Home_-1 freqdig_Charging_Stations_Near_Home_0 freqdig_Charging_Stations_Near_Home_1 freqdig_Charging_Stations_Near_Home_2 freqdig_Charging_Stations_Near_Home_3 freqdig_Charging_Stations_Near_Work_-4 freqdig_Charging_Stations_Near_Work_-3 freqdig_Charging_Stations_Near_Work_-2 freqdig_Charging_Stations_Near_Work_-1 freqdig_Charging_Stations_Near_Work_0 freqdig_Charging_Stations_Near_Work_1 freqdig_Charging_Stations_Near_Work_2 freqdig_Charging_Stations_Near_Work_3 freqdig_Environmental_Concern_Level_-4 freqdig_Environmental_Concern_Level_-3 freqdig_Environmental_Concern_Level_-2 freqdig_Environmental_Concern_Level_-1 freqdig_Environmental_Concern_Level_0 freqdig_Environmental_Concern_Level_1 freqdig_Environmental_Concern_Level_2 freqdig_Environmental_Concern_Level_3,E5r0,,cat,,0.945886,,,,,"HYPOTHESIS: pool is stranded on 6 old-representation legs + R0 alone; a cat twin of R0 gives the stack another cross-family leg on the new representation. Judge by leg_probe.py ADD (gate +0.0002), never solo score."
826f0978,2026-09-11T19:58:17+00:00,d2d43b0549b942e087c4fbe27d0f5890ae984ec3,,stack,,"logit stack, 9 legs, C=0.1",,,5,42,,,0.946055,0.94614,,experiments/preds/826f0978,,,,,,logit_stack,,,,,,,,,"dry run: 9-leg pool (7-leg champion + xgb_r0 + cat_r0), no incremental compute"
6fcd493b,2026-09-11T20:03:24+00:00,d2d43b0549b942e087c4fbe27d0f5890ae984ec3,True,local,,X3 H_shard2_best: full 5-fold confirmation of an Optuna HPO trial (screened on 40% subsampled fold-0),660.7,154.0,5,42,0.946003,0.000638,0.945996,,,experiments/preds/6fcd493b,2253 3139 2551 2600 3031,0.945005 0.945719 0.946926 0.946332 0.946032,42.0,"Annual_Income_USD,Daily_Commute_km,Age","buy_score,worry_score,freq_Age,freq_Annual_Income_USD,freq_Daily_Commute_km,freq_Number_of_Cars_Owned,freq_Charging_Stations_Near_Home,freq_Charging_Stations_Near_Work,freq_Environmental_Concern_Level,freq_Gender,freq_City_Type,freq_Current_Car_Type,freq_Home_Charging_Possible,freq_Subsidy_Available,freq_Range_Anxiety_Level,digit_Age_-4,digit_Age_-3,digit_Age_-2,digit_Age_-1,digit_Age_0,digit_Age_1,digit_Age_2,digit_Age_3,digit_Annual_Income_USD_-4,digit_Annual_Income_USD_-3,digit_Annual_Income_USD_-2,digit_Annual_Income_USD_-1,digit_Annual_Income_USD_0,digit_Annual_Income_USD_1,digit_Annual_Income_USD_2,digit_Annual_Income_USD_3,digit_Daily_Commute_km_-4,digit_Daily_Commute_km_-3,digit_Daily_Commute_km_-2,digit_Daily_Commute_km_-1,digit_Daily_Commute_km_0,digit_Daily_Commute_km_1,digit_Daily_Commute_km_2,digit_Daily_Commute_km_3,digit_Number_of_Cars_Owned_-4,digit_Number_of_Cars_Owned_-3,digit_Number_of_Cars_Owned_-2,digit_Number_of_Cars_Owned_-1,digit_Number_of_Cars_Owned_0,digit_Number_of_Cars_Owned_1,digit_Number_of_Cars_Owned_2,digit_Number_of_Cars_Owned_3,digit_Charging_Stations_Near_Home_-4,digit_Charging_Stations_Near_Home_-3,digit_Charging_Stations_Near_Home_-2,digit_Charging_Stations_Near_Home_-1,digit_Charging_Stations_Near_Home_0,digit_Charging_Stations_Near_Home_1,digit_Charging_Stations_Near_Home_2,digit_Charging_Stations_Near_Home_3,digit_Charging_Stations_Near_Work_-4,digit_Charging_Stations_Near_Work_-3,digit_Charging_Stations_Near_Work_-2,digit_Charging_Stations_Near_Work_-1,digit_Charging_Stations_Near_Work_0,digit_Charging_Stations_Near_Work_1,digit_Charging_Stations_Near_Work_2,digit_Charging_Stations_Near_Work_3,digit_Environmental_Concern_Level_-4,digit_Environmental_Concern_Level_-3,digit_Environmental_Concern_Level_-2,digit_Environmental_Concern_Level_-1,digit_Environmental_Concern_Level_0,digit_Environmental_Concern_Level_1,digit_Environmental_Concern_Level_2,digit_Environmental_Concern_Level_3,freqdig_Age_-4,freqdig_Age_-3,freqdig_Age_-2,freqdig_Age_-1,freqdig_Age_0,freqdig_Age_1,freqdig_Age_2,freqdig_Age_3,freqdig_Annual_Income_USD_-4,freqdig_Annual_Income_USD_-3,freqdig_Annual_Income_USD_-2,freqdig_Annual_Income_USD_-1,freqdig_Annual_Income_USD_0,freqdig_Annual_Income_USD_1,freqdig_Annual_Income_USD_2,freqdig_Annual_Income_USD_3,freqdig_Daily_Commute_km_-4,freqdig_Daily_Commute_km_-3,freqdig_Daily_Commute_km_-2,freqdig_Daily_Commute_km_-1,freqdig_Daily_Commute_km_0,freqdig_Daily_Commute_km_1,freqdig_Daily_Commute_km_2,freqdig_Daily_Commute_km_3,freqdig_Charging_Stations_Near_Home_-4,freqdig_Charging_Stations_Near_Home_-3,freqdig_Charging_Stations_Near_Home_-2,freqdig_Charging_Stations_Near_Home_-1,freqdig_Charging_Stations_Near_Home_0,freqdig_Charging_Stations_Near_Home_1,freqdig_Charging_Stations_Near_Home_2,freqdig_Charging_Stations_Near_Home_3,freqdig_Charging_Stations_Near_Work_-4,freqdig_Charging_Stations_Near_Work_-3,freqdig_Charging_Stations_Near_Work_-2,freqdig_Charging_Stations_Near_Work_-1,freqdig_Charging_Stations_Near_Work_0,freqdig_Charging_Stations_Near_Work_1,freqdig_Charging_Stations_Near_Work_2,freqdig_Charging_Stations_Near_Work_3,freqdig_Environmental_Concern_Level_-4,freqdig_Environmental_Concern_Level_-3,freqdig_Environmental_Concern_Level_-2,freqdig_Environmental_Concern_Level_-1,freqdig_Environmental_Concern_Level_0,freqdig_Environmental_Concern_Level_1,freqdig_Environmental_Concern_Level_2,freqdig_Environmental_Concern_Level_3",H_shard2_best,0.945996,lgb,,,,,,,"HYPOTHESIS: 4 independent Optuna shards (80 trials each, sampler_seeds 1-4) converged on max_depth=4/lower-lr/higher-min_child_samples vs R0's tuned-for-their-own-320-feature/10-fold params. GATE: +0.0000949 OOF vs R0 (0.945989), confirmed on FULL 5-fold data (search screened on 40% subsample, fold 0 only)."
d68bf43c,2026-09-11T20:13:25+00:00,d2d43b0549b942e087c4fbe27d0f5890ae984ec3,True,local,,X3 H_shard3_best: full 5-fold confirmation of an Optuna HPO trial (screened on 40% subsampled fold-0),595.7,154.0,5,42,0.94599,0.00064,0.945984,,,experiments/preds/d68bf43c,2172 3017 2692 2210 2784,0.945012 0.945678 0.946933 0.946309 0.94602,42.0,"Annual_Income_USD,Daily_Commute_km,Age","buy_score,worry_score,freq_Age,freq_Annual_Income_USD,freq_Daily_Commute_km,freq_Number_of_Cars_Owned,freq_Charging_Stations_Near_Home,freq_Charging_Stations_Near_Work,freq_Environmental_Concern_Level,freq_Gender,freq_City_Type,freq_Current_Car_Type,freq_Home_Charging_Possible,freq_Subsidy_Available,freq_Range_Anxiety_Level,digit_Age_-4,digit_Age_-3,digit_Age_-2,digit_Age_-1,digit_Age_0,digit_Age_1,digit_Age_2,digit_Age_3,digit_Annual_Income_USD_-4,digit_Annual_Income_USD_-3,digit_Annual_Income_USD_-2,digit_Annual_Income_USD_-1,digit_Annual_Income_USD_0,digit_Annual_Income_USD_1,digit_Annual_Income_USD_2,digit_Annual_Income_USD_3,digit_Daily_Commute_km_-4,digit_Daily_Commute_km_-3,digit_Daily_Commute_km_-2,digit_Daily_Commute_km_-1,digit_Daily_Commute_km_0,digit_Daily_Commute_km_1,digit_Daily_Commute_km_2,digit_Daily_Commute_km_3,digit_Number_of_Cars_Owned_-4,digit_Number_of_Cars_Owned_-3,digit_Number_of_Cars_Owned_-2,digit_Number_of_Cars_Owned_-1,digit_Number_of_Cars_Owned_0,digit_Number_of_Cars_Owned_1,digit_Number_of_Cars_Owned_2,digit_Number_of_Cars_Owned_3,digit_Charging_Stations_Near_Home_-4,digit_Charging_Stations_Near_Home_-3,digit_Charging_Stations_Near_Home_-2,digit_Charging_Stations_Near_Home_-1,digit_Charging_Stations_Near_Home_0,digit_Charging_Stations_Near_Home_1,digit_Charging_Stations_Near_Home_2,digit_Charging_Stations_Near_Home_3,digit_Charging_Stations_Near_Work_-4,digit_Charging_Stations_Near_Work_-3,digit_Charging_Stations_Near_Work_-2,digit_Charging_Stations_Near_Work_-1,digit_Charging_Stations_Near_Work_0,digit_Charging_Stations_Near_Work_1,digit_Charging_Stations_Near_Work_2,digit_Charging_Stations_Near_Work_3,digit_Environmental_Concern_Level_-4,digit_Environmental_Concern_Level_-3,digit_Environmental_Concern_Level_-2,digit_Environmental_Concern_Level_-1,digit_Environmental_Concern_Level_0,digit_Environmental_Concern_Level_1,digit_Environmental_Concern_Level_2,digit_Environmental_Concern_Level_3,freqdig_Age_-4,freqdig_Age_-3,freqdig_Age_-2,freqdig_Age_-1,freqdig_Age_0,freqdig_Age_1,freqdig_Age_2,freqdig_Age_3,freqdig_Annual_Income_USD_-4,freqdig_Annual_Income_USD_-3,freqdig_Annual_Income_USD_-2,freqdig_Annual_Income_USD_-1,freqdig_Annual_Income_USD_0,freqdig_Annual_Income_USD_1,freqdig_Annual_Income_USD_2,freqdig_Annual_Income_USD_3,freqdig_Daily_Commute_km_-4,freqdig_Daily_Commute_km_-3,freqdig_Daily_Commute_km_-2,freqdig_Daily_Commute_km_-1,freqdig_Daily_Commute_km_0,freqdig_Daily_Commute_km_1,freqdig_Daily_Commute_km_2,freqdig_Daily_Commute_km_3,freqdig_Charging_Stations_Near_Home_-4,freqdig_Charging_Stations_Near_Home_-3,freqdig_Charging_Stations_Near_Home_-2,freqdig_Charging_Stations_Near_Home_-1,freqdig_Charging_Stations_Near_Home_0,freqdig_Charging_Stations_Near_Home_1,freqdig_Charging_Stations_Near_Home_2,freqdig_Charging_Stations_Near_Home_3,freqdig_Charging_Stations_Near_Work_-4,freqdig_Charging_Stations_Near_Work_-3,freqdig_Charging_Stations_Near_Work_-2,freqdig_Charging_Stations_Near_Work_-1,freqdig_Charging_Stations_Near_Work_0,freqdig_Charging_Stations_Near_Work_1,freqdig_Charging_Stations_Near_Work_2,freqdig_Charging_Stations_Near_Work_3,freqdig_Environmental_Concern_Level_-4,freqdig_Environmental_Concern_Level_-3,freqdig_Environmental_Concern_Level_-2,freqdig_Environmental_Concern_Level_-1,freqdig_Environmental_Concern_Level_0,freqdig_Environmental_Concern_Level_1,freqdig_Environmental_Concern_Level_2,freqdig_Environmental_Concern_Level_3",H_shard3_best,0.945984,lgb,,,,,,,"HYPOTHESIS: 4 independent Optuna shards (80 trials each, sampler_seeds 1-4) converged on max_depth=4/lower-lr/higher-min_child_samples vs R0's tuned-for-their-own-320-feature/10-fold params. GATE: +0.0000949 OOF vs R0 (0.945989), confirmed on FULL 5-fold data (search screened on 40% subsample, fold 0 only)."
6ebe2430,2026-09-11T20:23:16+00:00,d2d43b0549b942e087c4fbe27d0f5890ae984ec3,True,local,,X3 H_consensus: full 5-fold confirmation of an Optuna HPO trial (screened on 40% subsampled fold-0),586.4,154.0,5,42,0.945996,0.000639,0.945989,,,experiments/preds/6ebe2430,2334 2869 2682 2426 2347,0.945025 0.945677 0.946936 0.946327 0.946014,42.0,"Annual_Income_USD,Daily_Commute_km,Age","buy_score,worry_score,freq_Age,freq_Annual_Income_USD,freq_Daily_Commute_km,freq_Number_of_Cars_Owned,freq_Charging_Stations_Near_Home,freq_Charging_Stations_Near_Work,freq_Environmental_Concern_Level,freq_Gender,freq_City_Type,freq_Current_Car_Type,freq_Home_Charging_Possible,freq_Subsidy_Available,freq_Range_Anxiety_Level,digit_Age_-4,digit_Age_-3,digit_Age_-2,digit_Age_-1,digit_Age_0,digit_Age_1,digit_Age_2,digit_Age_3,digit_Annual_Income_USD_-4,digit_Annual_Income_USD_-3,digit_Annual_Income_USD_-2,digit_Annual_Income_USD_-1,digit_Annual_Income_USD_0,digit_Annual_Income_USD_1,digit_Annual_Income_USD_2,digit_Annual_Income_USD_3,digit_Daily_Commute_km_-4,digit_Daily_Commute_km_-3,digit_Daily_Commute_km_-2,digit_Daily_Commute_km_-1,digit_Daily_Commute_km_0,digit_Daily_Commute_km_1,digit_Daily_Commute_km_2,digit_Daily_Commute_km_3,digit_Number_of_Cars_Owned_-4,digit_Number_of_Cars_Owned_-3,digit_Number_of_Cars_Owned_-2,digit_Number_of_Cars_Owned_-1,digit_Number_of_Cars_Owned_0,digit_Number_of_Cars_Owned_1,digit_Number_of_Cars_Owned_2,digit_Number_of_Cars_Owned_3,digit_Charging_Stations_Near_Home_-4,digit_Charging_Stations_Near_Home_-3,digit_Charging_Stations_Near_Home_-2,digit_Charging_Stations_Near_Home_-1,digit_Charging_Stations_Near_Home_0,digit_Charging_Stations_Near_Home_1,digit_Charging_Stations_Near_Home_2,digit_Charging_Stations_Near_Home_3,digit_Charging_Stations_Near_Work_-4,digit_Charging_Stations_Near_Work_-3,digit_Charging_Stations_Near_Work_-2,digit_Charging_Stations_Near_Work_-1,digit_Charging_Stations_Near_Work_0,digit_Charging_Stations_Near_Work_1,digit_Charging_Stations_Near_Work_2,digit_Charging_Stations_Near_Work_3,digit_Environmental_Concern_Level_-4,digit_Environmental_Concern_Level_-3,digit_Environmental_Concern_Level_-2,digit_Environmental_Concern_Level_-1,digit_Environmental_Concern_Level_0,digit_Environmental_Concern_Level_1,digit_Environmental_Concern_Level_2,digit_Environmental_Concern_Level_3,freqdig_Age_-4,freqdig_Age_-3,freqdig_Age_-2,freqdig_Age_-1,freqdig_Age_0,freqdig_Age_1,freqdig_Age_2,freqdig_Age_3,freqdig_Annual_Income_USD_-4,freqdig_Annual_Income_USD_-3,freqdig_Annual_Income_USD_-2,freqdig_Annual_Income_USD_-1,freqdig_Annual_Income_USD_0,freqdig_Annual_Income_USD_1,freqdig_Annual_Income_USD_2,freqdig_Annual_Income_USD_3,freqdig_Daily_Commute_km_-4,freqdig_Daily_Commute_km_-3,freqdig_Daily_Commute_km_-2,freqdig_Daily_Commute_km_-1,freqdig_Daily_Commute_km_0,freqdig_Daily_Commute_km_1,freqdig_Daily_Commute_km_2,freqdig_Daily_Commute_km_3,freqdig_Charging_Stations_Near_Home_-4,freqdig_Charging_Stations_Near_Home_-3,freqdig_Charging_Stations_Near_Home_-2,freqdig_Charging_Stations_Near_Home_-1,freqdig_Charging_Stations_Near_Home_0,freqdig_Charging_Stations_Near_Home_1,freqdig_Charging_Stations_Near_Home_2,freqdig_Charging_Stations_Near_Home_3,freqdig_Charging_Stations_Near_Work_-4,freqdig_Charging_Stations_Near_Work_-3,freqdig_Charging_Stations_Near_Work_-2,freqdig_Charging_Stations_Near_Work_-1,freqdig_Charging_Stations_Near_Work_0,freqdig_Charging_Stations_Near_Work_1,freqdig_Charging_Stations_Near_Work_2,freqdig_Charging_Stations_Near_Work_3,freqdig_Environmental_Concern_Level_-4,freqdig_Environmental_Concern_Level_-3,freqdig_Environmental_Concern_Level_-2,freqdig_Environmental_Concern_Level_-1,freqdig_Environmental_Concern_Level_0,freqdig_Environmental_Concern_Level_1,freqdig_Environmental_Concern_Level_2,freqdig_Environmental_Concern_Level_3",H_consensus,0.945989,lgb,,,,,,,"HYPOTHESIS: 4 independent Optuna shards (80 trials each, sampler_seeds 1-4) converged on max_depth=4/lower-lr/higher-min_child_samples vs R0's tuned-for-their-own-320-feature/10-fold params. GATE: +0.0000949 OOF vs R0 (0.945989), confirmed on FULL 5-fold data (search screened on 40% subsample, fold 0 only)."
431065de,2026-09-12T11:21:17+00:00,1dbd4aba985e65dbd63567f7543a4764fe6a2e5c,True,local,,"W1: R0 + CENTRED-WINDOW target rates on Annual_Income_USD (radii 2/5/10/25/50/200, smooth 10) -- strict twin of R0",426.7,160.0,5,42,0.946043,0.000634,0.946035,0.94617,,experiments/preds/431065de,885 1423 1252 883 1506,0.945042 0.945757 0.946942 0.946384 0.946089,42.0,"Annual_Income_USD,Daily_Commute_km,Age","buy_score,worry_score,freq_Age,freq_Annual_Income_USD,freq_Daily_Commute_km,freq_Number_of_Cars_Owned,freq_Charging_Stations_Near_Home,freq_Charging_Stations_Near_Work,freq_Environmental_Concern_Level,freq_Gender,freq_City_Type,freq_Current_Car_Type,freq_Home_Charging_Possible,freq_Subsidy_Available,freq_Range_Anxiety_Level,digit_Age_-4,digit_Age_-3,digit_Age_-2,digit_Age_-1,digit_Age_0,digit_Age_1,digit_Age_2,digit_Age_3,digit_Annual_Income_USD_-4,digit_Annual_Income_USD_-3,digit_Annual_Income_USD_-2,digit_Annual_Income_USD_-1,digit_Annual_Income_USD_0,digit_Annual_Income_USD_1,digit_Annual_Income_USD_2,digit_Annual_Income_USD_3,digit_Daily_Commute_km_-4,digit_Daily_Commute_km_-3,digit_Daily_Commute_km_-2,digit_Daily_Commute_km_-1,digit_Daily_Commute_km_0,digit_Daily_Commute_km_1,digit_Daily_Commute_km_2,digit_Daily_Commute_km_3,digit_Number_of_Cars_Owned_-4,digit_Number_of_Cars_Owned_-3,digit_Number_of_Cars_Owned_-2,digit_Number_of_Cars_Owned_-1,digit_Number_of_Cars_Owned_0,digit_Number_of_Cars_Owned_1,digit_Number_of_Cars_Owned_2,digit_Number_of_Cars_Owned_3,digit_Charging_Stations_Near_Home_-4,digit_Charging_Stations_Near_Home_-3,digit_Charging_Stations_Near_Home_-2,digit_Charging_Stations_Near_Home_-1,digit_Charging_Stations_Near_Home_0,digit_Charging_Stations_Near_Home_1,digit_Charging_Stations_Near_Home_2,digit_Charging_Stations_Near_Home_3,digit_Charging_Stations_Near_Work_-4,digit_Charging_Stations_Near_Work_-3,digit_Charging_Stations_Near_Work_-2,digit_Charging_Stations_Near_Work_-1,digit_Charging_Stations_Near_Work_0,digit_Charging_Stations_Near_Work_1,digit_Charging_Stations_Near_Work_2,digit_Charging_Stations_Near_Work_3,digit_Environmental_Concern_Level_-4,digit_Environmental_Concern_Level_-3,digit_Environmental_Concern_Level_-2,digit_Environmental_Concern_Level_-1,digit_Environmental_Concern_Level_0,digit_Environmental_Concern_Level_1,digit_Environmental_Concern_Level_2,digit_Environmental_Concern_Level_3,freqdig_Age_-4,freqdig_Age_-3,freqdig_Age_-2,freqdig_Age_-1,freqdig_Age_0,freqdig_Age_1,freqdig_Age_2,freqdig_Age_3,freqdig_Annual_Income_USD_-4,freqdig_Annual_Income_USD_-3,freqdig_Annual_Income_USD_-2,freqdig_Annual_Income_USD_-1,freqdig_Annual_Income_USD_0,freqdig_Annual_Income_USD_1,freqdig_Annual_Income_USD_2,freqdig_Annual_Income_USD_3,freqdig_Daily_Commute_km_-4,freqdig_Daily_Commute_km_-3,freqdig_Daily_Commute_km_-2,freqdig_Daily_Commute_km_-1,freqdig_Daily_Commute_km_0,freqdig_Daily_Commute_km_1,freqdig_Daily_Commute_km_2,freqdig_Daily_Commute_km_3,freqdig_Charging_Stations_Near_Home_-4,freqdig_Charging_Stations_Near_Home_-3,freqdig_Charging_Stations_Near_Home_-2,freqdig_Charging_Stations_Near_Home_-1,freqdig_Charging_Stations_Near_Home_0,freqdig_Charging_Stations_Near_Home_1,freqdig_Charging_Stations_Near_Home_2,freqdig_Charging_Stations_Near_Home_3,freqdig_Charging_Stations_Near_Work_-4,freqdig_Charging_Stations_Near_Work_-3,freqdig_Charging_Stations_Near_Work_-2,freqdig_Charging_Stations_Near_Work_-1,freqdig_Charging_Stations_Near_Work_0,freqdig_Charging_Stations_Near_Work_1,freqdig_Charging_Stations_Near_Work_2,freqdig_Charging_Stations_Near_Work_3,freqdig_Environmental_Concern_Level_-4,freqdig_Environmental_Concern_Level_-3,freqdig_Environmental_Concern_Level_-2,freqdig_Environmental_Concern_Level_-1,freqdig_Environmental_Concern_Level_0,freqdig_Environmental_Concern_Level_1,freqdig_Environmental_Concern_Level_2,freqdig_Environmental_Concern_Level_3",W1,0.946035,lgb,,,,,,,"HYPOTHESIS: the shape encoder pools neighbours through a fixed equal-width grid, so a value near a bin edge pools asymmetrically and its radius is whatever the grid width is; a centred window always puts the value at the centre of its own neighbourhood at 6 scales at once. MECHANISM: Phase 15 X1 measured the shape encoder FLAT from 1024 to 16384 bins, which says grid WIDTH was never the binding limit -- the arbitrary ORIGIN is the untested candidate. Read as an idea from the public frontier's view C; reimplemented under our own leakage protocol (leak control: random 13214-value key scores 0.4959-0.5019 through the same inner-fold path). GATE: +0.0000949 OOF (README s4) to move the champion; ADD +0.0002 to the 7-leg stack to ship as a leg. WATCH best_iter: collapse from R0's 1193-1429 toward 300-450 is the F1/H2/H3/P3 displacement signature."
b298a7e2,2026-09-12T14:20:04+00:00,67cbb80d7dd3301edd6f208dc50280972029c636,True,gcarno/s6e9-probe-w2,1.0,"W2: S1 + centred windows -- windows on the LEAN recipe (E1 params + shape encoder, 32 features)",242.2,38.0,5,42,0.94589,0.000636,0.945881,0.94617,,experiments/preds/b298a7e2,842 976 881 532 1125,0.944887 0.945619 0.946808 0.946203 0.945932,42.0,"Annual_Income_USD,Daily_Commute_km,Age",,W2,0.945881,lgb,,,,,,,"HYPOTHESIS, two jobs. (1) W1 measured windows at +0.000046 on R0's already-saturated 154-feature representation; the same ingredient on a lean base separates 'windows are weak' from 'R0 is saturated'. (2) S1 is the ONLY Phase-14-recipe submission whose LB residual was +0.00000, while the four richer ones sat at -0.00010 to -0.00018 and the 9-leg stack at -0.00023. If W2 lands near R0's OOF at ~38 features instead of 154, submitting it is the feature-bulk-offset isolation point Phase 14 and Phase 15 both named and neither ran. GATE: +0.0000949 vs S1's 0.945787 to count as a gain; the interesting outcome is the feature count at which a given OOF is reached, regardless of sign."
4485ae1f,2026-09-12T14:22:12+00:00,67cbb80d7dd3301edd6f208dc50280972029c636,True,gcarno/s6e9-probe-ws,1.0,"WS: R0 with the shape encoder REPLACED by centred windows (te_shape_cols=[], te_window_cols=[income])",371.3,144.0,5,42,0.946057,0.000619,0.946051,0.94614,,experiments/preds/4485ae1f,1282 1386 1232 1079 1341,0.945095 0.945742 0.946934 0.946404 0.946112,42.0,"Annual_Income_USD,Daily_Commute_km,Age",buy_score worry_score freq_Age freq_Annual_Income_USD freq_Daily_Commute_km freq_Number_of_Cars_Owned freq_Charging_Stations_Near_Home freq_Charging_Stations_Near_Work freq_Environmental_Concern_Level freq_Gender freq_City_Type freq_Current_Car_Type freq_Home_Charging_Possible freq_Subsidy_Available freq_Range_Anxiety_Level digit_Age_-4 digit_Age_-3 digit_Age_-2 digit_Age_-1 digit_Age_0 digit_Age_1 digit_Age_2 digit_Age_3 digit_Annual_Income_USD_-4 digit_Annual_Income_USD_-3 digit_Annual_Income_USD_-2 digit_Annual_Income_USD_-1 digit_Annual_Income_USD_0 digit_Annual_Income_USD_1 digit_Annual_Income_USD_2 digit_Annual_Income_USD_3 digit_Daily_Commute_km_-4 digit_Daily_Commute_km_-3 digit_Daily_Commute_km_-2 digit_Daily_Commute_km_-1 digit_Daily_Commute_km_0 digit_Daily_Commute_km_1 digit_Daily_Commute_km_2 digit_Daily_Commute_km_3 digit_Number_of_Cars_Owned_-4 digit_Number_of_Cars_Owned_-3 digit_Number_of_Cars_Owned_-2 digit_Number_of_Cars_Owned_-1 digit_Number_of_Cars_Owned_0 digit_Number_of_Cars_Owned_1 digit_Number_of_Cars_Owned_2 digit_Number_of_Cars_Owned_3 digit_Charging_Stations_Near_Home_-4 digit_Charging_Stations_Near_Home_-3 digit_Charging_Stations_Near_Home_-2 digit_Charging_Stations_Near_Home_-1 digit_Charging_Stations_Near_Home_0 digit_Charging_Stations_Near_Home_1 digit_Charging_Stations_Near_Home_2 digit_Charging_Stations_Near_Home_3 digit_Charging_Stations_Near_Work_-4 digit_Charging_Stations_Near_Work_-3 digit_Charging_Stations_Near_Work_-2 digit_Charging_Stations_Near_Work_-1 digit_Charging_Stations_Near_Work_0 digit_Charging_Stations_Near_Work_1 digit_Charging_Stations_Near_Work_2 digit_Charging_Stations_Near_Work_3 digit_Environmental_Concern_Level_-4 digit_Environmental_Concern_Level_-3 digit_Environmental_Concern_Level_-2 digit_Environmental_Concern_Level_-1 digit_Environmental_Concern_Level_0 digit_Environmental_Concern_Level_1 digit_Environmental_Concern_Level_2 digit_Environmental_Concern_Level_3 freqdig_Age_-4 freqdig_Age_-3 freqdig_Age_-2 freqdig_Age_-1 freqdig_Age_0 freqdig_Age_1 freqdig_Age_2 freqdig_Age_3 freqdig_Annual_Income_USD_-4 freqdig_Annual_Income_USD_-3 freqdig_Annual_Income_USD_-2 freqdig_Annual_Income_USD_-1 freqdig_Annual_Income_USD_0 freqdig_Annual_Income_USD_1 freqdig_Annual_Income_USD_2 freqdig_Annual_Income_USD_3 freqdig_Daily_Commute_km_-4 freqdig_Daily_Commute_km_-3 freqdig_Daily_Commute_km_-2 freqdig_Daily_Commute_km_-1 freqdig_Daily_Commute_km_0 freqdig_Daily_Commute_km_1 freqdig_Daily_Commute_km_2 freqdig_Daily_Commute_km_3 freqdig_Charging_Stations_Near_Home_-4 freqdig_Charging_Stations_Near_Home_-3 freqdig_Charging_Stations_Near_Home_-2 freqdig_Charging_Stations_Near_Home_-1 freqdig_Charging_Stations_Near_Home_0 freqdig_Charging_Stations_Near_Home_1 freqdig_Charging_Stations_Near_Home_2 freqdig_Charging_Stations_Near_Home_3 freqdig_Charging_Stations_Near_Work_-4 freqdig_Charging_Stations_Near_Work_-3 freqdig_Charging_Stations_Near_Work_-2 freqdig_Charging_Stations_Near_Work_-1 freqdig_Charging_Stations_Near_Work_0 freqdig_Charging_Stations_Near_Work_1 freqdig_Charging_Stations_Near_Work_2 freqdig_Charging_Stations_Near_Work_3 freqdig_Environmental_Concern_Level_-4 freqdig_Environmental_Concern_Level_-3 freqdig_Environmental_Concern_Level_-2 freqdig_Environmental_Concern_Level_-1 freqdig_Environmental_Concern_Level_0 freqdig_Environmental_Concern_Level_1 freqdig_Environmental_Concern_Level_2 freqdig_Environmental_Concern_Level_3,WS,0.946051,lgb,,,,,,,"HYPOTHESIS: the shape encoder and the centred-window encoder may be the same mechanism at different origins -- both pool neighbouring income values to cut the per-value rate's SE. If so, swapping one for the other lands at or above R0 (0.945989) and the windows are simply the better-parameterised form, which would make W1's +0.000046 a REDUNDANCY result rather than a weak-ingredient result. If WS lands materially below R0, the shape encoder's slope/curvature DERIVATIVE channels are doing something a bare multi-radius rate cannot, which is a mechanism finding either way. GATE: this is a mechanism probe, not a champion candidate -- it is read against R0 and against W1, not against the shipping gate."
c639ea81,2026-09-12T14:23:16+00:00,67cbb80d7dd3301edd6f208dc50280972029c636,True,gcarno/s6e9-probe-q2,1.0,"Q2: R0 with the exact-value income TE key REPLACED by the //10,//50,//500,//5000 ladder (the frontier's view D content)",445.4,164.0,5,42,0.945857,0.000651,0.945849,,,experiments/preds/c639ea81,1203 1354 1386 1076 1369,0.944805 0.945638 0.946792 0.946154 0.945893,42.0,"Daily_Commute_km,Age,q_Annual_Income_USD_10,q_Annual_Income_USD_50,q_Annual_Income_USD_500,q_Annual_Income_USD_5000",buy_score worry_score freq_Age freq_Annual_Income_USD freq_Daily_Commute_km freq_Number_of_Cars_Owned freq_Charging_Stations_Near_Home freq_Charging_Stations_Near_Work freq_Environmental_Concern_Level freq_Gender freq_City_Type freq_Current_Car_Type freq_Home_Charging_Possible freq_Subsidy_Available freq_Range_Anxiety_Level digit_Age_-4 digit_Age_-3 digit_Age_-2 digit_Age_-1 digit_Age_0 digit_Age_1 digit_Age_2 digit_Age_3 digit_Annual_Income_USD_-4 digit_Annual_Income_USD_-3 digit_Annual_Income_USD_-2 digit_Annual_Income_USD_-1 digit_Annual_Income_USD_0 digit_Annual_Income_USD_1 digit_Annual_Income_USD_2 digit_Annual_Income_USD_3 digit_Daily_Commute_km_-4 digit_Daily_Commute_km_-3 digit_Daily_Commute_km_-2 digit_Daily_Commute_km_-1 digit_Daily_Commute_km_0 digit_Daily_Commute_km_1 digit_Daily_Commute_km_2 digit_Daily_Commute_km_3 digit_Number_of_Cars_Owned_-4 digit_Number_of_Cars_Owned_-3 digit_Number_of_Cars_Owned_-2 digit_Number_of_Cars_Owned_-1 digit_Number_of_Cars_Owned_0 digit_Number_of_Cars_Owned_1 digit_Number_of_Cars_Owned_2 digit_Number_of_Cars_Owned_3 digit_Charging_Stations_Near_Home_-4 digit_Charging_Stations_Near_Home_-3 digit_Charging_Stations_Near_Home_-2 digit_Charging_Stations_Near_Home_-1 digit_Charging_Stations_Near_Home_0 digit_Charging_Stations_Near_Home_1 digit_Charging_Stations_Near_Home_2 digit_Charging_Stations_Near_Home_3 digit_Charging_Stations_Near_Work_-4 digit_Charging_Stations_Near_Work_-3 digit_Charging_Stations_Near_Work_-2 digit_Charging_Stations_Near_Work_-1 digit_Charging_Stations_Near_Work_0 digit_Charging_Stations_Near_Work_1 digit_Charging_Stations_Near_Work_2 digit_Charging_Stations_Near_Work_3 digit_Environmental_Concern_Level_-4 digit_Environmental_Concern_Level_-3 digit_Environmental_Concern_Level_-2 digit_Environmental_Concern_Level_-1 digit_Environmental_Concern_Level_0 digit_Environmental_Concern_Level_1 digit_Environmental_Concern_Level_2 digit_Environmental_Concern_Level_3 freqdig_Age_-4 freqdig_Age_-3 freqdig_Age_-2 freqdig_Age_-1 freqdig_Age_0 freqdig_Age_1 freqdig_Age_2 freqdig_Age_3 freqdig_Annual_Income_USD_-4 freqdig_Annual_Income_USD_-3 freqdig_Annual_Income_USD_-2 freqdig_Annual_Income_USD_-1 freqdig_Annual_Income_USD_0 freqdig_Annual_Income_USD_1 freqdig_Annual_Income_USD_2 freqdig_Annual_Income_USD_3 freqdig_Daily_Commute_km_-4 freqdig_Daily_Commute_km_-3 freqdig_Daily_Commute_km_-2 freqdig_Daily_Commute_km_-1 freqdig_Daily_Commute_km_0 freqdig_Daily_Commute_km_1 freqdig_Daily_Commute_km_2 freqdig_Daily_Commute_km_3 freqdig_Charging_Stations_Near_Home_-4 freqdig_Charging_Stations_Near_Home_-3 freqdig_Charging_Stations_Near_Home_-2 freqdig_Charging_Stations_Near_Home_-1 freqdig_Charging_Stations_Near_Home_0 freqdig_Charging_Stations_Near_Home_1 freqdig_Charging_Stations_Near_Home_2 freqdig_Charging_Stations_Near_Home_3 freqdig_Charging_Stations_Near_Work_-4 freqdig_Charging_Stations_Near_Work_-3 freqdig_Charging_Stations_Near_Work_-2 freqdig_Charging_Stations_Near_Work_-1 freqdig_Charging_Stations_Near_Work_0 freqdig_Charging_Stations_Near_Work_1 freqdig_Charging_Stations_Near_Work_2 freqdig_Charging_Stations_Near_Work_3 freqdig_Environmental_Concern_Level_-4 freqdig_Environmental_Concern_Level_-3 freqdig_Environmental_Concern_Level_-2 freqdig_Environmental_Concern_Level_-1 freqdig_Environmental_Concern_Level_0 freqdig_Environmental_Concern_Level_1 freqdig_Environmental_Concern_Level_2 freqdig_Environmental_Concern_Level_3 q_Annual_Income_USD_10 q_Annual_Income_USD_50 q_Annual_Income_USD_500 q_Annual_Income_USD_5000,Q2,0.945849,lgb,,,,,,,"HYPOTHESIS, pre-registered as LIKELY WORSE. Phase 1 measured the exact-value income lookup as the single largest effect in this competition (B4 +0.003017; B6, forbidding non-monotonicity, -0.001472 = 39 sigma), and Phase 1c's residual-variance test found the lookup FULLY extracted. Dropping the exact key for coarser ladder keys should therefore cost real signal, and the frontier's view D scoring BELOW their view A (0.946077 vs 0.946281) is consistent with that on their own data. MECHANISM: if Q2 lands only slightly below R0, the exact key's advantage over //10 is smaller than Phase 1 implies and the per-value lookup is coarser than 1-dollar resolution. GATE: read against R0; if it lands below, this is the round's deliberately-worse instrument point (the H2/L1/R2/G5 trick, fifth application)."
d6ca7bd5,2026-09-12T14:26:07+00:00,67cbb80d7dd3301edd6f208dc50280972029c636,True,gcarno/s6e9-probe-q1,1.0,"Q1: R0 + quantisation ladder //10,//50,//500,//5000 on income, as raw columns AND as TE keys (dual smoothing 10/auto)",630.1,166.0,5,42,0.946076,0.000648,0.946067,,,experiments/preds/d6ca7bd5,1152 1328 1177 906 1252,0.945047 0.945831 0.94701 0.946404 0.946088,42.0,"Annual_Income_USD,Daily_Commute_km,Age,q_Annual_Income_USD_10,q_Annual_Income_USD_50,q_Annual_Income_USD_500,q_Annual_Income_USD_5000",buy_score worry_score freq_Age freq_Annual_Income_USD freq_Daily_Commute_km freq_Number_of_Cars_Owned freq_Charging_Stations_Near_Home freq_Charging_Stations_Near_Work freq_Environmental_Concern_Level freq_Gender freq_City_Type freq_Current_Car_Type freq_Home_Charging_Possible freq_Subsidy_Available freq_Range_Anxiety_Level digit_Age_-4 digit_Age_-3 digit_Age_-2 digit_Age_-1 digit_Age_0 digit_Age_1 digit_Age_2 digit_Age_3 digit_Annual_Income_USD_-4 digit_Annual_Income_USD_-3 digit_Annual_Income_USD_-2 digit_Annual_Income_USD_-1 digit_Annual_Income_USD_0 digit_Annual_Income_USD_1 digit_Annual_Income_USD_2 digit_Annual_Income_USD_3 digit_Daily_Commute_km_-4 digit_Daily_Commute_km_-3 digit_Daily_Commute_km_-2 digit_Daily_Commute_km_-1 digit_Daily_Commute_km_0 digit_Daily_Commute_km_1 digit_Daily_Commute_km_2 digit_Daily_Commute_km_3 digit_Number_of_Cars_Owned_-4 digit_Number_of_Cars_Owned_-3 digit_Number_of_Cars_Owned_-2 digit_Number_of_Cars_Owned_-1 digit_Number_of_Cars_Owned_0 digit_Number_of_Cars_Owned_1 digit_Number_of_Cars_Owned_2 digit_Number_of_Cars_Owned_3 digit_Charging_Stations_Near_Home_-4 digit_Charging_Stations_Near_Home_-3 digit_Charging_Stations_Near_Home_-2 digit_Charging_Stations_Near_Home_-1 digit_Charging_Stations_Near_Home_0 digit_Charging_Stations_Near_Home_1 digit_Charging_Stations_Near_Home_2 digit_Charging_Stations_Near_Home_3 digit_Charging_Stations_Near_Work_-4 digit_Charging_Stations_Near_Work_-3 digit_Charging_Stations_Near_Work_-2 digit_Charging_Stations_Near_Work_-1 digit_Charging_Stations_Near_Work_0 digit_Charging_Stations_Near_Work_1 digit_Charging_Stations_Near_Work_2 digit_Charging_Stations_Near_Work_3 digit_Environmental_Concern_Level_-4 digit_Environmental_Concern_Level_-3 digit_Environmental_Concern_Level_-2 digit_Environmental_Concern_Level_-1 digit_Environmental_Concern_Level_0 digit_Environmental_Concern_Level_1 digit_Environmental_Concern_Level_2 digit_Environmental_Concern_Level_3 freqdig_Age_-4 freqdig_Age_-3 freqdig_Age_-2 freqdig_Age_-1 freqdig_Age_0 freqdig_Age_1 freqdig_Age_2 freqdig_Age_3 freqdig_Annual_Income_USD_-4 freqdig_Annual_Income_USD_-3 freqdig_Annual_Income_USD_-2 freqdig_Annual_Income_USD_-1 freqdig_Annual_Income_USD_0 freqdig_Annual_Income_USD_1 freqdig_Annual_Income_USD_2 freqdig_Annual_Income_USD_3 freqdig_Daily_Commute_km_-4 freqdig_Daily_Commute_km_-3 freqdig_Daily_Commute_km_-2 freqdig_Daily_Commute_km_-1 freqdig_Daily_Commute_km_0 freqdig_Daily_Commute_km_1 freqdig_Daily_Commute_km_2 freqdig_Daily_Commute_km_3 freqdig_Charging_Stations_Near_Home_-4 freqdig_Charging_Stations_Near_Home_-3 freqdig_Charging_Stations_Near_Home_-2 freqdig_Charging_Stations_Near_Home_-1 freqdig_Charging_Stations_Near_Home_0 freqdig_Charging_Stations_Near_Home_1 freqdig_Charging_Stations_Near_Home_2 freqdig_Charging_Stations_Near_Home_3 freqdig_Charging_Stations_Near_Work_-4 freqdig_Charging_Stations_Near_Work_-3 freqdig_Charging_Stations_Near_Work_-2 freqdig_Charging_Stations_Near_Work_-1 freqdig_Charging_Stations_Near_Work_0 freqdig_Charging_Stations_Near_Work_1 freqdig_Charging_Stations_Near_Work_2 freqdig_Charging_Stations_Near_Work_3 freqdig_Environmental_Concern_Level_-4 freqdig_Environmental_Concern_Level_-3 freqdig_Environmental_Concern_Level_-2 freqdig_Environmental_Concern_Level_-1 freqdig_Environmental_Concern_Level_0 freqdig_Environmental_Concern_Level_1 freqdig_Environmental_Concern_Level_2 freqdig_Environmental_Concern_Level_3 q_Annual_Income_USD_10 q_Annual_Income_USD_50 q_Annual_Income_USD_500 q_Annual_Income_USD_5000,Q1,0.946067,lgb,,,,,,,"HYPOTHESIS: the frontier's 'smooth keys', flagged untested at the end of Phase 15. Our key resolutions jump straight from the exact value (13214 levels, ~50 rows/value, rate SE ~0.053) to the backoff neighbourhood (200 quantile bins); //50 (3160 levels) and //500 (316 levels) are new intermediate resolutions. MECHANISM: a tree can already represent a monotone coarsening of income, so the RAW ladder columns are predicted near-null; the content is the TE on them. GATE: +0.0000949 OOF for the champion, ADD +0.0002 to ship as a leg. WATCH best_iter for the H2/H3 displacement collapse from R0's 1193-1429."
e9dcd2ff,2026-09-12T14:26:45+00:00,67cbb80d7dd3301edd6f208dc50280972029c636,True,gcarno/s6e9-probe-q1,,"Q1: R0 + quantisation ladder //10,//50,//500,//5000 on income, as raw columns AND as TE keys (dual smoothing 10/auto)",630.1,166.0,5,42,0.946076,0.000648,0.946067,,,experiments/preds/e9dcd2ff,1152 1328 1177 906 1252,0.945047 0.945831 0.94701 0.946404 0.946088,42.0,"Annual_Income_USD,Daily_Commute_km,Age,q_Annual_Income_USD_10,q_Annual_Income_USD_50,q_Annual_Income_USD_500,q_Annual_Income_USD_5000",buy_score worry_score freq_Age freq_Annual_Income_USD freq_Daily_Commute_km freq_Number_of_Cars_Owned freq_Charging_Stations_Near_Home freq_Charging_Stations_Near_Work freq_Environmental_Concern_Level freq_Gender freq_City_Type freq_Current_Car_Type freq_Home_Charging_Possible freq_Subsidy_Available freq_Range_Anxiety_Level digit_Age_-4 digit_Age_-3 digit_Age_-2 digit_Age_-1 digit_Age_0 digit_Age_1 digit_Age_2 digit_Age_3 digit_Annual_Income_USD_-4 digit_Annual_Income_USD_-3 digit_Annual_Income_USD_-2 digit_Annual_Income_USD_-1 digit_Annual_Income_USD_0 digit_Annual_Income_USD_1 digit_Annual_Income_USD_2 digit_Annual_Income_USD_3 digit_Daily_Commute_km_-4 digit_Daily_Commute_km_-3 digit_Daily_Commute_km_-2 digit_Daily_Commute_km_-1 digit_Daily_Commute_km_0 digit_Daily_Commute_km_1 digit_Daily_Commute_km_2 digit_Daily_Commute_km_3 digit_Number_of_Cars_Owned_-4 digit_Number_of_Cars_Owned_-3 digit_Number_of_Cars_Owned_-2 digit_Number_of_Cars_Owned_-1 digit_Number_of_Cars_Owned_0 digit_Number_of_Cars_Owned_1 digit_Number_of_Cars_Owned_2 digit_Number_of_Cars_Owned_3 digit_Charging_Stations_Near_Home_-4 digit_Charging_Stations_Near_Home_-3 digit_Charging_Stations_Near_Home_-2 digit_Charging_Stations_Near_Home_-1 digit_Charging_Stations_Near_Home_0 digit_Charging_Stations_Near_Home_1 digit_Charging_Stations_Near_Home_2 digit_Charging_Stations_Near_Home_3 digit_Charging_Stations_Near_Work_-4 digit_Charging_Stations_Near_Work_-3 digit_Charging_Stations_Near_Work_-2 digit_Charging_Stations_Near_Work_-1 digit_Charging_Stations_Near_Work_0 digit_Charging_Stations_Near_Work_1 digit_Charging_Stations_Near_Work_2 digit_Charging_Stations_Near_Work_3 digit_Environmental_Concern_Level_-4 digit_Environmental_Concern_Level_-3 digit_Environmental_Concern_Level_-2 digit_Environmental_Concern_Level_-1 digit_Environmental_Concern_Level_0 digit_Environmental_Concern_Level_1 digit_Environmental_Concern_Level_2 digit_Environmental_Concern_Level_3 freqdig_Age_-4 freqdig_Age_-3 freqdig_Age_-2 freqdig_Age_-1 freqdig_Age_0 freqdig_Age_1 freqdig_Age_2 freqdig_Age_3 freqdig_Annual_Income_USD_-4 freqdig_Annual_Income_USD_-3 freqdig_Annual_Income_USD_-2 freqdig_Annual_Income_USD_-1 freqdig_Annual_Income_USD_0 freqdig_Annual_Income_USD_1 freqdig_Annual_Income_USD_2 freqdig_Annual_Income_USD_3 freqdig_Daily_Commute_km_-4 freqdig_Daily_Commute_km_-3 freqdig_Daily_Commute_km_-2 freqdig_Daily_Commute_km_-1 freqdig_Daily_Commute_km_0 freqdig_Daily_Commute_km_1 freqdig_Daily_Commute_km_2 freqdig_Daily_Commute_km_3 freqdig_Charging_Stations_Near_Home_-4 freqdig_Charging_Stations_Near_Home_-3 freqdig_Charging_Stations_Near_Home_-2 freqdig_Charging_Stations_Near_Home_-1 freqdig_Charging_Stations_Near_Home_0 freqdig_Charging_Stations_Near_Home_1 freqdig_Charging_Stations_Near_Home_2 freqdig_Charging_Stations_Near_Home_3 freqdig_Charging_Stations_Near_Work_-4 freqdig_Charging_Stations_Near_Work_-3 freqdig_Charging_Stations_Near_Work_-2 freqdig_Charging_Stations_Near_Work_-1 freqdig_Charging_Stations_Near_Work_0 freqdig_Charging_Stations_Near_Work_1 freqdig_Charging_Stations_Near_Work_2 freqdig_Charging_Stations_Near_Work_3 freqdig_Environmental_Concern_Level_-4 freqdig_Environmental_Concern_Level_-3 freqdig_Environmental_Concern_Level_-2 freqdig_Environmental_Concern_Level_-1 freqdig_Environmental_Concern_Level_0 freqdig_Environmental_Concern_Level_1 freqdig_Environmental_Concern_Level_2 freqdig_Environmental_Concern_Level_3 q_Annual_Income_USD_10 q_Annual_Income_USD_50 q_Annual_Income_USD_500 q_Annual_Income_USD_5000,Q1,0.946067,lgb,,,,,,,"HYPOTHESIS: the frontier's 'smooth keys', flagged untested at the end of Phase 15. Our key resolutions jump from the exact value (13214 levels, rate SE ~0.053) to the backoff neighbourhood (200 quantile bins); //50 and //500 are new intermediate resolutions. MECHANISM: a tree can already represent a monotone coarsening of income, so the RAW ladder columns are predicted near-null; the content is the TE on them. GATE: +0.0000949 OOF for the champion, ADD +0.0002 to ship as a leg."
7d456f26,2026-09-12T14:27:16+00:00,67cbb80d7dd3301edd6f208dc50280972029c636,True,gcarno/s6e9-probe-wq,1.0,WQ: R0 + centred windows AND the quantisation ladder together,643.0,172.0,5,42,0.946093,0.00065,0.946086,,,experiments/preds/7d456f26,1214 1515 1429 1036 1405,0.945044 0.945865 0.947026 0.946392 0.946136,42.0,"Annual_Income_USD,Daily_Commute_km,Age,q_Annual_Income_USD_10,q_Annual_Income_USD_50,q_Annual_Income_USD_500,q_Annual_Income_USD_5000",buy_score worry_score freq_Age freq_Annual_Income_USD freq_Daily_Commute_km freq_Number_of_Cars_Owned freq_Charging_Stations_Near_Home freq_Charging_Stations_Near_Work freq_Environmental_Concern_Level freq_Gender freq_City_Type freq_Current_Car_Type freq_Home_Charging_Possible freq_Subsidy_Available freq_Range_Anxiety_Level digit_Age_-4 digit_Age_-3 digit_Age_-2 digit_Age_-1 digit_Age_0 digit_Age_1 digit_Age_2 digit_Age_3 digit_Annual_Income_USD_-4 digit_Annual_Income_USD_-3 digit_Annual_Income_USD_-2 digit_Annual_Income_USD_-1 digit_Annual_Income_USD_0 digit_Annual_Income_USD_1 digit_Annual_Income_USD_2 digit_Annual_Income_USD_3 digit_Daily_Commute_km_-4 digit_Daily_Commute_km_-3 digit_Daily_Commute_km_-2 digit_Daily_Commute_km_-1 digit_Daily_Commute_km_0 digit_Daily_Commute_km_1 digit_Daily_Commute_km_2 digit_Daily_Commute_km_3 digit_Number_of_Cars_Owned_-4 digit_Number_of_Cars_Owned_-3 digit_Number_of_Cars_Owned_-2 digit_Number_of_Cars_Owned_-1 digit_Number_of_Cars_Owned_0 digit_Number_of_Cars_Owned_1 digit_Number_of_Cars_Owned_2 digit_Number_of_Cars_Owned_3 digit_Charging_Stations_Near_Home_-4 digit_Charging_Stations_Near_Home_-3 digit_Charging_Stations_Near_Home_-2 digit_Charging_Stations_Near_Home_-1 digit_Charging_Stations_Near_Home_0 digit_Charging_Stations_Near_Home_1 digit_Charging_Stations_Near_Home_2 digit_Charging_Stations_Near_Home_3 digit_Charging_Stations_Near_Work_-4 digit_Charging_Stations_Near_Work_-3 digit_Charging_Stations_Near_Work_-2 digit_Charging_Stations_Near_Work_-1 digit_Charging_Stations_Near_Work_0 digit_Charging_Stations_Near_Work_1 digit_Charging_Stations_Near_Work_2 digit_Charging_Stations_Near_Work_3 digit_Environmental_Concern_Level_-4 digit_Environmental_Concern_Level_-3 digit_Environmental_Concern_Level_-2 digit_Environmental_Concern_Level_-1 digit_Environmental_Concern_Level_0 digit_Environmental_Concern_Level_1 digit_Environmental_Concern_Level_2 digit_Environmental_Concern_Level_3 freqdig_Age_-4 freqdig_Age_-3 freqdig_Age_-2 freqdig_Age_-1 freqdig_Age_0 freqdig_Age_1 freqdig_Age_2 freqdig_Age_3 freqdig_Annual_Income_USD_-4 freqdig_Annual_Income_USD_-3 freqdig_Annual_Income_USD_-2 freqdig_Annual_Income_USD_-1 freqdig_Annual_Income_USD_0 freqdig_Annual_Income_USD_1 freqdig_Annual_Income_USD_2 freqdig_Annual_Income_USD_3 freqdig_Daily_Commute_km_-4 freqdig_Daily_Commute_km_-3 freqdig_Daily_Commute_km_-2 freqdig_Daily_Commute_km_-1 freqdig_Daily_Commute_km_0 freqdig_Daily_Commute_km_1 freqdig_Daily_Commute_km_2 freqdig_Daily_Commute_km_3 freqdig_Charging_Stations_Near_Home_-4 freqdig_Charging_Stations_Near_Home_-3 freqdig_Charging_Stations_Near_Home_-2 freqdig_Charging_Stations_Near_Home_-1 freqdig_Charging_Stations_Near_Home_0 freqdig_Charging_Stations_Near_Home_1 freqdig_Charging_Stations_Near_Home_2 freqdig_Charging_Stations_Near_Home_3 freqdig_Charging_Stations_Near_Work_-4 freqdig_Charging_Stations_Near_Work_-3 freqdig_Charging_Stations_Near_Work_-2 freqdig_Charging_Stations_Near_Work_-1 freqdig_Charging_Stations_Near_Work_0 freqdig_Charging_Stations_Near_Work_1 freqdig_Charging_Stations_Near_Work_2 freqdig_Charging_Stations_Near_Work_3 freqdig_Environmental_Concern_Level_-4 freqdig_Environmental_Concern_Level_-3 freqdig_Environmental_Concern_Level_-2 freqdig_Environmental_Concern_Level_-1 freqdig_Environmental_Concern_Level_0 freqdig_Environmental_Concern_Level_1 freqdig_Environmental_Concern_Level_2 freqdig_Environmental_Concern_Level_3 q_Annual_Income_USD_10 q_Annual_Income_USD_50 q_Annual_Income_USD_500 q_Annual_Income_USD_5000,WQ,0.946086,lgb,,,,,,,"HYPOTHESIS: W1 (windows) measured +0.000046 and Q1 (ladder) is expected in the same range; both are sub-gate alone. The question is whether they are ADDITIVE (a centred multi-scale neighbourhood and a set of intermediate key resolutions are different mechanisms, so ~+0.0001 and the champion gate clears) or REDUNDANT (two routes to the same 'cut the per-value rate's SE' problem, which is exactly what Phase 1c found for C1/C2/C4 -- three routes to one problem, and stacking them shrank each one's delta). GATE: +0.0000949 OOF vs R0 for the champion; ADD +0.0002 to the 7-leg stack to ship as a leg. PRE-REGISTERED: if WQ - R0 is materially less than (W1-R0)+(Q1-R0), the redundancy reading is confirmed and the encoder axis closes again at a finer grain."
529fbde2,2026-09-12T14:28:24+00:00,67cbb80d7dd3301edd6f208dc50280972029c636,True,gcarno/s6e9-probe-wq,,WQ: R0 + centred windows AND the quantisation ladder together,643.0,172.0,5,42,0.946093,0.00065,0.946086,0.94624,,experiments/preds/529fbde2,1214 1515 1429 1036 1405,0.945044 0.945865 0.947026 0.946392 0.946136,42.0,"Annual_Income_USD,Daily_Commute_km,Age,q_Annual_Income_USD_10,q_Annual_Income_USD_50,q_Annual_Income_USD_500,q_Annual_Income_USD_5000",buy_score worry_score freq_Age freq_Annual_Income_USD freq_Daily_Commute_km freq_Number_of_Cars_Owned freq_Charging_Stations_Near_Home freq_Charging_Stations_Near_Work freq_Environmental_Concern_Level freq_Gender freq_City_Type freq_Current_Car_Type freq_Home_Charging_Possible freq_Subsidy_Available freq_Range_Anxiety_Level digit_Age_-4 digit_Age_-3 digit_Age_-2 digit_Age_-1 digit_Age_0 digit_Age_1 digit_Age_2 digit_Age_3 digit_Annual_Income_USD_-4 digit_Annual_Income_USD_-3 digit_Annual_Income_USD_-2 digit_Annual_Income_USD_-1 digit_Annual_Income_USD_0 digit_Annual_Income_USD_1 digit_Annual_Income_USD_2 digit_Annual_Income_USD_3 digit_Daily_Commute_km_-4 digit_Daily_Commute_km_-3 digit_Daily_Commute_km_-2 digit_Daily_Commute_km_-1 digit_Daily_Commute_km_0 digit_Daily_Commute_km_1 digit_Daily_Commute_km_2 digit_Daily_Commute_km_3 digit_Number_of_Cars_Owned_-4 digit_Number_of_Cars_Owned_-3 digit_Number_of_Cars_Owned_-2 digit_Number_of_Cars_Owned_-1 digit_Number_of_Cars_Owned_0 digit_Number_of_Cars_Owned_1 digit_Number_of_Cars_Owned_2 digit_Number_of_Cars_Owned_3 digit_Charging_Stations_Near_Home_-4 digit_Charging_Stations_Near_Home_-3 digit_Charging_Stations_Near_Home_-2 digit_Charging_Stations_Near_Home_-1 digit_Charging_Stations_Near_Home_0 digit_Charging_Stations_Near_Home_1 digit_Charging_Stations_Near_Home_2 digit_Charging_Stations_Near_Home_3 digit_Charging_Stations_Near_Work_-4 digit_Charging_Stations_Near_Work_-3 digit_Charging_Stations_Near_Work_-2 digit_Charging_Stations_Near_Work_-1 digit_Charging_Stations_Near_Work_0 digit_Charging_Stations_Near_Work_1 digit_Charging_Stations_Near_Work_2 digit_Charging_Stations_Near_Work_3 digit_Environmental_Concern_Level_-4 digit_Environmental_Concern_Level_-3 digit_Environmental_Concern_Level_-2 digit_Environmental_Concern_Level_-1 digit_Environmental_Concern_Level_0 digit_Environmental_Concern_Level_1 digit_Environmental_Concern_Level_2 digit_Environmental_Concern_Level_3 freqdig_Age_-4 freqdig_Age_-3 freqdig_Age_-2 freqdig_Age_-1 freqdig_Age_0 freqdig_Age_1 freqdig_Age_2 freqdig_Age_3 freqdig_Annual_Income_USD_-4 freqdig_Annual_Income_USD_-3 freqdig_Annual_Income_USD_-2 freqdig_Annual_Income_USD_-1 freqdig_Annual_Income_USD_0 freqdig_Annual_Income_USD_1 freqdig_Annual_Income_USD_2 freqdig_Annual_Income_USD_3 freqdig_Daily_Commute_km_-4 freqdig_Daily_Commute_km_-3 freqdig_Daily_Commute_km_-2 freqdig_Daily_Commute_km_-1 freqdig_Daily_Commute_km_0 freqdig_Daily_Commute_km_1 freqdig_Daily_Commute_km_2 freqdig_Daily_Commute_km_3 freqdig_Charging_Stations_Near_Home_-4 freqdig_Charging_Stations_Near_Home_-3 freqdig_Charging_Stations_Near_Home_-2 freqdig_Charging_Stations_Near_Home_-1 freqdig_Charging_Stations_Near_Home_0 freqdig_Charging_Stations_Near_Home_1 freqdig_Charging_Stations_Near_Home_2 freqdig_Charging_Stations_Near_Home_3 freqdig_Charging_Stations_Near_Work_-4 freqdig_Charging_Stations_Near_Work_-3 freqdig_Charging_Stations_Near_Work_-2 freqdig_Charging_Stations_Near_Work_-1 freqdig_Charging_Stations_Near_Work_0 freqdig_Charging_Stations_Near_Work_1 freqdig_Charging_Stations_Near_Work_2 freqdig_Charging_Stations_Near_Work_3 freqdig_Environmental_Concern_Level_-4 freqdig_Environmental_Concern_Level_-3 freqdig_Environmental_Concern_Level_-2 freqdig_Environmental_Concern_Level_-1 freqdig_Environmental_Concern_Level_0 freqdig_Environmental_Concern_Level_1 freqdig_Environmental_Concern_Level_2 freqdig_Environmental_Concern_Level_3 q_Annual_Income_USD_10 q_Annual_Income_USD_50 q_Annual_Income_USD_500 q_Annual_Income_USD_5000,WQ,0.946086,lgb,,,,,,,"HYPOTHESIS: W1 (windows, +0.000046) and Q1 (ladder, +0.000078) are each sub-gate or borderline alone. ADDITIVE (different mechanisms: a centred multi-scale neighbourhood vs intermediate key resolutions) predicts ~+0.00012; REDUNDANT (two routes to the same 'cut the per-value rate SE' problem, Phase 1c's C1/C2/C4 signature) predicts materially less than the sum. PRE-REGISTERED: WQ-R0 materially below 0.000124 confirms redundancy and closes the encoder axis again at a finer grain."
d69d4c8d,2026-09-12T14:34:40+00:00,67cbb80d7dd3301edd6f208dc50280972029c636,True,gcarno/s6e9-probe-lw,1.0,"LW: R1 (everything except the digit block, 50 feats) with the shape encoder REPLACED by centred windows -- the lean-rich hybrid the feature-bulk finding points at",449.6,40.0,5,42,0.946008,0.000636,0.946002,0.94615,,experiments/preds/d69d4c8d,1075 1316 1330 930 1355,0.945033 0.945655 0.946898 0.946396 0.946061,42.0,"Annual_Income_USD,Daily_Commute_km,Age",buy_score worry_score freq_Age freq_Annual_Income_USD freq_Daily_Commute_km freq_Number_of_Cars_Owned freq_Charging_Stations_Near_Home freq_Charging_Stations_Near_Work freq_Environmental_Concern_Level freq_Gender freq_City_Type freq_Current_Car_Type freq_Home_Charging_Possible freq_Subsidy_Available freq_Range_Anxiety_Level,LW,0.946002,lgb,,,,,,,"HYPOTHESIS: today measured the feature-bulk LB offset as a real trend (resid ~ n_features, r=-0.727, p=0.0004; lean <=40 feats mean -0.00004 vs rich >=130 mean -0.00017, Welch p<0.0001), confirmed prospectively by W2 (38 feats, residual -0.00001) against WS (144 feats, residual -0.00022). So the lever is no longer OOF on the rich representation -- three rich variants spanning 0.000062 OOF all landed within 0.00003 on the board -- it is reaching a HIGH OOF at a LOW feature count. R1 is the best lean-ish base we have (50 feats, OOF 0.945939, R0's hyperparameters and freq/dual-TE retained); WS showed centred windows strictly beat the fixed-grid shape encoder (+0.000062 vs R0 at 10 FEWER features). GATE, pre-registered: OOF >= 0.94595 at <=45 features predicts LB ~0.94634 raw with a near-zero offset, which would be a new best by ~+0.00017. If OOF lands below 0.945939 the swap costs on a lean base and the hybrid is dead."
6f3d4fe7,2026-09-12T14:36:02+00:00,67cbb80d7dd3301edd6f208dc50280972029c636,True,gcarno/s6e9-probe-lwq,1.0,"LWQ: the lean hybrid with BOTH new ingredients -- R1 base, centred windows replacing the shape encoder, plus the quantisation ladder",311.1,52.0,5,42,0.946052,0.000641,0.946046,,,experiments/preds/6f3d4fe7,1139 963 1320 1018 1394,0.945025 0.945748 0.946922 0.946434 0.94613,42.0,"Annual_Income_USD,Daily_Commute_km,Age,q_Annual_Income_USD_10,q_Annual_Income_USD_50,q_Annual_Income_USD_500,q_Annual_Income_USD_5000",buy_score worry_score freq_Age freq_Annual_Income_USD freq_Daily_Commute_km freq_Number_of_Cars_Owned freq_Charging_Stations_Near_Home freq_Charging_Stations_Near_Work freq_Environmental_Concern_Level freq_Gender freq_City_Type freq_Current_Car_Type freq_Home_Charging_Possible freq_Subsidy_Available freq_Range_Anxiety_Level q_Annual_Income_USD_10 q_Annual_Income_USD_50 q_Annual_Income_USD_500 q_Annual_Income_USD_5000,LWQ,0.946046,lgb,,,,,,,"HYPOTHESIS: today's two findings combined. (1) The feature-bulk LB offset is a measured trend (r=-0.727, p=0.0004; lean mean -0.00004 vs rich -0.00017, Welch p<0.0001) confirmed prospectively by W2 at 38 feats landing residual -0.00001 while WS at 144 landed -0.00022. (2) Windows strictly beat the fixed-grid shape encoder (WS +0.000062 at 10 fewer features) and the ladder adds +0.000078 on top, 78 percent additive with windows (WQ). So put both on a LEAN base. GATE, pre-registered: OOF >= 0.94600 at <=50 features predicts raw LB 0.94640 with a near-zero offset -- a new best by ~+0.0002. OOF below R1's 0.945939 means the ingredients do not survive the digit block's removal."
e05347c8,2026-09-12T14:41:19+00:00,67cbb80d7dd3301edd6f208dc50280972029c636,True,gcarno/s6e9-probe-lwe,1.0,"LWE: LW's ingredients (freq block, dual TE, no digit block, centred windows replacing the shape encoder) on E1's HYPERPARAMETERS instead of R0's borrowed ones",153.6,40.0,5,42,0.945811,0.000662,0.945803,,,experiments/preds/e05347c8,358 481 408 536 383,0.944773 0.94549 0.946696 0.946286 0.945808,42.0,"Annual_Income_USD,Daily_Commute_km,Age",buy_score worry_score freq_Age freq_Annual_Income_USD freq_Daily_Commute_km freq_Number_of_Cars_Owned freq_Charging_Stations_Near_Home freq_Charging_Stations_Near_Work freq_Environmental_Concern_Level freq_Gender freq_City_Type freq_Current_Car_Type freq_Home_Charging_Possible freq_Subsidy_Available freq_Range_Anxiety_Level,LWE,0.945803,lgb,,,,,,,"HYPOTHESIS: today's five paired points relocate the LB offset from feature count to the HYPERPARAMETER family. E1-params runs average residual -0.00004 (n=5, sd 0.00004); R0-params runs -0.00015 (n=6, sd 0.00004); Welch p=0.0014; and feature count explains nothing WITHIN either family (p=0.147, p=0.987). The controlled pair is today's W2 (38 feats, E1 params, residual -0.00001) vs LW (40 feats, R0 params, -0.00016) -- near-identical feature counts, opposite bands. This CORRECTS Phase 15's X3, which concluded R0's borrowed params were at the full-data optimum: that was measured on OOF, and on the board they cost ~0.00011. GATE: if OOF >= 0.94590 with an E1-family residual of ~-0.00004, predicted LB ~0.94624, a new best over today's 0.94617. If OOF falls far below LW's 0.946002, E1's 7-leaf capacity cannot carry this many features and the trade is a wash."
9545da9c,2026-09-12T14:42:16+00:00,67cbb80d7dd3301edd6f208dc50280972029c636,True,gcarno/s6e9-probe-lwqe,1.0,LWQE: LWE plus the quantisation ladder -- today's two new ingredients together on E1's hyperparameters,245.5,52.0,5,42,0.945905,0.000654,0.945896,,,experiments/preds/9545da9c,427 420 513 455 728,0.944857 0.945546 0.946757 0.946311 0.946055,42.0,"Annual_Income_USD,Daily_Commute_km,Age,q_Annual_Income_USD_10,q_Annual_Income_USD_50,q_Annual_Income_USD_500,q_Annual_Income_USD_5000",buy_score worry_score freq_Age freq_Annual_Income_USD freq_Daily_Commute_km freq_Number_of_Cars_Owned freq_Charging_Stations_Near_Home freq_Charging_Stations_Near_Work freq_Environmental_Concern_Level freq_Gender freq_City_Type freq_Current_Car_Type freq_Home_Charging_Possible freq_Subsidy_Available freq_Range_Anxiety_Level q_Annual_Income_USD_10 q_Annual_Income_USD_50 q_Annual_Income_USD_500 q_Annual_Income_USD_5000,LWQE,0.945896,lgb,,,,,,,"HYPOTHESIS: same relocation of the LB offset to the hyperparameter family as LWE, plus the ladder, which measured +0.000078 on the rich representation (Q1) and stacked 78 percent additively with windows (WQ +0.000097 against an additive prediction of +0.000124). Running alongside LWE so the ladder's contribution is isolated at E1's capacity -- E1 runs 7 leaves, so the open question is whether a 7-leaf tree can exploit four extra ladder TE columns at all, or whether the capacity that made R0's params attractive on OOF is exactly what the ladder needs. Only ONE of LWE/LWQE gets today's last slot: whichever has the higher OOF, since both sit in the same residual family and the OOF comparison between them is therefore unbiased."
3bf1640f,2026-09-13T23:04:22+00:00,e2e0188d09b63ca5d7bf0d99672201c79caa3c63,,stack,,"logit stack, 8 legs, C=0.1",,,5,42,,,0.946127,0.94625,,experiments/preds/3bf1640f,,,,,,logit_stack,,,,,,,,,"8-leg fitted logit stack: the 7-leg pool plus WQ. Phase 16 left this as the one unchecked candidate -- WQ's ADD was +0.000100, missing the +0.0002 leg gate, so the stack was NOT shipped and there was no slot left to test whether the gate's refusal was right. PRE-REGISTERED: OOF 0.946127 (highest recorded here) -> raw GBDT-fit prediction 0.94644; the stack-family residual band (-0.00012 to -0.00023 across the 6-, 7-, 9- and 11-leg stacks) puts the expectation at 0.94621-0.94626, straddling WQ solo's actual 0.94624. >=0.94627 promotes the stack to champion; <=0.94621 confirms Phase 15's inversion reading, that stack size buys OOF and pays it back in offset."
d71dd9f0,2026-09-14T10:26:24+00:00,015511bcdae66fb7c71aa30cf3593b5a8ab9c7dd,True,gcarno/s6e9-probe-lwcap25,1.0,"LWcap25: LW base, num_leaves=25, other R0-family params fixed",387.3,40.0,5,42,0.946011,0.000632,0.946006,,,experiments/preds/d71dd9f0,1075 1251 1334 1215 1378,0.94504 0.945668 0.946899 0.946392 0.946057,42.0,"Annual_Income_USD,Daily_Commute_km,Age",buy_score worry_score freq_Age freq_Annual_Income_USD freq_Daily_Commute_km freq_Number_of_Cars_Owned freq_Charging_Stations_Near_Home freq_Charging_Stations_Near_Work freq_Environmental_Concern_Level freq_Gender freq_City_Type freq_Current_Car_Type freq_Home_Charging_Possible freq_Subsidy_Available freq_Range_Anxiety_Level,LWcap25,0.946006,lgb,,,,,,,"Same capacity sweep as LWcap7, isolating num_leaves alone. Point 4 of 4 (7/13/19/25) between E1's 7 and R0's 31, closest to LW's own 31."
19d67141,2026-09-14T10:29:08+00:00,015511bcdae66fb7c71aa30cf3593b5a8ab9c7dd,True,gcarno/s6e9-probe-lwcap13,,"LWcap13: LW base, num_leaves=13, other R0-family params fixed",464.1,40.0,5,42,0.946025,0.00064,0.946018,,,experiments/preds/19d67141,1702 1850 1641 1403 1728,0.945037 0.945693 0.946919 0.946427 0.94605,42.0,"Annual_Income_USD,Daily_Commute_km,Age",buy_score worry_score freq_Age freq_Annual_Income_USD freq_Daily_Commute_km freq_Number_of_Cars_Owned freq_Charging_Stations_Near_Home freq_Charging_Stations_Near_Work freq_Environmental_Concern_Level freq_Gender freq_City_Type freq_Current_Car_Type freq_Home_Charging_Possible freq_Subsidy_Available freq_Range_Anxiety_Level,LWcap13,0.946018,lgb,,,,,,,Capacity sweep isolating num_leaves. Point 2 of 4 (7/13/19/25) between E1's 7 and R0's 31 / LW's own 31 (OOF 0.946002).
89020d72,2026-09-14T10:30:39+00:00,015511bcdae66fb7c71aa30cf3593b5a8ab9c7dd,True,gcarno/s6e9-probe-lwcap19,,"LWcap19: LW base, num_leaves=19, other R0-family params fixed",427.3,40.0,5,42,0.946007,0.000633,0.946,,,experiments/preds/89020d72,1256 1406 1561 1213 1378,0.945032 0.945674 0.946893 0.946403 0.946033,42.0,"Annual_Income_USD,Daily_Commute_km,Age",buy_score worry_score freq_Age freq_Annual_Income_USD freq_Daily_Commute_km freq_Number_of_Cars_Owned freq_Charging_Stations_Near_Home freq_Charging_Stations_Near_Work freq_Environmental_Concern_Level freq_Gender freq_City_Type freq_Current_Car_Type freq_Home_Charging_Possible freq_Subsidy_Available freq_Range_Anxiety_Level,LWcap19,0.946,lgb,,,,,,,Capacity sweep isolating num_leaves. Point 3 of 4 (7/13/19/25) between E1's 7 and R0's 31 / LW's own 31 (OOF 0.946002).
150c7064,2026-09-14T10:32:18+00:00,015511bcdae66fb7c71aa30cf3593b5a8ab9c7dd,True,gcarno/s6e9-probe-lwcap25,,"LWcap25: LW base, num_leaves=25, other R0-family params fixed",387.3,40.0,5,42,0.946011,0.000632,0.946006,,,experiments/preds/150c7064,1075 1251 1334 1215 1378,0.94504 0.945668 0.946899 0.946392 0.946057,42.0,"Annual_Income_USD,Daily_Commute_km,Age",buy_score worry_score freq_Age freq_Annual_Income_USD freq_Daily_Commute_km freq_Number_of_Cars_Owned freq_Charging_Stations_Near_Home freq_Charging_Stations_Near_Work freq_Environmental_Concern_Level freq_Gender freq_City_Type freq_Current_Car_Type freq_Home_Charging_Possible freq_Subsidy_Available freq_Range_Anxiety_Level,LWcap25,0.946006,lgb,,,,,,,Capacity sweep isolating num_leaves. Point 4 of 4 (7/13/19/25) between E1's 7 and R0's 31 / LW's own 31 (OOF 0.946002).
b363a07d,2026-09-14T10:34:01+00:00,015511bcdae66fb7c71aa30cf3593b5a8ab9c7dd,True,gcarno/s6e9-probe-lwcap7,,"LWcap7: LW base, num_leaves=7, other R0-family params (depth 5, lr 0.02, max_bin 1024, min_child_samples 10, colsample 0.303, reg_alpha/lambda) held fixed",633.6,40.0,5,42,0.946028,0.000639,0.946022,0.94617,,experiments/preds/b363a07d,2611 2475 3426 2132 2983,0.94506 0.945673 0.94694 0.946415 0.946053,42.0,"Annual_Income_USD,Daily_Commute_km,Age",buy_score worry_score freq_Age freq_Annual_Income_USD freq_Daily_Commute_km freq_Number_of_Cars_Owned freq_Charging_Stations_Near_Home freq_Charging_Stations_Near_Work freq_Environmental_Concern_Level freq_Gender freq_City_Type freq_Current_Car_Type freq_Home_Charging_Possible freq_Subsidy_Available freq_Range_Anxiety_Level,LWcap7,0.946022,lgb,,,,,,,"Capacity sweep isolating num_leaves as the sole swept variable, point 1 of 4. LWE (7 leaves AND every other E1 knob at once) collapsed hard: best_iter 358-536, OOF 0.945803 (-0.000199 vs LW). This tests whether 7 leaves alone -- with R0's lr/max_bin/reg/min_child_samples retained -- collapses the same way, which would show capacity itself is the driver, or holds up, which would point at the OTHER changed knobs (lr 0.05, min_child_samples 20, colsample 0.8, reg_lambda 0.0, max_bin 255) as LWE's real cause."
5e7786af,2026-09-14T10:40:39+00:00,015511bcdae66fb7c71aa30cf3593b5a8ab9c7dd,True,gcarno/s6e9-probe-lwlr05,1.0,"LWlr05: LW base, learning_rate raised from 0.02 (R0's) to 0.05 (E1's), every other knob at R0's family",139.9,40.0,5,42,0.945965,0.000647,0.945958,,,experiments/preds/5e7786af,486 392 501 416 481,0.944976 0.945594 0.946884 0.946315 0.946055,42.0,"Annual_Income_USD,Daily_Commute_km,Age",buy_score worry_score freq_Age freq_Annual_Income_USD freq_Daily_Commute_km freq_Number_of_Cars_Owned freq_Charging_Stations_Near_Home freq_Charging_Stations_Near_Work freq_Environmental_Concern_Level freq_Gender freq_City_Type freq_Current_Car_Type freq_Home_Charging_Possible freq_Subsidy_Available freq_Range_Anxiety_Level,LWlr05,0.945958,lgb,,,,,,,"Third isolation probe. Tests whether lr specifically carries the OOF gain and/or the LB offset -- plausible mechanism: Phase 3b's 'coarse and slow wins' (capacity buys per-feature SHAPE RESOLUTION, not interaction fitting) predicts a faster lr resolves income's fine per-value structure less precisely."
d031ae96,2026-09-14T10:47:53+00:00,015511bcdae66fb7c71aa30cf3593b5a8ab9c7dd,True,gcarno/s6e9-probe-lwb255,,"LWb255: LW base, max_bin 1024->255, other R0-family params fixed",459.9,40.0,5,42,0.945994,0.000635,0.945988,,,experiments/preds/d031ae96,989 1071 1373 1091 1466,0.945012 0.94566 0.946876 0.946396 0.946026,42.0,"Annual_Income_USD,Daily_Commute_km,Age",buy_score worry_score freq_Age freq_Annual_Income_USD freq_Daily_Commute_km freq_Number_of_Cars_Owned freq_Charging_Stations_Near_Home freq_Charging_Stations_Near_Work freq_Environmental_Concern_Level freq_Gender freq_City_Type freq_Current_Car_Type freq_Home_Charging_Possible freq_Subsidy_Available freq_Range_Anxiety_Level,LWb255,0.945988,lgb,,,,,,,Isolation probe: does max_bin carry the OOF gain / LB offset.
bb70fe2d,2026-09-14T10:49:27+00:00,015511bcdae66fb7c71aa30cf3593b5a8ab9c7dd,True,gcarno/s6e9-probe-lwlr05,,"LWlr05: LW base, learning_rate 0.02->0.05, other R0-family params fixed",139.9,40.0,5,42,0.945965,0.000647,0.945958,0.94612,,experiments/preds/bb70fe2d,486 392 501 416 481,0.944976 0.945594 0.946884 0.946315 0.946055,42.0,"Annual_Income_USD,Daily_Commute_km,Age",buy_score worry_score freq_Age freq_Annual_Income_USD freq_Daily_Commute_km freq_Number_of_Cars_Owned freq_Charging_Stations_Near_Home freq_Charging_Stations_Near_Work freq_Environmental_Concern_Level freq_Gender freq_City_Type freq_Current_Car_Type freq_Home_Charging_Possible freq_Subsidy_Available freq_Range_Anxiety_Level,LWlr05,0.945958,lgb,,,,,,,Isolation probe: does learning_rate carry the OOF gain / LB offset.
814aa033,2026-09-14T10:59:01+00:00,015511bcdae66fb7c71aa30cf3593b5a8ab9c7dd,True,gcarno/s6e9-probe-w2fb,1.0,"W2FB: W2 (S1 + windows, E1's minimal feature set + E1's exact hyperparameters, LB residual -0.00001) with the R1 feature bundle ADDED -- freq_cols(13), fe_recipe_score, te_multi_smooth[10,auto] -- hyperparameters UNCHANGED",238.6,56.0,5,42,0.945811,0.000617,0.945799,0.94595,,experiments/preds/814aa033,660 340 445 446 471,0.944899 0.945424 0.946694 0.94619 0.945846,42.0,"Annual_Income_USD,Daily_Commute_km,Age",buy_score worry_score freq_Age freq_Annual_Income_USD freq_Daily_Commute_km freq_Number_of_Cars_Owned freq_Charging_Stations_Near_Home freq_Charging_Stations_Near_Work freq_Environmental_Concern_Level freq_Gender freq_City_Type freq_Current_Car_Type freq_Home_Charging_Possible freq_Subsidy_Available freq_Range_Anxiety_Level,W2FB,0.945799,lgb,,,,,,,"Fourth isolation probe, and a hypothesis pivot. Three single-knob hyperparameter swaps on the LW (R1) base all failed: LWcap7 (leaves 31->7) flat OOF, residual -0.00016, R0-family band. LWb255 (max_bin 1024->255) flat OOF (-0.000014). LWlr05 (lr 0.02->0.05) best_iter collapses to 392-536, nearly matching LWE's full-bundle collapse of 358-536, yet STILL landed at residual -0.00014 -- essentially the R0-family band despite the mechanistic match. So the offset may not be a hyperparameter effect. This holds W2's E1 hyperparameters FIXED (its own residual was the best measured, -0.00001) and adds only the feature bundle every bad-band run has shared: freq_cols, fe_recipe_score, te_multi_smooth. GATE: if the residual degrades toward the bad band with hyperparameters unchanged, the offset tracks the FEATURE SET. If it stays near W2's own -0.00001, none of the four tested knobs explain it and the offset remains genuinely unexplained."
178fa471,2026-09-14T11:08:15+00:00,015511bcdae66fb7c71aa30cf3593b5a8ab9c7dd,True,gcarno/s6e9-probe-w2tm,,"W2TM: W2 with ONLY te_multi_smooth[10,auto] added -- freq_cols and fe_recipe_score left OFF",300.2,41.0,5,42,0.945907,0.000633,0.945902,0.9462,,experiments/preds/178fa471,775 1151 914 994 798,0.944925 0.94563 0.94682 0.946266 0.945895,42.0,"Annual_Income_USD,Daily_Commute_km,Age",,W2TM,0.945902,lgb,,,,,,,Isolation probe: does te_multi_smooth alone carry the residual degradation.
560c90d9,2026-09-14T11:15:58+00:00,015511bcdae66fb7c71aa30cf3593b5a8ab9c7dd,True,gcarno/s6e9-probe-w2rs,,W2RS: W2 with ONLY fe_recipe_score added -- freq_cols and te_multi_smooth left OFF,228.4,40.0,5,42,0.945732,0.000618,0.945721,0.94587,,experiments/preds/560c90d9,762 288 382 555 384,0.944873 0.945286 0.946603 0.946193 0.945704,42.0,"Annual_Income_USD,Daily_Commute_km,Age",buy_score worry_score,W2RS,0.945721,lgb,,,,,,,Final split of W2FB's bundle: does fe_recipe_score alone carry the residual degradation.
f5c9efb0,2026-09-14T11:30:34+00:00,015511bcdae66fb7c71aa30cf3593b5a8ab9c7dd,True,gcarno/s6e9-probe-wqnors,,WQnoRS: WQ with fe_recipe_score dropped -- offline OOF check,593.4,170.0,5,42,0.946091,0.000651,0.946084,0.94629,,experiments/preds/f5c9efb0,1133 1170 1138 983 1210,0.945052 0.945819 0.94702 0.946409 0.946154,42.0,"Annual_Income_USD,Daily_Commute_km,Age,q_Annual_Income_USD_10,q_Annual_Income_USD_50,q_Annual_Income_USD_500,q_Annual_Income_USD_5000",freq_Age freq_Annual_Income_USD freq_Daily_Commute_km freq_Number_of_Cars_Owned freq_Charging_Stations_Near_Home freq_Charging_Stations_Near_Work freq_Environmental_Concern_Level freq_Gender freq_City_Type freq_Current_Car_Type freq_Home_Charging_Possible freq_Subsidy_Available freq_Range_Anxiety_Level digit_Age_-4 digit_Age_-3 digit_Age_-2 digit_Age_-1 digit_Age_0 digit_Age_1 digit_Age_2 digit_Age_3 digit_Annual_Income_USD_-4 digit_Annual_Income_USD_-3 digit_Annual_Income_USD_-2 digit_Annual_Income_USD_-1 digit_Annual_Income_USD_0 digit_Annual_Income_USD_1 digit_Annual_Income_USD_2 digit_Annual_Income_USD_3 digit_Daily_Commute_km_-4 digit_Daily_Commute_km_-3 digit_Daily_Commute_km_-2 digit_Daily_Commute_km_-1 digit_Daily_Commute_km_0 digit_Daily_Commute_km_1 digit_Daily_Commute_km_2 digit_Daily_Commute_km_3 digit_Number_of_Cars_Owned_-4 digit_Number_of_Cars_Owned_-3 digit_Number_of_Cars_Owned_-2 digit_Number_of_Cars_Owned_-1 digit_Number_of_Cars_Owned_0 digit_Number_of_Cars_Owned_1 digit_Number_of_Cars_Owned_2 digit_Number_of_Cars_Owned_3 digit_Charging_Stations_Near_Home_-4 digit_Charging_Stations_Near_Home_-3 digit_Charging_Stations_Near_Home_-2 digit_Charging_Stations_Near_Home_-1 digit_Charging_Stations_Near_Home_0 digit_Charging_Stations_Near_Home_1 digit_Charging_Stations_Near_Home_2 digit_Charging_Stations_Near_Home_3 digit_Charging_Stations_Near_Work_-4 digit_Charging_Stations_Near_Work_-3 digit_Charging_Stations_Near_Work_-2 digit_Charging_Stations_Near_Work_-1 digit_Charging_Stations_Near_Work_0 digit_Charging_Stations_Near_Work_1 digit_Charging_Stations_Near_Work_2 digit_Charging_Stations_Near_Work_3 digit_Environmental_Concern_Level_-4 digit_Environmental_Concern_Level_-3 digit_Environmental_Concern_Level_-2 digit_Environmental_Concern_Level_-1 digit_Environmental_Concern_Level_0 digit_Environmental_Concern_Level_1 digit_Environmental_Concern_Level_2 digit_Environmental_Concern_Level_3 freqdig_Age_-4 freqdig_Age_-3 freqdig_Age_-2 freqdig_Age_-1 freqdig_Age_0 freqdig_Age_1 freqdig_Age_2 freqdig_Age_3 freqdig_Annual_Income_USD_-4 freqdig_Annual_Income_USD_-3 freqdig_Annual_Income_USD_-2 freqdig_Annual_Income_USD_-1 freqdig_Annual_Income_USD_0 freqdig_Annual_Income_USD_1 freqdig_Annual_Income_USD_2 freqdig_Annual_Income_USD_3 freqdig_Daily_Commute_km_-4 freqdig_Daily_Commute_km_-3 freqdig_Daily_Commute_km_-2 freqdig_Daily_Commute_km_-1 freqdig_Daily_Commute_km_0 freqdig_Daily_Commute_km_1 freqdig_Daily_Commute_km_2 freqdig_Daily_Commute_km_3 freqdig_Charging_Stations_Near_Home_-4 freqdig_Charging_Stations_Near_Home_-3 freqdig_Charging_Stations_Near_Home_-2 freqdig_Charging_Stations_Near_Home_-1 freqdig_Charging_Stations_Near_Home_0 freqdig_Charging_Stations_Near_Home_1 freqdig_Charging_Stations_Near_Home_2 freqdig_Charging_Stations_Near_Home_3 freqdig_Charging_Stations_Near_Work_-4 freqdig_Charging_Stations_Near_Work_-3 freqdig_Charging_Stations_Near_Work_-2 freqdig_Charging_Stations_Near_Work_-1 freqdig_Charging_Stations_Near_Work_0 freqdig_Charging_Stations_Near_Work_1 freqdig_Charging_Stations_Near_Work_2 freqdig_Charging_Stations_Near_Work_3 freqdig_Environmental_Concern_Level_-4 freqdig_Environmental_Concern_Level_-3 freqdig_Environmental_Concern_Level_-2 freqdig_Environmental_Concern_Level_-1 freqdig_Environmental_Concern_Level_0 freqdig_Environmental_Concern_Level_1 freqdig_Environmental_Concern_Level_2 freqdig_Environmental_Concern_Level_3 q_Annual_Income_USD_10 q_Annual_Income_USD_50 q_Annual_Income_USD_500 q_Annual_Income_USD_5000,WQnoRS,0.946084,lgb,,,,,,,Does the Phase 15 Ia dead-null finding for fe_recipe_score still hold on WQ (172 feats).
cc73801d,2026-09-14T11:31:00+00:00,015511bcdae66fb7c71aa30cf3593b5a8ab9c7dd,True,gcarno/s6e9-probe-wqnors,1.0,"WQnoRS: WQ (champion, OOF 0.946086) with fe_recipe_score dropped -- offline OOF-only check, no slot spent",593.4,170.0,5,42,0.946091,0.000651,0.946084,,,experiments/preds/cc73801d,1133 1170 1138 983 1210,0.945052 0.945819 0.94702 0.946409 0.946154,42.0,"Annual_Income_USD,Daily_Commute_km,Age,q_Annual_Income_USD_10,q_Annual_Income_USD_50,q_Annual_Income_USD_500,q_Annual_Income_USD_5000",freq_Age freq_Annual_Income_USD freq_Daily_Commute_km freq_Number_of_Cars_Owned freq_Charging_Stations_Near_Home freq_Charging_Stations_Near_Work freq_Environmental_Concern_Level freq_Gender freq_City_Type freq_Current_Car_Type freq_Home_Charging_Possible freq_Subsidy_Available freq_Range_Anxiety_Level digit_Age_-4 digit_Age_-3 digit_Age_-2 digit_Age_-1 digit_Age_0 digit_Age_1 digit_Age_2 digit_Age_3 digit_Annual_Income_USD_-4 digit_Annual_Income_USD_-3 digit_Annual_Income_USD_-2 digit_Annual_Income_USD_-1 digit_Annual_Income_USD_0 digit_Annual_Income_USD_1 digit_Annual_Income_USD_2 digit_Annual_Income_USD_3 digit_Daily_Commute_km_-4 digit_Daily_Commute_km_-3 digit_Daily_Commute_km_-2 digit_Daily_Commute_km_-1 digit_Daily_Commute_km_0 digit_Daily_Commute_km_1 digit_Daily_Commute_km_2 digit_Daily_Commute_km_3 digit_Number_of_Cars_Owned_-4 digit_Number_of_Cars_Owned_-3 digit_Number_of_Cars_Owned_-2 digit_Number_of_Cars_Owned_-1 digit_Number_of_Cars_Owned_0 digit_Number_of_Cars_Owned_1 digit_Number_of_Cars_Owned_2 digit_Number_of_Cars_Owned_3 digit_Charging_Stations_Near_Home_-4 digit_Charging_Stations_Near_Home_-3 digit_Charging_Stations_Near_Home_-2 digit_Charging_Stations_Near_Home_-1 digit_Charging_Stations_Near_Home_0 digit_Charging_Stations_Near_Home_1 digit_Charging_Stations_Near_Home_2 digit_Charging_Stations_Near_Home_3 digit_Charging_Stations_Near_Work_-4 digit_Charging_Stations_Near_Work_-3 digit_Charging_Stations_Near_Work_-2 digit_Charging_Stations_Near_Work_-1 digit_Charging_Stations_Near_Work_0 digit_Charging_Stations_Near_Work_1 digit_Charging_Stations_Near_Work_2 digit_Charging_Stations_Near_Work_3 digit_Environmental_Concern_Level_-4 digit_Environmental_Concern_Level_-3 digit_Environmental_Concern_Level_-2 digit_Environmental_Concern_Level_-1 digit_Environmental_Concern_Level_0 digit_Environmental_Concern_Level_1 digit_Environmental_Concern_Level_2 digit_Environmental_Concern_Level_3 freqdig_Age_-4 freqdig_Age_-3 freqdig_Age_-2 freqdig_Age_-1 freqdig_Age_0 freqdig_Age_1 freqdig_Age_2 freqdig_Age_3 freqdig_Annual_Income_USD_-4 freqdig_Annual_Income_USD_-3 freqdig_Annual_Income_USD_-2 freqdig_Annual_Income_USD_-1 freqdig_Annual_Income_USD_0 freqdig_Annual_Income_USD_1 freqdig_Annual_Income_USD_2 freqdig_Annual_Income_USD_3 freqdig_Daily_Commute_km_-4 freqdig_Daily_Commute_km_-3 freqdig_Daily_Commute_km_-2 freqdig_Daily_Commute_km_-1 freqdig_Daily_Commute_km_0 freqdig_Daily_Commute_km_1 freqdig_Daily_Commute_km_2 freqdig_Daily_Commute_km_3 freqdig_Charging_Stations_Near_Home_-4 freqdig_Charging_Stations_Near_Home_-3 freqdig_Charging_Stations_Near_Home_-2 freqdig_Charging_Stations_Near_Home_-1 freqdig_Charging_Stations_Near_Home_0 freqdig_Charging_Stations_Near_Home_1 freqdig_Charging_Stations_Near_Home_2 freqdig_Charging_Stations_Near_Home_3 freqdig_Charging_Stations_Near_Work_-4 freqdig_Charging_Stations_Near_Work_-3 freqdig_Charging_Stations_Near_Work_-2 freqdig_Charging_Stations_Near_Work_-1 freqdig_Charging_Stations_Near_Work_0 freqdig_Charging_Stations_Near_Work_1 freqdig_Charging_Stations_Near_Work_2 freqdig_Charging_Stations_Near_Work_3 freqdig_Environmental_Concern_Level_-4 freqdig_Environmental_Concern_Level_-3 freqdig_Environmental_Concern_Level_-2 freqdig_Environmental_Concern_Level_-1 freqdig_Environmental_Concern_Level_0 freqdig_Environmental_Concern_Level_1 freqdig_Environmental_Concern_Level_2 freqdig_Environmental_Concern_Level_3 q_Annual_Income_USD_10 q_Annual_Income_USD_50 q_Annual_Income_USD_500 q_Annual_Income_USD_5000,WQnoRS,0.946084,lgb,,,,,,,"Today's decisive finding: fe_recipe_score alone (2 columns) costs -0.000160 OOF and -0.00013 LB residual on the LEAN W2 representation, with a sharp best_iter collapse (288-555). Phase 15's Ia already found dropping it from R0 itself a dead null on OOF (+0.000006, R0's best_iter 777-1098, nowhere near collapse) -- the standing explanation was that R0's rich 154-feature representation has too much competing structure for 2 composite columns to displace further. This checks whether that reasoning still holds on WQ (172 features, the actual champion, windows+ladder added since R0)."
a51f88b2,2026-09-16T02:17:49+00:00,671b808a811b208563db374cfbe3fe0872af3fd4,True,local,,"W2D: W2 (lean, E1 hyperparameters, 38 feats) + te_window_sides -- the LEAK CONTROL for the new derivative channels, run locally",124.3,62.0,5,42,0.945845,0.000665,0.945838,,,experiments/preds/a51f88b2,730 890 1047 635 920,0.944839 0.945491 0.946825 0.94618 0.94589,42.0,"Annual_Income_USD,Daily_Commute_km,Age",,W2D,0.945838,lgb,,,,,,,"LEAK CONTROL first, probe second. A one-sided window excludes the query value from both sides, so it is structurally MORE protected than the centred rate (verified leak-free in Phase 16: a random 13,214-level key scores 0.4959-0.5019 through the same inner-fold path). The positive check is that OOF must NOT jump implausibly: B4's per-value TE discovery was +0.003017, so anything of that magnitude here would be memorization, not signal. RESULT: OOF 0.945838 vs W2's 0.945881, -0.000043, and best_iter normal (635-1047 vs W2's 532-1125). No leak. SECOND READING, logged because it is a real measurement and not what was hoped for: on the LEAN base at E1's 7-leaf/lr-0.05 params the derivative channels are slightly NEGATIVE, just above the 0.000038 seed floor. This does NOT settle WD, which runs the same ingredient on R0's params (31 leaves, lr 0.02, 3500 rounds) -- Phase 16's LWE/LWQE established that 7 leaves at lr 0.05 cannot carry 40+ features with added blocks, and sides adds 24 columns here. It does mean the derivative hypothesis is already one measurement weaker before WD returns."
221f2964,2026-09-16T02:23:39+00:00,671b808a811b208563db374cfbe3fe0872af3fd4,True,gcarno/s6e9-probe-wq2,1.0,"WQ2: WQnoRS with the fixed-grid shape encoder REMOVED -- strict twin, te_shape_cols empty, sides OFF",558.7,154.0,5,42,0.946086,0.000646,0.94608,0.94631,,experiments/preds/221f2964,1323 1194 1257 1070 1447,0.945063 0.94579 0.946993 0.946446 0.946137,42.0,"Annual_Income_USD,Daily_Commute_km,Age,q_Annual_Income_USD_10,q_Annual_Income_USD_50,q_Annual_Income_USD_500,q_Annual_Income_USD_5000",freq_Age freq_Annual_Income_USD freq_Daily_Commute_km freq_Number_of_Cars_Owned freq_Charging_Stations_Near_Home freq_Charging_Stations_Near_Work freq_Environmental_Concern_Level freq_Gender freq_City_Type freq_Current_Car_Type freq_Home_Charging_Possible freq_Subsidy_Available freq_Range_Anxiety_Level digit_Age_-4 digit_Age_-3 digit_Age_-2 digit_Age_-1 digit_Age_0 digit_Age_1 digit_Age_2 digit_Age_3 digit_Annual_Income_USD_-4 digit_Annual_Income_USD_-3 digit_Annual_Income_USD_-2 digit_Annual_Income_USD_-1 digit_Annual_Income_USD_0 digit_Annual_Income_USD_1 digit_Annual_Income_USD_2 digit_Annual_Income_USD_3 digit_Daily_Commute_km_-4 digit_Daily_Commute_km_-3 digit_Daily_Commute_km_-2 digit_Daily_Commute_km_-1 digit_Daily_Commute_km_0 digit_Daily_Commute_km_1 digit_Daily_Commute_km_2 digit_Daily_Commute_km_3 digit_Number_of_Cars_Owned_-4 digit_Number_of_Cars_Owned_-3 digit_Number_of_Cars_Owned_-2 digit_Number_of_Cars_Owned_-1 digit_Number_of_Cars_Owned_0 digit_Number_of_Cars_Owned_1 digit_Number_of_Cars_Owned_2 digit_Number_of_Cars_Owned_3 digit_Charging_Stations_Near_Home_-4 digit_Charging_Stations_Near_Home_-3 digit_Charging_Stations_Near_Home_-2 digit_Charging_Stations_Near_Home_-1 digit_Charging_Stations_Near_Home_0 digit_Charging_Stations_Near_Home_1 digit_Charging_Stations_Near_Home_2 digit_Charging_Stations_Near_Home_3 digit_Charging_Stations_Near_Work_-4 digit_Charging_Stations_Near_Work_-3 digit_Charging_Stations_Near_Work_-2 digit_Charging_Stations_Near_Work_-1 digit_Charging_Stations_Near_Work_0 digit_Charging_Stations_Near_Work_1 digit_Charging_Stations_Near_Work_2 digit_Charging_Stations_Near_Work_3 digit_Environmental_Concern_Level_-4 digit_Environmental_Concern_Level_-3 digit_Environmental_Concern_Level_-2 digit_Environmental_Concern_Level_-1 digit_Environmental_Concern_Level_0 digit_Environmental_Concern_Level_1 digit_Environmental_Concern_Level_2 digit_Environmental_Concern_Level_3 freqdig_Age_-4 freqdig_Age_-3 freqdig_Age_-2 freqdig_Age_-1 freqdig_Age_0 freqdig_Age_1 freqdig_Age_2 freqdig_Age_3 freqdig_Annual_Income_USD_-4 freqdig_Annual_Income_USD_-3 freqdig_Annual_Income_USD_-2 freqdig_Annual_Income_USD_-1 freqdig_Annual_Income_USD_0 freqdig_Annual_Income_USD_1 freqdig_Annual_Income_USD_2 freqdig_Annual_Income_USD_3 freqdig_Daily_Commute_km_-4 freqdig_Daily_Commute_km_-3 freqdig_Daily_Commute_km_-2 freqdig_Daily_Commute_km_-1 freqdig_Daily_Commute_km_0 freqdig_Daily_Commute_km_1 freqdig_Daily_Commute_km_2 freqdig_Daily_Commute_km_3 freqdig_Charging_Stations_Near_Home_-4 freqdig_Charging_Stations_Near_Home_-3 freqdig_Charging_Stations_Near_Home_-2 freqdig_Charging_Stations_Near_Home_-1 freqdig_Charging_Stations_Near_Home_0 freqdig_Charging_Stations_Near_Home_1 freqdig_Charging_Stations_Near_Home_2 freqdig_Charging_Stations_Near_Home_3 freqdig_Charging_Stations_Near_Work_-4 freqdig_Charging_Stations_Near_Work_-3 freqdig_Charging_Stations_Near_Work_-2 freqdig_Charging_Stations_Near_Work_-1 freqdig_Charging_Stations_Near_Work_0 freqdig_Charging_Stations_Near_Work_1 freqdig_Charging_Stations_Near_Work_2 freqdig_Charging_Stations_Near_Work_3 freqdig_Environmental_Concern_Level_-4 freqdig_Environmental_Concern_Level_-3 freqdig_Environmental_Concern_Level_-2 freqdig_Environmental_Concern_Level_-1 freqdig_Environmental_Concern_Level_0 freqdig_Environmental_Concern_Level_1 freqdig_Environmental_Concern_Level_2 freqdig_Environmental_Concern_Level_3 q_Annual_Income_USD_10 q_Annual_Income_USD_50 q_Annual_Income_USD_500 q_Annual_Income_USD_5000,WQ2,0.94608,lgb,,,,,,,"HYPOTHESIS: small positive, ~+0.00002. MECHANISM: this is the CONTROL cell of the 2x2 with WD and WDS. It separates 'the shape encoder is droppable BECAUSE the sides channels replaced its derivative' (WQ2 ~ 0 or negative, WDS clearly positive) from 'the shape encoder was always droppable' (WQ2 positive on its own). Phase 16 section 1 measured WS > W1 by +0.000016 on a base without the quantisation ladder and concluded te_shape_cols is superseded and 'should not appear in new recipes' -- yet the champion still carries it, and that claim has never been tested on WQ's own 172-feature representation. GATE: this is an attribution probe, not a ship candidate; +0.0000949 would ship it anyway, but its job is to make WD/WDS readable. A NEGATIVE result here corrects Phase 16 section 1's generality."
d7c3e9da,2026-09-16T02:24:44+00:00,671b808a811b208563db374cfbe3fe0872af3fd4,True,gcarno/s6e9-probe-wds,1.0,"WDS: WD with the fixed-grid shape encoder REMOVED -- sides on, te_shape_cols empty",631.1,178.0,5,42,0.946051,0.000648,0.946043,,,experiments/preds/d7c3e9da,1142 1180 1009 1287 1248,0.945031 0.945741 0.946957 0.946428 0.946096,42.0,"Annual_Income_USD,Daily_Commute_km,Age,q_Annual_Income_USD_10,q_Annual_Income_USD_50,q_Annual_Income_USD_500,q_Annual_Income_USD_5000",freq_Age freq_Annual_Income_USD freq_Daily_Commute_km freq_Number_of_Cars_Owned freq_Charging_Stations_Near_Home freq_Charging_Stations_Near_Work freq_Environmental_Concern_Level freq_Gender freq_City_Type freq_Current_Car_Type freq_Home_Charging_Possible freq_Subsidy_Available freq_Range_Anxiety_Level digit_Age_-4 digit_Age_-3 digit_Age_-2 digit_Age_-1 digit_Age_0 digit_Age_1 digit_Age_2 digit_Age_3 digit_Annual_Income_USD_-4 digit_Annual_Income_USD_-3 digit_Annual_Income_USD_-2 digit_Annual_Income_USD_-1 digit_Annual_Income_USD_0 digit_Annual_Income_USD_1 digit_Annual_Income_USD_2 digit_Annual_Income_USD_3 digit_Daily_Commute_km_-4 digit_Daily_Commute_km_-3 digit_Daily_Commute_km_-2 digit_Daily_Commute_km_-1 digit_Daily_Commute_km_0 digit_Daily_Commute_km_1 digit_Daily_Commute_km_2 digit_Daily_Commute_km_3 digit_Number_of_Cars_Owned_-4 digit_Number_of_Cars_Owned_-3 digit_Number_of_Cars_Owned_-2 digit_Number_of_Cars_Owned_-1 digit_Number_of_Cars_Owned_0 digit_Number_of_Cars_Owned_1 digit_Number_of_Cars_Owned_2 digit_Number_of_Cars_Owned_3 digit_Charging_Stations_Near_Home_-4 digit_Charging_Stations_Near_Home_-3 digit_Charging_Stations_Near_Home_-2 digit_Charging_Stations_Near_Home_-1 digit_Charging_Stations_Near_Home_0 digit_Charging_Stations_Near_Home_1 digit_Charging_Stations_Near_Home_2 digit_Charging_Stations_Near_Home_3 digit_Charging_Stations_Near_Work_-4 digit_Charging_Stations_Near_Work_-3 digit_Charging_Stations_Near_Work_-2 digit_Charging_Stations_Near_Work_-1 digit_Charging_Stations_Near_Work_0 digit_Charging_Stations_Near_Work_1 digit_Charging_Stations_Near_Work_2 digit_Charging_Stations_Near_Work_3 digit_Environmental_Concern_Level_-4 digit_Environmental_Concern_Level_-3 digit_Environmental_Concern_Level_-2 digit_Environmental_Concern_Level_-1 digit_Environmental_Concern_Level_0 digit_Environmental_Concern_Level_1 digit_Environmental_Concern_Level_2 digit_Environmental_Concern_Level_3 freqdig_Age_-4 freqdig_Age_-3 freqdig_Age_-2 freqdig_Age_-1 freqdig_Age_0 freqdig_Age_1 freqdig_Age_2 freqdig_Age_3 freqdig_Annual_Income_USD_-4 freqdig_Annual_Income_USD_-3 freqdig_Annual_Income_USD_-2 freqdig_Annual_Income_USD_-1 freqdig_Annual_Income_USD_0 freqdig_Annual_Income_USD_1 freqdig_Annual_Income_USD_2 freqdig_Annual_Income_USD_3 freqdig_Daily_Commute_km_-4 freqdig_Daily_Commute_km_-3 freqdig_Daily_Commute_km_-2 freqdig_Daily_Commute_km_-1 freqdig_Daily_Commute_km_0 freqdig_Daily_Commute_km_1 freqdig_Daily_Commute_km_2 freqdig_Daily_Commute_km_3 freqdig_Charging_Stations_Near_Home_-4 freqdig_Charging_Stations_Near_Home_-3 freqdig_Charging_Stations_Near_Home_-2 freqdig_Charging_Stations_Near_Home_-1 freqdig_Charging_Stations_Near_Home_0 freqdig_Charging_Stations_Near_Home_1 freqdig_Charging_Stations_Near_Home_2 freqdig_Charging_Stations_Near_Home_3 freqdig_Charging_Stations_Near_Work_-4 freqdig_Charging_Stations_Near_Work_-3 freqdig_Charging_Stations_Near_Work_-2 freqdig_Charging_Stations_Near_Work_-1 freqdig_Charging_Stations_Near_Work_0 freqdig_Charging_Stations_Near_Work_1 freqdig_Charging_Stations_Near_Work_2 freqdig_Charging_Stations_Near_Work_3 freqdig_Environmental_Concern_Level_-4 freqdig_Environmental_Concern_Level_-3 freqdig_Environmental_Concern_Level_-2 freqdig_Environmental_Concern_Level_-1 freqdig_Environmental_Concern_Level_0 freqdig_Environmental_Concern_Level_1 freqdig_Environmental_Concern_Level_2 freqdig_Environmental_Concern_Level_3 q_Annual_Income_USD_10 q_Annual_Income_USD_50 q_Annual_Income_USD_500 q_Annual_Income_USD_5000,WDS,0.946043,lgb,,,,,,,"HYPOTHESIS: the paired prediction of WD's mechanism. If the sides channels restore the derivative the window encoder lost, the fixed-grid shape encoder becomes redundant and can be dropped WITH A GAIN rather than a loss -- it survives in the champion only as a crutch supplying the derivative. Predicts WDS >= WD. MECHANISM: the two encoders then differ only in centring (window: always centred on the value; shape: an arbitrary fixed grid), and Phase 16 measured centring as strictly better (WS beat W1 by +0.000016). Dropping it also removes 10 features. GATE: OOF >= 0.946179 ships as the champion candidate. If WDS < WD by more than the seed floor, the shape encoder carries something the sides do NOT reproduce and Phase 16 section 1's supersession claim is wrong in a new way -- also a result. Note this probe differs from WQnoRS in TWO fields by design; WD and WQ2 are the other two cells of the 2x2 that attribute the difference."
5c2a97ca,2026-09-16T02:24:55+00:00,671b808a811b208563db374cfbe3fe0872af3fd4,True,gcarno/s6e9-probe-wc,1.0,WC: WQnoRS + te_window_count -- log1p window occupancy per radius alongside each centred rate,635.3,176.0,5,42,0.946072,0.00065,0.946067,,,experiments/preds/5c2a97ca,1014 1159 1576 1109 1413,0.945038 0.945802 0.947006 0.946384 0.946131,42.0,"Annual_Income_USD,Daily_Commute_km,Age,q_Annual_Income_USD_10,q_Annual_Income_USD_50,q_Annual_Income_USD_500,q_Annual_Income_USD_5000",freq_Age freq_Annual_Income_USD freq_Daily_Commute_km freq_Number_of_Cars_Owned freq_Charging_Stations_Near_Home freq_Charging_Stations_Near_Work freq_Environmental_Concern_Level freq_Gender freq_City_Type freq_Current_Car_Type freq_Home_Charging_Possible freq_Subsidy_Available freq_Range_Anxiety_Level digit_Age_-4 digit_Age_-3 digit_Age_-2 digit_Age_-1 digit_Age_0 digit_Age_1 digit_Age_2 digit_Age_3 digit_Annual_Income_USD_-4 digit_Annual_Income_USD_-3 digit_Annual_Income_USD_-2 digit_Annual_Income_USD_-1 digit_Annual_Income_USD_0 digit_Annual_Income_USD_1 digit_Annual_Income_USD_2 digit_Annual_Income_USD_3 digit_Daily_Commute_km_-4 digit_Daily_Commute_km_-3 digit_Daily_Commute_km_-2 digit_Daily_Commute_km_-1 digit_Daily_Commute_km_0 digit_Daily_Commute_km_1 digit_Daily_Commute_km_2 digit_Daily_Commute_km_3 digit_Number_of_Cars_Owned_-4 digit_Number_of_Cars_Owned_-3 digit_Number_of_Cars_Owned_-2 digit_Number_of_Cars_Owned_-1 digit_Number_of_Cars_Owned_0 digit_Number_of_Cars_Owned_1 digit_Number_of_Cars_Owned_2 digit_Number_of_Cars_Owned_3 digit_Charging_Stations_Near_Home_-4 digit_Charging_Stations_Near_Home_-3 digit_Charging_Stations_Near_Home_-2 digit_Charging_Stations_Near_Home_-1 digit_Charging_Stations_Near_Home_0 digit_Charging_Stations_Near_Home_1 digit_Charging_Stations_Near_Home_2 digit_Charging_Stations_Near_Home_3 digit_Charging_Stations_Near_Work_-4 digit_Charging_Stations_Near_Work_-3 digit_Charging_Stations_Near_Work_-2 digit_Charging_Stations_Near_Work_-1 digit_Charging_Stations_Near_Work_0 digit_Charging_Stations_Near_Work_1 digit_Charging_Stations_Near_Work_2 digit_Charging_Stations_Near_Work_3 digit_Environmental_Concern_Level_-4 digit_Environmental_Concern_Level_-3 digit_Environmental_Concern_Level_-2 digit_Environmental_Concern_Level_-1 digit_Environmental_Concern_Level_0 digit_Environmental_Concern_Level_1 digit_Environmental_Concern_Level_2 digit_Environmental_Concern_Level_3 freqdig_Age_-4 freqdig_Age_-3 freqdig_Age_-2 freqdig_Age_-1 freqdig_Age_0 freqdig_Age_1 freqdig_Age_2 freqdig_Age_3 freqdig_Annual_Income_USD_-4 freqdig_Annual_Income_USD_-3 freqdig_Annual_Income_USD_-2 freqdig_Annual_Income_USD_-1 freqdig_Annual_Income_USD_0 freqdig_Annual_Income_USD_1 freqdig_Annual_Income_USD_2 freqdig_Annual_Income_USD_3 freqdig_Daily_Commute_km_-4 freqdig_Daily_Commute_km_-3 freqdig_Daily_Commute_km_-2 freqdig_Daily_Commute_km_-1 freqdig_Daily_Commute_km_0 freqdig_Daily_Commute_km_1 freqdig_Daily_Commute_km_2 freqdig_Daily_Commute_km_3 freqdig_Charging_Stations_Near_Home_-4 freqdig_Charging_Stations_Near_Home_-3 freqdig_Charging_Stations_Near_Home_-2 freqdig_Charging_Stations_Near_Home_-1 freqdig_Charging_Stations_Near_Home_0 freqdig_Charging_Stations_Near_Home_1 freqdig_Charging_Stations_Near_Home_2 freqdig_Charging_Stations_Near_Home_3 freqdig_Charging_Stations_Near_Work_-4 freqdig_Charging_Stations_Near_Work_-3 freqdig_Charging_Stations_Near_Work_-2 freqdig_Charging_Stations_Near_Work_-1 freqdig_Charging_Stations_Near_Work_0 freqdig_Charging_Stations_Near_Work_1 freqdig_Charging_Stations_Near_Work_2 freqdig_Charging_Stations_Near_Work_3 freqdig_Environmental_Concern_Level_-4 freqdig_Environmental_Concern_Level_-3 freqdig_Environmental_Concern_Level_-2 freqdig_Environmental_Concern_Level_-1 freqdig_Environmental_Concern_Level_0 freqdig_Environmental_Concern_Level_1 freqdig_Environmental_Concern_Level_2 freqdig_Environmental_Concern_Level_3 q_Annual_Income_USD_10 q_Annual_Income_USD_50 q_Annual_Income_USD_500 q_Annual_Income_USD_5000,WC,0.946067,lgb,,,,,,,"HYPOTHESIS: +0.00003 to +0.0001. MECHANISM: a window's rate is only as trustworthy as the number of training-fold rows it was built from, and at radius 2 on income that can be a few hundred rows while at radius 200 it is tens of thousands. Handing the tree log1p(occupancy) per radius lets it discount an unreliable radius for a given value instead of treating all six rates as equally precise -- the same job the per-value count feature did for the exact-value key, where C4 measured +0.000456 on B5 before redundancy with the backoff and smoothing shrank it to +0.000052 on C2. The redundancy risk is the same story: WQnoRS already carries the neighbourhood backoff and the quantisation ladder, both of which partly encode local density. GATE: OOF >= 0.946179 ships; inside the seed floor files it as a third instance of the C1/C2/C4 redundancy pattern. This axis has been default-off and never once tested since it was written in Phase 16."
435587bd,2026-09-16T02:25:53+00:00,671b808a811b208563db374cfbe3fe0872af3fd4,True,gcarno/s6e9-probe-wsm,1.0,"WSM: WQnoRS with te_window_smooth 10.0 -> 2.0 -- the window encoder's smoothing constant, never probed",677.8,170.0,5,42,0.946079,0.000641,0.946073,,,experiments/preds/435587bd,1255 1119 1578 1196 999,0.945086 0.945799 0.947032 0.946368 0.946111,42.0,"Annual_Income_USD,Daily_Commute_km,Age,q_Annual_Income_USD_10,q_Annual_Income_USD_50,q_Annual_Income_USD_500,q_Annual_Income_USD_5000",freq_Age freq_Annual_Income_USD freq_Daily_Commute_km freq_Number_of_Cars_Owned freq_Charging_Stations_Near_Home freq_Charging_Stations_Near_Work freq_Environmental_Concern_Level freq_Gender freq_City_Type freq_Current_Car_Type freq_Home_Charging_Possible freq_Subsidy_Available freq_Range_Anxiety_Level digit_Age_-4 digit_Age_-3 digit_Age_-2 digit_Age_-1 digit_Age_0 digit_Age_1 digit_Age_2 digit_Age_3 digit_Annual_Income_USD_-4 digit_Annual_Income_USD_-3 digit_Annual_Income_USD_-2 digit_Annual_Income_USD_-1 digit_Annual_Income_USD_0 digit_Annual_Income_USD_1 digit_Annual_Income_USD_2 digit_Annual_Income_USD_3 digit_Daily_Commute_km_-4 digit_Daily_Commute_km_-3 digit_Daily_Commute_km_-2 digit_Daily_Commute_km_-1 digit_Daily_Commute_km_0 digit_Daily_Commute_km_1 digit_Daily_Commute_km_2 digit_Daily_Commute_km_3 digit_Number_of_Cars_Owned_-4 digit_Number_of_Cars_Owned_-3 digit_Number_of_Cars_Owned_-2 digit_Number_of_Cars_Owned_-1 digit_Number_of_Cars_Owned_0 digit_Number_of_Cars_Owned_1 digit_Number_of_Cars_Owned_2 digit_Number_of_Cars_Owned_3 digit_Charging_Stations_Near_Home_-4 digit_Charging_Stations_Near_Home_-3 digit_Charging_Stations_Near_Home_-2 digit_Charging_Stations_Near_Home_-1 digit_Charging_Stations_Near_Home_0 digit_Charging_Stations_Near_Home_1 digit_Charging_Stations_Near_Home_2 digit_Charging_Stations_Near_Home_3 digit_Charging_Stations_Near_Work_-4 digit_Charging_Stations_Near_Work_-3 digit_Charging_Stations_Near_Work_-2 digit_Charging_Stations_Near_Work_-1 digit_Charging_Stations_Near_Work_0 digit_Charging_Stations_Near_Work_1 digit_Charging_Stations_Near_Work_2 digit_Charging_Stations_Near_Work_3 digit_Environmental_Concern_Level_-4 digit_Environmental_Concern_Level_-3 digit_Environmental_Concern_Level_-2 digit_Environmental_Concern_Level_-1 digit_Environmental_Concern_Level_0 digit_Environmental_Concern_Level_1 digit_Environmental_Concern_Level_2 digit_Environmental_Concern_Level_3 freqdig_Age_-4 freqdig_Age_-3 freqdig_Age_-2 freqdig_Age_-1 freqdig_Age_0 freqdig_Age_1 freqdig_Age_2 freqdig_Age_3 freqdig_Annual_Income_USD_-4 freqdig_Annual_Income_USD_-3 freqdig_Annual_Income_USD_-2 freqdig_Annual_Income_USD_-1 freqdig_Annual_Income_USD_0 freqdig_Annual_Income_USD_1 freqdig_Annual_Income_USD_2 freqdig_Annual_Income_USD_3 freqdig_Daily_Commute_km_-4 freqdig_Daily_Commute_km_-3 freqdig_Daily_Commute_km_-2 freqdig_Daily_Commute_km_-1 freqdig_Daily_Commute_km_0 freqdig_Daily_Commute_km_1 freqdig_Daily_Commute_km_2 freqdig_Daily_Commute_km_3 freqdig_Charging_Stations_Near_Home_-4 freqdig_Charging_Stations_Near_Home_-3 freqdig_Charging_Stations_Near_Home_-2 freqdig_Charging_Stations_Near_Home_-1 freqdig_Charging_Stations_Near_Home_0 freqdig_Charging_Stations_Near_Home_1 freqdig_Charging_Stations_Near_Home_2 freqdig_Charging_Stations_Near_Home_3 freqdig_Charging_Stations_Near_Work_-4 freqdig_Charging_Stations_Near_Work_-3 freqdig_Charging_Stations_Near_Work_-2 freqdig_Charging_Stations_Near_Work_-1 freqdig_Charging_Stations_Near_Work_0 freqdig_Charging_Stations_Near_Work_1 freqdig_Charging_Stations_Near_Work_2 freqdig_Charging_Stations_Near_Work_3 freqdig_Environmental_Concern_Level_-4 freqdig_Environmental_Concern_Level_-3 freqdig_Environmental_Concern_Level_-2 freqdig_Environmental_Concern_Level_-1 freqdig_Environmental_Concern_Level_0 freqdig_Environmental_Concern_Level_1 freqdig_Environmental_Concern_Level_2 freqdig_Environmental_Concern_Level_3 q_Annual_Income_USD_10 q_Annual_Income_USD_50 q_Annual_Income_USD_500 q_Annual_Income_USD_5000,WSM,0.946073,lgb,,,,,,,"HYPOTHESIS: +0.0001 or better. MECHANISM: te_window_smooth has sat at 10.0 since Phase 16 purely because that was the shape encoder's value, copied across when the window encoder was written; it has never been probed on either encoder. Its exact-value analogue IS probed and the result was large: C2 measured te_smooth 20 -> 5 at +0.000487, the second-largest single-knob gain of this competition, and D1 confirmed the direction again at 5 -> 2 (+0.000123), while C3's 20 -> 100 cost -0.000667. The consistent finding is that this target shrinks LESS than default intuition suggests, because the per-value structure is a genuine lookup (README section 6) rather than noise. A window at radius 25+ already pools thousands of rows, so smoothing toward the prior at strength 10 is close to a no-op there -- but at radius 2 it is a real fraction of the window, which is exactly where the fine structure lives. GATE: OOF >= 0.946179 ships; a NEGATIVE result would be the first evidence that this target's smoothing optimum differs between the exact-value key and the pooled windows, which is itself informative."
351fb556,2026-09-16T02:27:46+00:00,671b808a811b208563db374cfbe3fe0872af3fd4,True,gcarno/s6e9-probe-wd,1.0,"WD: WQnoRS + te_window_sides -- left/right window rates plus slope and curvature, restoring the derivative channels the centred-window encoder dropped",790.9,194.0,5,42,0.946056,0.000646,0.946049,0.94633,,experiments/preds/351fb556,1224 1361 1494 988 1284,0.94504 0.945756 0.946977 0.946394 0.946114,42.0,"Annual_Income_USD,Daily_Commute_km,Age,q_Annual_Income_USD_10,q_Annual_Income_USD_50,q_Annual_Income_USD_500,q_Annual_Income_USD_5000",freq_Age freq_Annual_Income_USD freq_Daily_Commute_km freq_Number_of_Cars_Owned freq_Charging_Stations_Near_Home freq_Charging_Stations_Near_Work freq_Environmental_Concern_Level freq_Gender freq_City_Type freq_Current_Car_Type freq_Home_Charging_Possible freq_Subsidy_Available freq_Range_Anxiety_Level digit_Age_-4 digit_Age_-3 digit_Age_-2 digit_Age_-1 digit_Age_0 digit_Age_1 digit_Age_2 digit_Age_3 digit_Annual_Income_USD_-4 digit_Annual_Income_USD_-3 digit_Annual_Income_USD_-2 digit_Annual_Income_USD_-1 digit_Annual_Income_USD_0 digit_Annual_Income_USD_1 digit_Annual_Income_USD_2 digit_Annual_Income_USD_3 digit_Daily_Commute_km_-4 digit_Daily_Commute_km_-3 digit_Daily_Commute_km_-2 digit_Daily_Commute_km_-1 digit_Daily_Commute_km_0 digit_Daily_Commute_km_1 digit_Daily_Commute_km_2 digit_Daily_Commute_km_3 digit_Number_of_Cars_Owned_-4 digit_Number_of_Cars_Owned_-3 digit_Number_of_Cars_Owned_-2 digit_Number_of_Cars_Owned_-1 digit_Number_of_Cars_Owned_0 digit_Number_of_Cars_Owned_1 digit_Number_of_Cars_Owned_2 digit_Number_of_Cars_Owned_3 digit_Charging_Stations_Near_Home_-4 digit_Charging_Stations_Near_Home_-3 digit_Charging_Stations_Near_Home_-2 digit_Charging_Stations_Near_Home_-1 digit_Charging_Stations_Near_Home_0 digit_Charging_Stations_Near_Home_1 digit_Charging_Stations_Near_Home_2 digit_Charging_Stations_Near_Home_3 digit_Charging_Stations_Near_Work_-4 digit_Charging_Stations_Near_Work_-3 digit_Charging_Stations_Near_Work_-2 digit_Charging_Stations_Near_Work_-1 digit_Charging_Stations_Near_Work_0 digit_Charging_Stations_Near_Work_1 digit_Charging_Stations_Near_Work_2 digit_Charging_Stations_Near_Work_3 digit_Environmental_Concern_Level_-4 digit_Environmental_Concern_Level_-3 digit_Environmental_Concern_Level_-2 digit_Environmental_Concern_Level_-1 digit_Environmental_Concern_Level_0 digit_Environmental_Concern_Level_1 digit_Environmental_Concern_Level_2 digit_Environmental_Concern_Level_3 freqdig_Age_-4 freqdig_Age_-3 freqdig_Age_-2 freqdig_Age_-1 freqdig_Age_0 freqdig_Age_1 freqdig_Age_2 freqdig_Age_3 freqdig_Annual_Income_USD_-4 freqdig_Annual_Income_USD_-3 freqdig_Annual_Income_USD_-2 freqdig_Annual_Income_USD_-1 freqdig_Annual_Income_USD_0 freqdig_Annual_Income_USD_1 freqdig_Annual_Income_USD_2 freqdig_Annual_Income_USD_3 freqdig_Daily_Commute_km_-4 freqdig_Daily_Commute_km_-3 freqdig_Daily_Commute_km_-2 freqdig_Daily_Commute_km_-1 freqdig_Daily_Commute_km_0 freqdig_Daily_Commute_km_1 freqdig_Daily_Commute_km_2 freqdig_Daily_Commute_km_3 freqdig_Charging_Stations_Near_Home_-4 freqdig_Charging_Stations_Near_Home_-3 freqdig_Charging_Stations_Near_Home_-2 freqdig_Charging_Stations_Near_Home_-1 freqdig_Charging_Stations_Near_Home_0 freqdig_Charging_Stations_Near_Home_1 freqdig_Charging_Stations_Near_Home_2 freqdig_Charging_Stations_Near_Home_3 freqdig_Charging_Stations_Near_Work_-4 freqdig_Charging_Stations_Near_Work_-3 freqdig_Charging_Stations_Near_Work_-2 freqdig_Charging_Stations_Near_Work_-1 freqdig_Charging_Stations_Near_Work_0 freqdig_Charging_Stations_Near_Work_1 freqdig_Charging_Stations_Near_Work_2 freqdig_Charging_Stations_Near_Work_3 freqdig_Environmental_Concern_Level_-4 freqdig_Environmental_Concern_Level_-3 freqdig_Environmental_Concern_Level_-2 freqdig_Environmental_Concern_Level_-1 freqdig_Environmental_Concern_Level_0 freqdig_Environmental_Concern_Level_1 freqdig_Environmental_Concern_Level_2 freqdig_Environmental_Concern_Level_3 q_Annual_Income_USD_10 q_Annual_Income_USD_50 q_Annual_Income_USD_500 q_Annual_Income_USD_5000,WD,0.946049,lgb,,,,,,,"HYPOTHESIS: >= +0.0001 OOF vs WQnoRS (0.946084). MECHANISM: the shape encoder emitted eight channels per bin width INCLUDING left, right, slope and curvature, and Phase 14 attributed a main part of its gain to handing the tree the response's local DERIVATIVE. Phase 16 replaced it with centred windows on the strength of fixing the grid's arbitrary ORIGIN -- and dropped the derivative in the process, since a symmetric rate per radius carries no asymmetry and a tree cannot difference two columns. That is the most likely reason the champion still carries BOTH encoders despite Phase 16 section 1 declaring te_shape_cols superseded. This restores the derivative in the correctly-centred parameterisation. GATE: OOF >= 0.946179 (gate +0.0000949) ships as an ingredient; inside the 0.000038 seed floor kills the derivative hypothesis and vindicates Phase 16's parameterisation as complete. LEAK CONTROL: a one-sided window EXCLUDES the query value from both sides, so it is strictly more leak-resistant than the centred rate (itself verified leak-free in Phase 16), through the identical inner-K-fold path; a jump of B4 magnitude (+0.003) would be a leak signature, not a result."
874fe751,2026-09-16T02:33:40+00:00,671b808a811b208563db374cfbe3fe0872af3fd4,True,gcarno/s6e9-probe-wr,1.0,"WR: WQnoRS with te_window_radii densified from [2,5,10,25,50,200] to [1,2,3,5,8,12,20,35,60,120,250]",468.8,175.0,5,42,0.946087,0.000656,0.94608,0.94633,,experiments/preds/874fe751,1187 1184 1451 914 1408,0.94507 0.945782 0.947043 0.946415 0.946123,42.0,"Annual_Income_USD,Daily_Commute_km,Age,q_Annual_Income_USD_10,q_Annual_Income_USD_50,q_Annual_Income_USD_500,q_Annual_Income_USD_5000",freq_Age freq_Annual_Income_USD freq_Daily_Commute_km freq_Number_of_Cars_Owned freq_Charging_Stations_Near_Home freq_Charging_Stations_Near_Work freq_Environmental_Concern_Level freq_Gender freq_City_Type freq_Current_Car_Type freq_Home_Charging_Possible freq_Subsidy_Available freq_Range_Anxiety_Level digit_Age_-4 digit_Age_-3 digit_Age_-2 digit_Age_-1 digit_Age_0 digit_Age_1 digit_Age_2 digit_Age_3 digit_Annual_Income_USD_-4 digit_Annual_Income_USD_-3 digit_Annual_Income_USD_-2 digit_Annual_Income_USD_-1 digit_Annual_Income_USD_0 digit_Annual_Income_USD_1 digit_Annual_Income_USD_2 digit_Annual_Income_USD_3 digit_Daily_Commute_km_-4 digit_Daily_Commute_km_-3 digit_Daily_Commute_km_-2 digit_Daily_Commute_km_-1 digit_Daily_Commute_km_0 digit_Daily_Commute_km_1 digit_Daily_Commute_km_2 digit_Daily_Commute_km_3 digit_Number_of_Cars_Owned_-4 digit_Number_of_Cars_Owned_-3 digit_Number_of_Cars_Owned_-2 digit_Number_of_Cars_Owned_-1 digit_Number_of_Cars_Owned_0 digit_Number_of_Cars_Owned_1 digit_Number_of_Cars_Owned_2 digit_Number_of_Cars_Owned_3 digit_Charging_Stations_Near_Home_-4 digit_Charging_Stations_Near_Home_-3 digit_Charging_Stations_Near_Home_-2 digit_Charging_Stations_Near_Home_-1 digit_Charging_Stations_Near_Home_0 digit_Charging_Stations_Near_Home_1 digit_Charging_Stations_Near_Home_2 digit_Charging_Stations_Near_Home_3 digit_Charging_Stations_Near_Work_-4 digit_Charging_Stations_Near_Work_-3 digit_Charging_Stations_Near_Work_-2 digit_Charging_Stations_Near_Work_-1 digit_Charging_Stations_Near_Work_0 digit_Charging_Stations_Near_Work_1 digit_Charging_Stations_Near_Work_2 digit_Charging_Stations_Near_Work_3 digit_Environmental_Concern_Level_-4 digit_Environmental_Concern_Level_-3 digit_Environmental_Concern_Level_-2 digit_Environmental_Concern_Level_-1 digit_Environmental_Concern_Level_0 digit_Environmental_Concern_Level_1 digit_Environmental_Concern_Level_2 digit_Environmental_Concern_Level_3 freqdig_Age_-4 freqdig_Age_-3 freqdig_Age_-2 freqdig_Age_-1 freqdig_Age_0 freqdig_Age_1 freqdig_Age_2 freqdig_Age_3 freqdig_Annual_Income_USD_-4 freqdig_Annual_Income_USD_-3 freqdig_Annual_Income_USD_-2 freqdig_Annual_Income_USD_-1 freqdig_Annual_Income_USD_0 freqdig_Annual_Income_USD_1 freqdig_Annual_Income_USD_2 freqdig_Annual_Income_USD_3 freqdig_Daily_Commute_km_-4 freqdig_Daily_Commute_km_-3 freqdig_Daily_Commute_km_-2 freqdig_Daily_Commute_km_-1 freqdig_Daily_Commute_km_0 freqdig_Daily_Commute_km_1 freqdig_Daily_Commute_km_2 freqdig_Daily_Commute_km_3 freqdig_Charging_Stations_Near_Home_-4 freqdig_Charging_Stations_Near_Home_-3 freqdig_Charging_Stations_Near_Home_-2 freqdig_Charging_Stations_Near_Home_-1 freqdig_Charging_Stations_Near_Home_0 freqdig_Charging_Stations_Near_Home_1 freqdig_Charging_Stations_Near_Home_2 freqdig_Charging_Stations_Near_Home_3 freqdig_Charging_Stations_Near_Work_-4 freqdig_Charging_Stations_Near_Work_-3 freqdig_Charging_Stations_Near_Work_-2 freqdig_Charging_Stations_Near_Work_-1 freqdig_Charging_Stations_Near_Work_0 freqdig_Charging_Stations_Near_Work_1 freqdig_Charging_Stations_Near_Work_2 freqdig_Charging_Stations_Near_Work_3 freqdig_Environmental_Concern_Level_-4 freqdig_Environmental_Concern_Level_-3 freqdig_Environmental_Concern_Level_-2 freqdig_Environmental_Concern_Level_-1 freqdig_Environmental_Concern_Level_0 freqdig_Environmental_Concern_Level_1 freqdig_Environmental_Concern_Level_2 freqdig_Environmental_Concern_Level_3 q_Annual_Income_USD_10 q_Annual_Income_USD_50 q_Annual_Income_USD_500 q_Annual_Income_USD_5000,WR,0.94608,lgb,,,,,,,"HYPOTHESIS: +0.00005 to +0.0001. MECHANISM: the radii have sat at the six values chosen when the window encoder was written in Phase 16 and have never been probed -- they were a first guess, exactly as te_window_smooth was. Income carries ~50 rows per distinct value (README section 6), so radius 2 pools roughly 250 rows and radius 200 roughly 20,000: the ladder currently jumps a factor of 2.5-4x per rung, and each rung is a different bias/variance tradeoff for the per-value rate whose SE (0.053) sits close to the real per-value SD (0.0748). Adding rungs at 1, 3, 8, 12, 35, 60, 120 gives the tree finer control over that tradeoff per value, and extending to 250 widens the top. RELEVANT PRIOR: Phase 15's X1 found the SHAPE encoder flat from 1024 to 16384 bins -- but Phase 16 explained that null as the arbitrary-origin defect being shared by every setting tried, so it does NOT transfer to a correctly-centred encoder's radii. This probe is the direct test of whether that explanation is right. GATE: OOF >= 0.946179 (gate +0.0000949 over WQnoRS 0.946084) ships; inside the 0.000038 seed floor says the window axis is flat in its radii too, which would make X1's null a property of neighbour-pooling in general rather than of the grid."
2f08d839,2026-09-16T02:37:17+00:00,671b808a811b208563db374cfbe3fe0872af3fd4,True,gcarno/s6e9-probe-lwqnors,1.0,"LWQnoRS: LWQ (lean base, no digit block, windows replacing shape, ladder) with fe_recipe_score OFF -- 50 features against the champion's 170, rs-free on BOTH sides",472.2,50.0,5,42,0.946053,0.000648,0.946048,0.9463,,experiments/preds/2f08d839,1045 1445 1248 1195 1410,0.945019 0.94577 0.946965 0.946391 0.946121,42.0,"Annual_Income_USD,Daily_Commute_km,Age,q_Annual_Income_USD_10,q_Annual_Income_USD_50,q_Annual_Income_USD_500,q_Annual_Income_USD_5000",freq_Age freq_Annual_Income_USD freq_Daily_Commute_km freq_Number_of_Cars_Owned freq_Charging_Stations_Near_Home freq_Charging_Stations_Near_Work freq_Environmental_Concern_Level freq_Gender freq_City_Type freq_Current_Car_Type freq_Home_Charging_Possible freq_Subsidy_Available freq_Range_Anxiety_Level q_Annual_Income_USD_10 q_Annual_Income_USD_50 q_Annual_Income_USD_500 q_Annual_Income_USD_5000,LWQnoRS,0.946048,lgb,,,,,,,"HYPOTHESIS: OOF within 0.00005 of WQnoRS (LWQ was 0.946046 vs WQ's 0.946086); the point is the LB residual, not the OOF. MECHANISM / WHY THIS PROBE: tonight's slot 1 (WQnoRS, LB 0.94629, residual -0.00011 vs WQ's -0.00016) showed fe_recipe_score carries only ~31 percent of the R0-family LB offset at 172 features, leaving -0.00011 unexplained. Decomposing the older points with that estimate: LW (40 feats, rs on) sat at -0.00016 of which roughly -0.00013 is rs (W2RS's measured value at that feature count), leaving only ~-0.00003 for everything else -- while WQnoRS at 170 features has -0.00011 left after rs is removed. That difference is feature-bulk-shaped, and it is the hypothesis Phase 16 section 3 raised and then abandoned as a 'false trail' on the W2-vs-LW pair, which was confounded by hyperparameters AND rs simultaneously. This probe breaks BOTH confounds: same R0 hyperparameters as the champion, rs off on both sides, 120 features apart. Tonight's own probes span only 154-182 features, which predicts a ~0.00003 difference -- inside the near-twin resolution and unresolvable. GATE, pre-registered: after correcting for the OOF gap via the 1.0832 slope, LWQnoRS landing ABOVE WQnoRS by >= +0.00008 supports feature bulk and makes dropping the digit block the next champion move; landing within 0.00003 kills feature bulk and leaves the offset genuinely unexplained after five isolation attempts."
de07aba9,2026-09-16T23:58:15+00:00,5a9b37a57c1d0df10976689d338f0d0d85a24f59,,stack,,"logit stack, 8 legs, C=0.1",,,5,42,,,0.946136,0.94625,,experiments/preds/de07aba9,,,,,,logit_stack,,,,,,,,,"Phase 19 prep: re-fit the 8-leg curated stack with WQ swapped for its rs-free successor WQ2 (Phase 18 champion). pool.json's champion_stack_oof (0.946127) predated Phase 18; this recomputes it on the current pool. Offline only, no submission -- diagnostic refresh for public_gap.py and the Phase 19 writeup."
92f79e80,2026-09-17T00:05:42+00:00,5a9b37a57c1d0df10976689d338f0d0d85a24f59,True,gcarno/s6e9-probe-fq,1.0,"FQ: WQ2 with freq_cols and freq_digit_cols dropped -- Phase 18's last-named residual candidate, tested alone",498.6,93.0,5,42,0.946107,0.000625,0.946101,0.94627,,experiments/preds/92f79e80,1258 1388 1488 1007 1211,0.9451 0.945856 0.946977 0.946444 0.946157,42.0,"Annual_Income_USD,Daily_Commute_km,Age,q_Annual_Income_USD_10,q_Annual_Income_USD_50,q_Annual_Income_USD_500,q_Annual_Income_USD_5000",digit_Age_-4 digit_Age_-3 digit_Age_-2 digit_Age_-1 digit_Age_0 digit_Age_1 digit_Age_2 digit_Age_3 digit_Annual_Income_USD_-4 digit_Annual_Income_USD_-3 digit_Annual_Income_USD_-2 digit_Annual_Income_USD_-1 digit_Annual_Income_USD_0 digit_Annual_Income_USD_1 digit_Annual_Income_USD_2 digit_Annual_Income_USD_3 digit_Daily_Commute_km_-4 digit_Daily_Commute_km_-3 digit_Daily_Commute_km_-2 digit_Daily_Commute_km_-1 digit_Daily_Commute_km_0 digit_Daily_Commute_km_1 digit_Daily_Commute_km_2 digit_Daily_Commute_km_3 digit_Number_of_Cars_Owned_-4 digit_Number_of_Cars_Owned_-3 digit_Number_of_Cars_Owned_-2 digit_Number_of_Cars_Owned_-1 digit_Number_of_Cars_Owned_0 digit_Number_of_Cars_Owned_1 digit_Number_of_Cars_Owned_2 digit_Number_of_Cars_Owned_3 digit_Charging_Stations_Near_Home_-4 digit_Charging_Stations_Near_Home_-3 digit_Charging_Stations_Near_Home_-2 digit_Charging_Stations_Near_Home_-1 digit_Charging_Stations_Near_Home_0 digit_Charging_Stations_Near_Home_1 digit_Charging_Stations_Near_Home_2 digit_Charging_Stations_Near_Home_3 digit_Charging_Stations_Near_Work_-4 digit_Charging_Stations_Near_Work_-3 digit_Charging_Stations_Near_Work_-2 digit_Charging_Stations_Near_Work_-1 digit_Charging_Stations_Near_Work_0 digit_Charging_Stations_Near_Work_1 digit_Charging_Stations_Near_Work_2 digit_Charging_Stations_Near_Work_3 digit_Environmental_Concern_Level_-4 digit_Environmental_Concern_Level_-3 digit_Environmental_Concern_Level_-2 digit_Environmental_Concern_Level_-1 digit_Environmental_Concern_Level_0 digit_Environmental_Concern_Level_1 digit_Environmental_Concern_Level_2 digit_Environmental_Concern_Level_3 q_Annual_Income_USD_10 q_Annual_Income_USD_50 q_Annual_Income_USD_500 q_Annual_Income_USD_5000,FQ,0.946101,lgb,,,,,,,"HYPOTHESIS: freq_cols/freq_digit_cols are the remaining ~-0.00007 LB carrier Phase 18 could not isolate. MECHANISM: unsupervised frequency encoding of raw+digit-key values; if this displaces resolution the way fe_recipe_score did, best_iter should show it. GATE: this is a screening rung for the Phase 19 OOF ladder (plan Track A3), not a champion bet -- offline only, no submission."
5794995c,2026-09-17T00:05:50+00:00,5a9b37a57c1d0df10976689d338f0d0d85a24f59,True,gcarno/s6e9-probe-fq,,"FQ: WQ2 with freq_cols and freq_digit_cols dropped -- Phase 18's last-named residual candidate, tested alone",498.6,93.0,5,42,0.946107,0.000625,0.946101,0.94627,,experiments/preds/5794995c,1258 1388 1488 1007 1211,0.9451 0.945856 0.946977 0.946444 0.946157,42.0,"Annual_Income_USD,Daily_Commute_km,Age,q_Annual_Income_USD_10,q_Annual_Income_USD_50,q_Annual_Income_USD_500,q_Annual_Income_USD_5000",digit_Age_-4 digit_Age_-3 digit_Age_-2 digit_Age_-1 digit_Age_0 digit_Age_1 digit_Age_2 digit_Age_3 digit_Annual_Income_USD_-4 digit_Annual_Income_USD_-3 digit_Annual_Income_USD_-2 digit_Annual_Income_USD_-1 digit_Annual_Income_USD_0 digit_Annual_Income_USD_1 digit_Annual_Income_USD_2 digit_Annual_Income_USD_3 digit_Daily_Commute_km_-4 digit_Daily_Commute_km_-3 digit_Daily_Commute_km_-2 digit_Daily_Commute_km_-1 digit_Daily_Commute_km_0 digit_Daily_Commute_km_1 digit_Daily_Commute_km_2 digit_Daily_Commute_km_3 digit_Number_of_Cars_Owned_-4 digit_Number_of_Cars_Owned_-3 digit_Number_of_Cars_Owned_-2 digit_Number_of_Cars_Owned_-1 digit_Number_of_Cars_Owned_0 digit_Number_of_Cars_Owned_1 digit_Number_of_Cars_Owned_2 digit_Number_of_Cars_Owned_3 digit_Charging_Stations_Near_Home_-4 digit_Charging_Stations_Near_Home_-3 digit_Charging_Stations_Near_Home_-2 digit_Charging_Stations_Near_Home_-1 digit_Charging_Stations_Near_Home_0 digit_Charging_Stations_Near_Home_1 digit_Charging_Stations_Near_Home_2 digit_Charging_Stations_Near_Home_3 digit_Charging_Stations_Near_Work_-4 digit_Charging_Stations_Near_Work_-3 digit_Charging_Stations_Near_Work_-2 digit_Charging_Stations_Near_Work_-1 digit_Charging_Stations_Near_Work_0 digit_Charging_Stations_Near_Work_1 digit_Charging_Stations_Near_Work_2 digit_Charging_Stations_Near_Work_3 digit_Environmental_Concern_Level_-4 digit_Environmental_Concern_Level_-3 digit_Environmental_Concern_Level_-2 digit_Environmental_Concern_Level_-1 digit_Environmental_Concern_Level_0 digit_Environmental_Concern_Level_1 digit_Environmental_Concern_Level_2 digit_Environmental_Concern_Level_3 q_Annual_Income_USD_10 q_Annual_Income_USD_50 q_Annual_Income_USD_500 q_Annual_Income_USD_5000,FQ,0.946101,lgb,,,,,,,"HYPOTHESIS: freq_cols/freq_digit_cols are the remaining ~-0.00007 LB carrier Phase 18 could not isolate. MECHANISM: unsupervised frequency encoding of raw+digit-key values; if this displaces resolution the way fe_recipe_score did, best_iter should show it. Offline screening rung for the Phase 19 OOF ladder (plan Track A3) -- no submission. || PHASE 20 SLOT 1, PRE-REGISTERED BEFORE SUBMISSION. FQ has the highest single-model OOF in the repo (0.946101) at 93 features against the champion WQ2's 0.946080 at 154, and has sat archived and unsubmitted since Phase 19's free screening -- the same class of oversight as WQnoRS sitting unsubmitted through Phase 17. THE CLAIM: freq_cols+freq_digit_cols (61 features) carry nothing, and removing them costs no LB. GATE: +0.000021 OOF MISSES the frozen +0.0000949 shipping gate. FQ is put up under the standing tiebreak instead -- equal-or-better OOF at strictly fewer features -- which is exactly how WQ2 was promoted over WQ in Phase 18 (-0.000006 OOF, 154 vs 172 feats) and how Phase 16b resolved indistinguishable candidates. PROMOTE IF LB >= 0.94631 (WQ2's). PREDICTION: the all-points de-duplicated fit (n=45, slope 1.0248, intercept -0.02326, sigma 0.000085 -- now spanning 0.9410-0.9461 thanks to Phase 19's ladder, so this is interpolation, not the extrapolation README section 4 warns about) gives raw 0.94630; the champion family's own mean residual against that line is +0.000042 (WQnoRS +0.00000 / WQ2 +0.00003 / WR +0.00005 / LWQnoRS +0.00005 / WD +0.00008), so PREDICTED LB 0.94635. Against WQ2 specifically this is a near-twin pair, so the informative comparison is the DELTA: predicted +0.00003, and the near-twin paired SD (~0.00003, F2-vs-E1 class) means a landing at 0.94628 or below is a real negative and the first negative point the fewer-features tiebreak has taken. best_iter 1258/1388/1488/1007/1211 -- normal, no displacement collapse, so this is information removal, not the F1/H2/H3/P3 signature."
e882223f,2026-09-17T00:09:16+00:00,5a9b37a57c1d0df10976689d338f0d0d85a24f59,True,gcarno/s6e9-probe-ts100,1.0,"TS100: WQ2 with te_smooth 5 -> 100 -- deeper income/commute/age TE smoothing, C3's ingredient at a coarser setting",647.5,154.0,5,42,0.946086,0.000646,0.94608,,,experiments/preds/e882223f,1323 1194 1257 1070 1447,0.945063 0.94579 0.946993 0.946446 0.946137,42.0,"Annual_Income_USD,Daily_Commute_km,Age,q_Annual_Income_USD_10,q_Annual_Income_USD_50,q_Annual_Income_USD_500,q_Annual_Income_USD_5000",freq_Age freq_Annual_Income_USD freq_Daily_Commute_km freq_Number_of_Cars_Owned freq_Charging_Stations_Near_Home freq_Charging_Stations_Near_Work freq_Environmental_Concern_Level freq_Gender freq_City_Type freq_Current_Car_Type freq_Home_Charging_Possible freq_Subsidy_Available freq_Range_Anxiety_Level digit_Age_-4 digit_Age_-3 digit_Age_-2 digit_Age_-1 digit_Age_0 digit_Age_1 digit_Age_2 digit_Age_3 digit_Annual_Income_USD_-4 digit_Annual_Income_USD_-3 digit_Annual_Income_USD_-2 digit_Annual_Income_USD_-1 digit_Annual_Income_USD_0 digit_Annual_Income_USD_1 digit_Annual_Income_USD_2 digit_Annual_Income_USD_3 digit_Daily_Commute_km_-4 digit_Daily_Commute_km_-3 digit_Daily_Commute_km_-2 digit_Daily_Commute_km_-1 digit_Daily_Commute_km_0 digit_Daily_Commute_km_1 digit_Daily_Commute_km_2 digit_Daily_Commute_km_3 digit_Number_of_Cars_Owned_-4 digit_Number_of_Cars_Owned_-3 digit_Number_of_Cars_Owned_-2 digit_Number_of_Cars_Owned_-1 digit_Number_of_Cars_Owned_0 digit_Number_of_Cars_Owned_1 digit_Number_of_Cars_Owned_2 digit_Number_of_Cars_Owned_3 digit_Charging_Stations_Near_Home_-4 digit_Charging_Stations_Near_Home_-3 digit_Charging_Stations_Near_Home_-2 digit_Charging_Stations_Near_Home_-1 digit_Charging_Stations_Near_Home_0 digit_Charging_Stations_Near_Home_1 digit_Charging_Stations_Near_Home_2 digit_Charging_Stations_Near_Home_3 digit_Charging_Stations_Near_Work_-4 digit_Charging_Stations_Near_Work_-3 digit_Charging_Stations_Near_Work_-2 digit_Charging_Stations_Near_Work_-1 digit_Charging_Stations_Near_Work_0 digit_Charging_Stations_Near_Work_1 digit_Charging_Stations_Near_Work_2 digit_Charging_Stations_Near_Work_3 digit_Environmental_Concern_Level_-4 digit_Environmental_Concern_Level_-3 digit_Environmental_Concern_Level_-2 digit_Environmental_Concern_Level_-1 digit_Environmental_Concern_Level_0 digit_Environmental_Concern_Level_1 digit_Environmental_Concern_Level_2 digit_Environmental_Concern_Level_3 freqdig_Age_-4 freqdig_Age_-3 freqdig_Age_-2 freqdig_Age_-1 freqdig_Age_0 freqdig_Age_1 freqdig_Age_2 freqdig_Age_3 freqdig_Annual_Income_USD_-4 freqdig_Annual_Income_USD_-3 freqdig_Annual_Income_USD_-2 freqdig_Annual_Income_USD_-1 freqdig_Annual_Income_USD_0 freqdig_Annual_Income_USD_1 freqdig_Annual_Income_USD_2 freqdig_Annual_Income_USD_3 freqdig_Daily_Commute_km_-4 freqdig_Daily_Commute_km_-3 freqdig_Daily_Commute_km_-2 freqdig_Daily_Commute_km_-1 freqdig_Daily_Commute_km_0 freqdig_Daily_Commute_km_1 freqdig_Daily_Commute_km_2 freqdig_Daily_Commute_km_3 freqdig_Charging_Stations_Near_Home_-4 freqdig_Charging_Stations_Near_Home_-3 freqdig_Charging_Stations_Near_Home_-2 freqdig_Charging_Stations_Near_Home_-1 freqdig_Charging_Stations_Near_Home_0 freqdig_Charging_Stations_Near_Home_1 freqdig_Charging_Stations_Near_Home_2 freqdig_Charging_Stations_Near_Home_3 freqdig_Charging_Stations_Near_Work_-4 freqdig_Charging_Stations_Near_Work_-3 freqdig_Charging_Stations_Near_Work_-2 freqdig_Charging_Stations_Near_Work_-1 freqdig_Charging_Stations_Near_Work_0 freqdig_Charging_Stations_Near_Work_1 freqdig_Charging_Stations_Near_Work_2 freqdig_Charging_Stations_Near_Work_3 freqdig_Environmental_Concern_Level_-4 freqdig_Environmental_Concern_Level_-3 freqdig_Environmental_Concern_Level_-2 freqdig_Environmental_Concern_Level_-1 freqdig_Environmental_Concern_Level_0 freqdig_Environmental_Concern_Level_1 freqdig_Environmental_Concern_Level_2 freqdig_Environmental_Concern_Level_3 q_Annual_Income_USD_10 q_Annual_Income_USD_50 q_Annual_Income_USD_500 q_Annual_Income_USD_5000,TS100,0.94608,lgb,,,,,,,"HYPOTHESIS: heavier smoothing degrades the per-value lookup resolution (C3 measured -0.000667 at smooth=100 on B5's leaner recipe); this is rung 2 of the Phase 19 OOF ladder, spanning representation-quality degradation rather than fit degradation. Offline screening only, no submission."
d52cd631,2026-09-17T00:09:26+00:00,5a9b37a57c1d0df10976689d338f0d0d85a24f59,True,gcarno/s6e9-probe-ts1000,1.0,"TS1000: WQ2 with te_smooth 5 -> 1000 -- much deeper TE smoothing, a further rung below TS100",660.5,154.0,5,42,0.946086,0.000646,0.94608,,,experiments/preds/d52cd631,1323 1194 1257 1070 1447,0.945063 0.94579 0.946993 0.946446 0.946137,42.0,"Annual_Income_USD,Daily_Commute_km,Age,q_Annual_Income_USD_10,q_Annual_Income_USD_50,q_Annual_Income_USD_500,q_Annual_Income_USD_5000",freq_Age freq_Annual_Income_USD freq_Daily_Commute_km freq_Number_of_Cars_Owned freq_Charging_Stations_Near_Home freq_Charging_Stations_Near_Work freq_Environmental_Concern_Level freq_Gender freq_City_Type freq_Current_Car_Type freq_Home_Charging_Possible freq_Subsidy_Available freq_Range_Anxiety_Level digit_Age_-4 digit_Age_-3 digit_Age_-2 digit_Age_-1 digit_Age_0 digit_Age_1 digit_Age_2 digit_Age_3 digit_Annual_Income_USD_-4 digit_Annual_Income_USD_-3 digit_Annual_Income_USD_-2 digit_Annual_Income_USD_-1 digit_Annual_Income_USD_0 digit_Annual_Income_USD_1 digit_Annual_Income_USD_2 digit_Annual_Income_USD_3 digit_Daily_Commute_km_-4 digit_Daily_Commute_km_-3 digit_Daily_Commute_km_-2 digit_Daily_Commute_km_-1 digit_Daily_Commute_km_0 digit_Daily_Commute_km_1 digit_Daily_Commute_km_2 digit_Daily_Commute_km_3 digit_Number_of_Cars_Owned_-4 digit_Number_of_Cars_Owned_-3 digit_Number_of_Cars_Owned_-2 digit_Number_of_Cars_Owned_-1 digit_Number_of_Cars_Owned_0 digit_Number_of_Cars_Owned_1 digit_Number_of_Cars_Owned_2 digit_Number_of_Cars_Owned_3 digit_Charging_Stations_Near_Home_-4 digit_Charging_Stations_Near_Home_-3 digit_Charging_Stations_Near_Home_-2 digit_Charging_Stations_Near_Home_-1 digit_Charging_Stations_Near_Home_0 digit_Charging_Stations_Near_Home_1 digit_Charging_Stations_Near_Home_2 digit_Charging_Stations_Near_Home_3 digit_Charging_Stations_Near_Work_-4 digit_Charging_Stations_Near_Work_-3 digit_Charging_Stations_Near_Work_-2 digit_Charging_Stations_Near_Work_-1 digit_Charging_Stations_Near_Work_0 digit_Charging_Stations_Near_Work_1 digit_Charging_Stations_Near_Work_2 digit_Charging_Stations_Near_Work_3 digit_Environmental_Concern_Level_-4 digit_Environmental_Concern_Level_-3 digit_Environmental_Concern_Level_-2 digit_Environmental_Concern_Level_-1 digit_Environmental_Concern_Level_0 digit_Environmental_Concern_Level_1 digit_Environmental_Concern_Level_2 digit_Environmental_Concern_Level_3 freqdig_Age_-4 freqdig_Age_-3 freqdig_Age_-2 freqdig_Age_-1 freqdig_Age_0 freqdig_Age_1 freqdig_Age_2 freqdig_Age_3 freqdig_Annual_Income_USD_-4 freqdig_Annual_Income_USD_-3 freqdig_Annual_Income_USD_-2 freqdig_Annual_Income_USD_-1 freqdig_Annual_Income_USD_0 freqdig_Annual_Income_USD_1 freqdig_Annual_Income_USD_2 freqdig_Annual_Income_USD_3 freqdig_Daily_Commute_km_-4 freqdig_Daily_Commute_km_-3 freqdig_Daily_Commute_km_-2 freqdig_Daily_Commute_km_-1 freqdig_Daily_Commute_km_0 freqdig_Daily_Commute_km_1 freqdig_Daily_Commute_km_2 freqdig_Daily_Commute_km_3 freqdig_Charging_Stations_Near_Home_-4 freqdig_Charging_Stations_Near_Home_-3 freqdig_Charging_Stations_Near_Home_-2 freqdig_Charging_Stations_Near_Home_-1 freqdig_Charging_Stations_Near_Home_0 freqdig_Charging_Stations_Near_Home_1 freqdig_Charging_Stations_Near_Home_2 freqdig_Charging_Stations_Near_Home_3 freqdig_Charging_Stations_Near_Work_-4 freqdig_Charging_Stations_Near_Work_-3 freqdig_Charging_Stations_Near_Work_-2 freqdig_Charging_Stations_Near_Work_-1 freqdig_Charging_Stations_Near_Work_0 freqdig_Charging_Stations_Near_Work_1 freqdig_Charging_Stations_Near_Work_2 freqdig_Charging_Stations_Near_Work_3 freqdig_Environmental_Concern_Level_-4 freqdig_Environmental_Concern_Level_-3 freqdig_Environmental_Concern_Level_-2 freqdig_Environmental_Concern_Level_-1 freqdig_Environmental_Concern_Level_0 freqdig_Environmental_Concern_Level_1 freqdig_Environmental_Concern_Level_2 freqdig_Environmental_Concern_Level_3 q_Annual_Income_USD_10 q_Annual_Income_USD_50 q_Annual_Income_USD_500 q_Annual_Income_USD_5000,TS1000,0.94608,lgb,,,,,,,"HYPOTHESIS: te_smooth=1000 should degrade per-value resolution more than TS100's 100, giving two encoder-degradation rungs at different depths for the Phase 19 OOF ladder. Offline screening only, no submission."
ad825508,2026-09-17T00:09:33+00:00,5a9b37a57c1d0df10976689d338f0d0d85a24f59,True,gcarno/s6e9-probe-note,1.0,"NOTE: WQ2 with te_cols dropped entirely -- removes per-value TE on income/commute/age/quant-ladder keys, keeps windows+digit+freq",653.3,140.0,5,42,0.945863,0.000614,0.945859,0.94591,,experiments/preds/ad825508,1759 1800 2117 1520 1762,0.944868 0.945647 0.946732 0.946171 0.945896,42.0,,freq_Age freq_Annual_Income_USD freq_Daily_Commute_km freq_Number_of_Cars_Owned freq_Charging_Stations_Near_Home freq_Charging_Stations_Near_Work freq_Environmental_Concern_Level freq_Gender freq_City_Type freq_Current_Car_Type freq_Home_Charging_Possible freq_Subsidy_Available freq_Range_Anxiety_Level digit_Age_-4 digit_Age_-3 digit_Age_-2 digit_Age_-1 digit_Age_0 digit_Age_1 digit_Age_2 digit_Age_3 digit_Annual_Income_USD_-4 digit_Annual_Income_USD_-3 digit_Annual_Income_USD_-2 digit_Annual_Income_USD_-1 digit_Annual_Income_USD_0 digit_Annual_Income_USD_1 digit_Annual_Income_USD_2 digit_Annual_Income_USD_3 digit_Daily_Commute_km_-4 digit_Daily_Commute_km_-3 digit_Daily_Commute_km_-2 digit_Daily_Commute_km_-1 digit_Daily_Commute_km_0 digit_Daily_Commute_km_1 digit_Daily_Commute_km_2 digit_Daily_Commute_km_3 digit_Number_of_Cars_Owned_-4 digit_Number_of_Cars_Owned_-3 digit_Number_of_Cars_Owned_-2 digit_Number_of_Cars_Owned_-1 digit_Number_of_Cars_Owned_0 digit_Number_of_Cars_Owned_1 digit_Number_of_Cars_Owned_2 digit_Number_of_Cars_Owned_3 digit_Charging_Stations_Near_Home_-4 digit_Charging_Stations_Near_Home_-3 digit_Charging_Stations_Near_Home_-2 digit_Charging_Stations_Near_Home_-1 digit_Charging_Stations_Near_Home_0 digit_Charging_Stations_Near_Home_1 digit_Charging_Stations_Near_Home_2 digit_Charging_Stations_Near_Home_3 digit_Charging_Stations_Near_Work_-4 digit_Charging_Stations_Near_Work_-3 digit_Charging_Stations_Near_Work_-2 digit_Charging_Stations_Near_Work_-1 digit_Charging_Stations_Near_Work_0 digit_Charging_Stations_Near_Work_1 digit_Charging_Stations_Near_Work_2 digit_Charging_Stations_Near_Work_3 digit_Environmental_Concern_Level_-4 digit_Environmental_Concern_Level_-3 digit_Environmental_Concern_Level_-2 digit_Environmental_Concern_Level_-1 digit_Environmental_Concern_Level_0 digit_Environmental_Concern_Level_1 digit_Environmental_Concern_Level_2 digit_Environmental_Concern_Level_3 freqdig_Age_-4 freqdig_Age_-3 freqdig_Age_-2 freqdig_Age_-1 freqdig_Age_0 freqdig_Age_1 freqdig_Age_2 freqdig_Age_3 freqdig_Annual_Income_USD_-4 freqdig_Annual_Income_USD_-3 freqdig_Annual_Income_USD_-2 freqdig_Annual_Income_USD_-1 freqdig_Annual_Income_USD_0 freqdig_Annual_Income_USD_1 freqdig_Annual_Income_USD_2 freqdig_Annual_Income_USD_3 freqdig_Daily_Commute_km_-4 freqdig_Daily_Commute_km_-3 freqdig_Daily_Commute_km_-2 freqdig_Daily_Commute_km_-1 freqdig_Daily_Commute_km_0 freqdig_Daily_Commute_km_1 freqdig_Daily_Commute_km_2 freqdig_Daily_Commute_km_3 freqdig_Charging_Stations_Near_Home_-4 freqdig_Charging_Stations_Near_Home_-3 freqdig_Charging_Stations_Near_Home_-2 freqdig_Charging_Stations_Near_Home_-1 freqdig_Charging_Stations_Near_Home_0 freqdig_Charging_Stations_Near_Home_1 freqdig_Charging_Stations_Near_Home_2 freqdig_Charging_Stations_Near_Home_3 freqdig_Charging_Stations_Near_Work_-4 freqdig_Charging_Stations_Near_Work_-3 freqdig_Charging_Stations_Near_Work_-2 freqdig_Charging_Stations_Near_Work_-1 freqdig_Charging_Stations_Near_Work_0 freqdig_Charging_Stations_Near_Work_1 freqdig_Charging_Stations_Near_Work_2 freqdig_Charging_Stations_Near_Work_3 freqdig_Environmental_Concern_Level_-4 freqdig_Environmental_Concern_Level_-3 freqdig_Environmental_Concern_Level_-2 freqdig_Environmental_Concern_Level_-1 freqdig_Environmental_Concern_Level_0 freqdig_Environmental_Concern_Level_1 freqdig_Environmental_Concern_Level_2 freqdig_Environmental_Concern_Level_3 q_Annual_Income_USD_10 q_Annual_Income_USD_50 q_Annual_Income_USD_500 q_Annual_Income_USD_5000,NOTE,0.945859,lgb,,,,,,,"HYPOTHESIS: dropping the exact-value TE (the B4/B5-era lookup-table lever, README section 6) should cost real signal since it is the single largest lever measured this competition (+0.003 on B5). Rung of the Phase 19 OOF ladder, a deeper representation cut than TS100/TS1000's smoothing. Offline screening only, no submission. PRE-REGISTERED: frozen fit predicts LB 0.94613; refit predicts 0.94603. Rung 2 of 5."
260eae35,2026-09-17T00:10:18+00:00,5a9b37a57c1d0df10976689d338f0d0d85a24f59,True,gcarno/s6e9-probe-ne300,1.0,"NE300: WQ2 with n_estimators 3500 -> 300, early stopping disabled -- degrades the FIT, not the representation",162.4,154.0,5,42,0.945416,0.000678,0.945406,0.94561,,experiments/preds/260eae35,300 300 300 300 300,0.944348 0.945017 0.946258 0.945944 0.945511,42.0,"Annual_Income_USD,Daily_Commute_km,Age,q_Annual_Income_USD_10,q_Annual_Income_USD_50,q_Annual_Income_USD_500,q_Annual_Income_USD_5000",freq_Age freq_Annual_Income_USD freq_Daily_Commute_km freq_Number_of_Cars_Owned freq_Charging_Stations_Near_Home freq_Charging_Stations_Near_Work freq_Environmental_Concern_Level freq_Gender freq_City_Type freq_Current_Car_Type freq_Home_Charging_Possible freq_Subsidy_Available freq_Range_Anxiety_Level digit_Age_-4 digit_Age_-3 digit_Age_-2 digit_Age_-1 digit_Age_0 digit_Age_1 digit_Age_2 digit_Age_3 digit_Annual_Income_USD_-4 digit_Annual_Income_USD_-3 digit_Annual_Income_USD_-2 digit_Annual_Income_USD_-1 digit_Annual_Income_USD_0 digit_Annual_Income_USD_1 digit_Annual_Income_USD_2 digit_Annual_Income_USD_3 digit_Daily_Commute_km_-4 digit_Daily_Commute_km_-3 digit_Daily_Commute_km_-2 digit_Daily_Commute_km_-1 digit_Daily_Commute_km_0 digit_Daily_Commute_km_1 digit_Daily_Commute_km_2 digit_Daily_Commute_km_3 digit_Number_of_Cars_Owned_-4 digit_Number_of_Cars_Owned_-3 digit_Number_of_Cars_Owned_-2 digit_Number_of_Cars_Owned_-1 digit_Number_of_Cars_Owned_0 digit_Number_of_Cars_Owned_1 digit_Number_of_Cars_Owned_2 digit_Number_of_Cars_Owned_3 digit_Charging_Stations_Near_Home_-4 digit_Charging_Stations_Near_Home_-3 digit_Charging_Stations_Near_Home_-2 digit_Charging_Stations_Near_Home_-1 digit_Charging_Stations_Near_Home_0 digit_Charging_Stations_Near_Home_1 digit_Charging_Stations_Near_Home_2 digit_Charging_Stations_Near_Home_3 digit_Charging_Stations_Near_Work_-4 digit_Charging_Stations_Near_Work_-3 digit_Charging_Stations_Near_Work_-2 digit_Charging_Stations_Near_Work_-1 digit_Charging_Stations_Near_Work_0 digit_Charging_Stations_Near_Work_1 digit_Charging_Stations_Near_Work_2 digit_Charging_Stations_Near_Work_3 digit_Environmental_Concern_Level_-4 digit_Environmental_Concern_Level_-3 digit_Environmental_Concern_Level_-2 digit_Environmental_Concern_Level_-1 digit_Environmental_Concern_Level_0 digit_Environmental_Concern_Level_1 digit_Environmental_Concern_Level_2 digit_Environmental_Concern_Level_3 freqdig_Age_-4 freqdig_Age_-3 freqdig_Age_-2 freqdig_Age_-1 freqdig_Age_0 freqdig_Age_1 freqdig_Age_2 freqdig_Age_3 freqdig_Annual_Income_USD_-4 freqdig_Annual_Income_USD_-3 freqdig_Annual_Income_USD_-2 freqdig_Annual_Income_USD_-1 freqdig_Annual_Income_USD_0 freqdig_Annual_Income_USD_1 freqdig_Annual_Income_USD_2 freqdig_Annual_Income_USD_3 freqdig_Daily_Commute_km_-4 freqdig_Daily_Commute_km_-3 freqdig_Daily_Commute_km_-2 freqdig_Daily_Commute_km_-1 freqdig_Daily_Commute_km_0 freqdig_Daily_Commute_km_1 freqdig_Daily_Commute_km_2 freqdig_Daily_Commute_km_3 freqdig_Charging_Stations_Near_Home_-4 freqdig_Charging_Stations_Near_Home_-3 freqdig_Charging_Stations_Near_Home_-2 freqdig_Charging_Stations_Near_Home_-1 freqdig_Charging_Stations_Near_Home_0 freqdig_Charging_Stations_Near_Home_1 freqdig_Charging_Stations_Near_Home_2 freqdig_Charging_Stations_Near_Home_3 freqdig_Charging_Stations_Near_Work_-4 freqdig_Charging_Stations_Near_Work_-3 freqdig_Charging_Stations_Near_Work_-2 freqdig_Charging_Stations_Near_Work_-1 freqdig_Charging_Stations_Near_Work_0 freqdig_Charging_Stations_Near_Work_1 freqdig_Charging_Stations_Near_Work_2 freqdig_Charging_Stations_Near_Work_3 freqdig_Environmental_Concern_Level_-4 freqdig_Environmental_Concern_Level_-3 freqdig_Environmental_Concern_Level_-2 freqdig_Environmental_Concern_Level_-1 freqdig_Environmental_Concern_Level_0 freqdig_Environmental_Concern_Level_1 freqdig_Environmental_Concern_Level_2 freqdig_Environmental_Concern_Level_3 q_Annual_Income_USD_10 q_Annual_Income_USD_50 q_Annual_Income_USD_500 q_Annual_Income_USD_5000,NE300,0.945406,lgb,,,,,,,"HYPOTHESIS: this is a fit-degradation rung for the Phase 19 OOF ladder, distinct in mechanism from the encoder-degradation rungs (FQ/TS100/TS1000/NOTE/BARE). A truncated fit at fixed rounds (no early stopping) should land well below WQ2's OOF while keeping the full 154-feature representation. If this rung and an encoder rung at similar OOF land on the SAME local OOF->LB line, the slope is a split property, not a representation property -- a stronger result than either type alone (plan Track A3). Offline screening only, no submission. PRE-REGISTERED: frozen fit predicts LB 0.94564; refit predicts 0.94556. Rung 3 of 5."
adb8cfde,2026-09-17T00:15:59+00:00,5a9b37a57c1d0df10976689d338f0d0d85a24f59,True,gcarno/s6e9-probe-ne120,1.0,"NE120: WQ2 with n_estimators 3500 -> 120, early stopping disabled -- a deeper fit-degradation rung than NE300",162.4,154.0,5,42,0.941069,0.000789,0.941051,0.94127,,experiments/preds/adb8cfde,120 120 120 120 120,0.939903 0.940441 0.941862 0.941908 0.941231,42.0,"Annual_Income_USD,Daily_Commute_km,Age,q_Annual_Income_USD_10,q_Annual_Income_USD_50,q_Annual_Income_USD_500,q_Annual_Income_USD_5000",freq_Age freq_Annual_Income_USD freq_Daily_Commute_km freq_Number_of_Cars_Owned freq_Charging_Stations_Near_Home freq_Charging_Stations_Near_Work freq_Environmental_Concern_Level freq_Gender freq_City_Type freq_Current_Car_Type freq_Home_Charging_Possible freq_Subsidy_Available freq_Range_Anxiety_Level digit_Age_-4 digit_Age_-3 digit_Age_-2 digit_Age_-1 digit_Age_0 digit_Age_1 digit_Age_2 digit_Age_3 digit_Annual_Income_USD_-4 digit_Annual_Income_USD_-3 digit_Annual_Income_USD_-2 digit_Annual_Income_USD_-1 digit_Annual_Income_USD_0 digit_Annual_Income_USD_1 digit_Annual_Income_USD_2 digit_Annual_Income_USD_3 digit_Daily_Commute_km_-4 digit_Daily_Commute_km_-3 digit_Daily_Commute_km_-2 digit_Daily_Commute_km_-1 digit_Daily_Commute_km_0 digit_Daily_Commute_km_1 digit_Daily_Commute_km_2 digit_Daily_Commute_km_3 digit_Number_of_Cars_Owned_-4 digit_Number_of_Cars_Owned_-3 digit_Number_of_Cars_Owned_-2 digit_Number_of_Cars_Owned_-1 digit_Number_of_Cars_Owned_0 digit_Number_of_Cars_Owned_1 digit_Number_of_Cars_Owned_2 digit_Number_of_Cars_Owned_3 digit_Charging_Stations_Near_Home_-4 digit_Charging_Stations_Near_Home_-3 digit_Charging_Stations_Near_Home_-2 digit_Charging_Stations_Near_Home_-1 digit_Charging_Stations_Near_Home_0 digit_Charging_Stations_Near_Home_1 digit_Charging_Stations_Near_Home_2 digit_Charging_Stations_Near_Home_3 digit_Charging_Stations_Near_Work_-4 digit_Charging_Stations_Near_Work_-3 digit_Charging_Stations_Near_Work_-2 digit_Charging_Stations_Near_Work_-1 digit_Charging_Stations_Near_Work_0 digit_Charging_Stations_Near_Work_1 digit_Charging_Stations_Near_Work_2 digit_Charging_Stations_Near_Work_3 digit_Environmental_Concern_Level_-4 digit_Environmental_Concern_Level_-3 digit_Environmental_Concern_Level_-2 digit_Environmental_Concern_Level_-1 digit_Environmental_Concern_Level_0 digit_Environmental_Concern_Level_1 digit_Environmental_Concern_Level_2 digit_Environmental_Concern_Level_3 freqdig_Age_-4 freqdig_Age_-3 freqdig_Age_-2 freqdig_Age_-1 freqdig_Age_0 freqdig_Age_1 freqdig_Age_2 freqdig_Age_3 freqdig_Annual_Income_USD_-4 freqdig_Annual_Income_USD_-3 freqdig_Annual_Income_USD_-2 freqdig_Annual_Income_USD_-1 freqdig_Annual_Income_USD_0 freqdig_Annual_Income_USD_1 freqdig_Annual_Income_USD_2 freqdig_Annual_Income_USD_3 freqdig_Daily_Commute_km_-4 freqdig_Daily_Commute_km_-3 freqdig_Daily_Commute_km_-2 freqdig_Daily_Commute_km_-1 freqdig_Daily_Commute_km_0 freqdig_Daily_Commute_km_1 freqdig_Daily_Commute_km_2 freqdig_Daily_Commute_km_3 freqdig_Charging_Stations_Near_Home_-4 freqdig_Charging_Stations_Near_Home_-3 freqdig_Charging_Stations_Near_Home_-2 freqdig_Charging_Stations_Near_Home_-1 freqdig_Charging_Stations_Near_Home_0 freqdig_Charging_Stations_Near_Home_1 freqdig_Charging_Stations_Near_Home_2 freqdig_Charging_Stations_Near_Home_3 freqdig_Charging_Stations_Near_Work_-4 freqdig_Charging_Stations_Near_Work_-3 freqdig_Charging_Stations_Near_Work_-2 freqdig_Charging_Stations_Near_Work_-1 freqdig_Charging_Stations_Near_Work_0 freqdig_Charging_Stations_Near_Work_1 freqdig_Charging_Stations_Near_Work_2 freqdig_Charging_Stations_Near_Work_3 freqdig_Environmental_Concern_Level_-4 freqdig_Environmental_Concern_Level_-3 freqdig_Environmental_Concern_Level_-2 freqdig_Environmental_Concern_Level_-1 freqdig_Environmental_Concern_Level_0 freqdig_Environmental_Concern_Level_1 freqdig_Environmental_Concern_Level_2 freqdig_Environmental_Concern_Level_3 q_Annual_Income_USD_10 q_Annual_Income_USD_50 q_Annual_Income_USD_500 q_Annual_Income_USD_5000,NE120,0.941051,lgb,,,,,,,"Retry after the first push hit Kaggle's 5-concurrent-session cap (not archived). HYPOTHESIS: a second fit-degradation rung for the Phase 19 OOF ladder, expected below NE300's 0.945406. Offline screening only, no submission. PRE-REGISTERED: frozen fit predicts LB 0.94093; refit predicts 0.94099 -- NOTE the sign flip vs the other 4 rungs: below OOF 0.9429 (the two fits' crossover point) the refit line sits ABOVE the frozen line, so this rung discriminates the opposite direction from TS100b/NOTE/NE300/BARE. Rung 5 of 5."
1b01b99a,2026-09-17T00:20:57+00:00,5a9b37a57c1d0df10976689d338f0d0d85a24f59,True,gcarno/s6e9-probe-ts100b,1.0,"TS100b: WQ2 with te_multi_smooth overridden to [100] (was [10,auto]) -- CORRECTED retry of TS100",447.7,147.0,5,42,0.945955,0.000639,0.945951,0.94605,,experiments/preds/1b01b99a,1471 1321 1630 1307 1695,0.944983 0.945645 0.946901 0.946279 0.945968,42.0,"Annual_Income_USD,Daily_Commute_km,Age,q_Annual_Income_USD_10,q_Annual_Income_USD_50,q_Annual_Income_USD_500,q_Annual_Income_USD_5000",freq_Age freq_Annual_Income_USD freq_Daily_Commute_km freq_Number_of_Cars_Owned freq_Charging_Stations_Near_Home freq_Charging_Stations_Near_Work freq_Environmental_Concern_Level freq_Gender freq_City_Type freq_Current_Car_Type freq_Home_Charging_Possible freq_Subsidy_Available freq_Range_Anxiety_Level digit_Age_-4 digit_Age_-3 digit_Age_-2 digit_Age_-1 digit_Age_0 digit_Age_1 digit_Age_2 digit_Age_3 digit_Annual_Income_USD_-4 digit_Annual_Income_USD_-3 digit_Annual_Income_USD_-2 digit_Annual_Income_USD_-1 digit_Annual_Income_USD_0 digit_Annual_Income_USD_1 digit_Annual_Income_USD_2 digit_Annual_Income_USD_3 digit_Daily_Commute_km_-4 digit_Daily_Commute_km_-3 digit_Daily_Commute_km_-2 digit_Daily_Commute_km_-1 digit_Daily_Commute_km_0 digit_Daily_Commute_km_1 digit_Daily_Commute_km_2 digit_Daily_Commute_km_3 digit_Number_of_Cars_Owned_-4 digit_Number_of_Cars_Owned_-3 digit_Number_of_Cars_Owned_-2 digit_Number_of_Cars_Owned_-1 digit_Number_of_Cars_Owned_0 digit_Number_of_Cars_Owned_1 digit_Number_of_Cars_Owned_2 digit_Number_of_Cars_Owned_3 digit_Charging_Stations_Near_Home_-4 digit_Charging_Stations_Near_Home_-3 digit_Charging_Stations_Near_Home_-2 digit_Charging_Stations_Near_Home_-1 digit_Charging_Stations_Near_Home_0 digit_Charging_Stations_Near_Home_1 digit_Charging_Stations_Near_Home_2 digit_Charging_Stations_Near_Home_3 digit_Charging_Stations_Near_Work_-4 digit_Charging_Stations_Near_Work_-3 digit_Charging_Stations_Near_Work_-2 digit_Charging_Stations_Near_Work_-1 digit_Charging_Stations_Near_Work_0 digit_Charging_Stations_Near_Work_1 digit_Charging_Stations_Near_Work_2 digit_Charging_Stations_Near_Work_3 digit_Environmental_Concern_Level_-4 digit_Environmental_Concern_Level_-3 digit_Environmental_Concern_Level_-2 digit_Environmental_Concern_Level_-1 digit_Environmental_Concern_Level_0 digit_Environmental_Concern_Level_1 digit_Environmental_Concern_Level_2 digit_Environmental_Concern_Level_3 freqdig_Age_-4 freqdig_Age_-3 freqdig_Age_-2 freqdig_Age_-1 freqdig_Age_0 freqdig_Age_1 freqdig_Age_2 freqdig_Age_3 freqdig_Annual_Income_USD_-4 freqdig_Annual_Income_USD_-3 freqdig_Annual_Income_USD_-2 freqdig_Annual_Income_USD_-1 freqdig_Annual_Income_USD_0 freqdig_Annual_Income_USD_1 freqdig_Annual_Income_USD_2 freqdig_Annual_Income_USD_3 freqdig_Daily_Commute_km_-4 freqdig_Daily_Commute_km_-3 freqdig_Daily_Commute_km_-2 freqdig_Daily_Commute_km_-1 freqdig_Daily_Commute_km_0 freqdig_Daily_Commute_km_1 freqdig_Daily_Commute_km_2 freqdig_Daily_Commute_km_3 freqdig_Charging_Stations_Near_Home_-4 freqdig_Charging_Stations_Near_Home_-3 freqdig_Charging_Stations_Near_Home_-2 freqdig_Charging_Stations_Near_Home_-1 freqdig_Charging_Stations_Near_Home_0 freqdig_Charging_Stations_Near_Home_1 freqdig_Charging_Stations_Near_Home_2 freqdig_Charging_Stations_Near_Home_3 freqdig_Charging_Stations_Near_Work_-4 freqdig_Charging_Stations_Near_Work_-3 freqdig_Charging_Stations_Near_Work_-2 freqdig_Charging_Stations_Near_Work_-1 freqdig_Charging_Stations_Near_Work_0 freqdig_Charging_Stations_Near_Work_1 freqdig_Charging_Stations_Near_Work_2 freqdig_Charging_Stations_Near_Work_3 freqdig_Environmental_Concern_Level_-4 freqdig_Environmental_Concern_Level_-3 freqdig_Environmental_Concern_Level_-2 freqdig_Environmental_Concern_Level_-1 freqdig_Environmental_Concern_Level_0 freqdig_Environmental_Concern_Level_1 freqdig_Environmental_Concern_Level_2 freqdig_Environmental_Concern_Level_3 q_Annual_Income_USD_10 q_Annual_Income_USD_50 q_Annual_Income_USD_500 q_Annual_Income_USD_5000,TS100b,0.945951,lgb,,,,,,,"The first TS100 attempt changed te_smooth, which pipeline.py's own comment says is IGNORED for te_cols when te_multi_smooth is non-empty -- WQ2's base carries te_multi_smooth=[10,auto], so TS100 was a silent no-op (landed bit-identical to WQ2, fold_aucs matched to 6dp). This corrects it: te_multi_smooth is overridden directly to [100], a genuine heavier-smoothing rung for the Phase 19 OOF ladder. Offline screening only, no submission. PRE-REGISTERED (Phase 19 ladder, before any of the 5 rungs' LB is known): frozen fit (slope 1.0832, README section 4) predicts LB 0.94623; refit over all 45 paired points (slope 1.0496, scripts/refit_gap.py) predicts 0.94613. Rung 1 of 5, submitted in descending OOF order."
31e2d10a,2026-09-17T00:21:03+00:00,5a9b37a57c1d0df10976689d338f0d0d85a24f59,True,gcarno/s6e9-probe-ts1000b,1.0,"TS1000b: WQ2 with te_multi_smooth overridden to [1000] (was [10,auto]) -- CORRECTED retry of TS1000",463.3,147.0,5,42,0.945913,0.000623,0.945909,,,experiments/preds/31e2d10a,1415 1461 1703 1407 1742,0.944961 0.94561 0.946803 0.946299 0.945895,42.0,"Annual_Income_USD,Daily_Commute_km,Age,q_Annual_Income_USD_10,q_Annual_Income_USD_50,q_Annual_Income_USD_500,q_Annual_Income_USD_5000",freq_Age freq_Annual_Income_USD freq_Daily_Commute_km freq_Number_of_Cars_Owned freq_Charging_Stations_Near_Home freq_Charging_Stations_Near_Work freq_Environmental_Concern_Level freq_Gender freq_City_Type freq_Current_Car_Type freq_Home_Charging_Possible freq_Subsidy_Available freq_Range_Anxiety_Level digit_Age_-4 digit_Age_-3 digit_Age_-2 digit_Age_-1 digit_Age_0 digit_Age_1 digit_Age_2 digit_Age_3 digit_Annual_Income_USD_-4 digit_Annual_Income_USD_-3 digit_Annual_Income_USD_-2 digit_Annual_Income_USD_-1 digit_Annual_Income_USD_0 digit_Annual_Income_USD_1 digit_Annual_Income_USD_2 digit_Annual_Income_USD_3 digit_Daily_Commute_km_-4 digit_Daily_Commute_km_-3 digit_Daily_Commute_km_-2 digit_Daily_Commute_km_-1 digit_Daily_Commute_km_0 digit_Daily_Commute_km_1 digit_Daily_Commute_km_2 digit_Daily_Commute_km_3 digit_Number_of_Cars_Owned_-4 digit_Number_of_Cars_Owned_-3 digit_Number_of_Cars_Owned_-2 digit_Number_of_Cars_Owned_-1 digit_Number_of_Cars_Owned_0 digit_Number_of_Cars_Owned_1 digit_Number_of_Cars_Owned_2 digit_Number_of_Cars_Owned_3 digit_Charging_Stations_Near_Home_-4 digit_Charging_Stations_Near_Home_-3 digit_Charging_Stations_Near_Home_-2 digit_Charging_Stations_Near_Home_-1 digit_Charging_Stations_Near_Home_0 digit_Charging_Stations_Near_Home_1 digit_Charging_Stations_Near_Home_2 digit_Charging_Stations_Near_Home_3 digit_Charging_Stations_Near_Work_-4 digit_Charging_Stations_Near_Work_-3 digit_Charging_Stations_Near_Work_-2 digit_Charging_Stations_Near_Work_-1 digit_Charging_Stations_Near_Work_0 digit_Charging_Stations_Near_Work_1 digit_Charging_Stations_Near_Work_2 digit_Charging_Stations_Near_Work_3 digit_Environmental_Concern_Level_-4 digit_Environmental_Concern_Level_-3 digit_Environmental_Concern_Level_-2 digit_Environmental_Concern_Level_-1 digit_Environmental_Concern_Level_0 digit_Environmental_Concern_Level_1 digit_Environmental_Concern_Level_2 digit_Environmental_Concern_Level_3 freqdig_Age_-4 freqdig_Age_-3 freqdig_Age_-2 freqdig_Age_-1 freqdig_Age_0 freqdig_Age_1 freqdig_Age_2 freqdig_Age_3 freqdig_Annual_Income_USD_-4 freqdig_Annual_Income_USD_-3 freqdig_Annual_Income_USD_-2 freqdig_Annual_Income_USD_-1 freqdig_Annual_Income_USD_0 freqdig_Annual_Income_USD_1 freqdig_Annual_Income_USD_2 freqdig_Annual_Income_USD_3 freqdig_Daily_Commute_km_-4 freqdig_Daily_Commute_km_-3 freqdig_Daily_Commute_km_-2 freqdig_Daily_Commute_km_-1 freqdig_Daily_Commute_km_0 freqdig_Daily_Commute_km_1 freqdig_Daily_Commute_km_2 freqdig_Daily_Commute_km_3 freqdig_Charging_Stations_Near_Home_-4 freqdig_Charging_Stations_Near_Home_-3 freqdig_Charging_Stations_Near_Home_-2 freqdig_Charging_Stations_Near_Home_-1 freqdig_Charging_Stations_Near_Home_0 freqdig_Charging_Stations_Near_Home_1 freqdig_Charging_Stations_Near_Home_2 freqdig_Charging_Stations_Near_Home_3 freqdig_Charging_Stations_Near_Work_-4 freqdig_Charging_Stations_Near_Work_-3 freqdig_Charging_Stations_Near_Work_-2 freqdig_Charging_Stations_Near_Work_-1 freqdig_Charging_Stations_Near_Work_0 freqdig_Charging_Stations_Near_Work_1 freqdig_Charging_Stations_Near_Work_2 freqdig_Charging_Stations_Near_Work_3 freqdig_Environmental_Concern_Level_-4 freqdig_Environmental_Concern_Level_-3 freqdig_Environmental_Concern_Level_-2 freqdig_Environmental_Concern_Level_-1 freqdig_Environmental_Concern_Level_0 freqdig_Environmental_Concern_Level_1 freqdig_Environmental_Concern_Level_2 freqdig_Environmental_Concern_Level_3 q_Annual_Income_USD_10 q_Annual_Income_USD_50 q_Annual_Income_USD_500 q_Annual_Income_USD_5000,TS1000b,0.945909,lgb,,,,,,,"Same fix as TS100b -- te_multi_smooth overridden directly, this time to [1000], a deeper smoothing rung than TS100b for the Phase 19 OOF ladder. Offline screening only, no submission."
cb4fd044,2026-09-17T00:24:02+00:00,5a9b37a57c1d0df10976689d338f0d0d85a24f59,True,gcarno/s6e9-probe-bare,1.0,"BARE: WQ2 with te_cols, te_window_cols and fe_quant_cols all emptied -- representation floor, digit+freq blocks only",1546.0,130.0,5,42,0.944212,0.000708,0.944209,0.9443,,experiments/preds/cb4fd044,2680 3284 3343 3348 2819,0.943031 0.944039 0.945188 0.944568 0.944235,42.0,,freq_Age freq_Annual_Income_USD freq_Daily_Commute_km freq_Number_of_Cars_Owned freq_Charging_Stations_Near_Home freq_Charging_Stations_Near_Work freq_Environmental_Concern_Level freq_Gender freq_City_Type freq_Current_Car_Type freq_Home_Charging_Possible freq_Subsidy_Available freq_Range_Anxiety_Level digit_Age_-4 digit_Age_-3 digit_Age_-2 digit_Age_-1 digit_Age_0 digit_Age_1 digit_Age_2 digit_Age_3 digit_Annual_Income_USD_-4 digit_Annual_Income_USD_-3 digit_Annual_Income_USD_-2 digit_Annual_Income_USD_-1 digit_Annual_Income_USD_0 digit_Annual_Income_USD_1 digit_Annual_Income_USD_2 digit_Annual_Income_USD_3 digit_Daily_Commute_km_-4 digit_Daily_Commute_km_-3 digit_Daily_Commute_km_-2 digit_Daily_Commute_km_-1 digit_Daily_Commute_km_0 digit_Daily_Commute_km_1 digit_Daily_Commute_km_2 digit_Daily_Commute_km_3 digit_Number_of_Cars_Owned_-4 digit_Number_of_Cars_Owned_-3 digit_Number_of_Cars_Owned_-2 digit_Number_of_Cars_Owned_-1 digit_Number_of_Cars_Owned_0 digit_Number_of_Cars_Owned_1 digit_Number_of_Cars_Owned_2 digit_Number_of_Cars_Owned_3 digit_Charging_Stations_Near_Home_-4 digit_Charging_Stations_Near_Home_-3 digit_Charging_Stations_Near_Home_-2 digit_Charging_Stations_Near_Home_-1 digit_Charging_Stations_Near_Home_0 digit_Charging_Stations_Near_Home_1 digit_Charging_Stations_Near_Home_2 digit_Charging_Stations_Near_Home_3 digit_Charging_Stations_Near_Work_-4 digit_Charging_Stations_Near_Work_-3 digit_Charging_Stations_Near_Work_-2 digit_Charging_Stations_Near_Work_-1 digit_Charging_Stations_Near_Work_0 digit_Charging_Stations_Near_Work_1 digit_Charging_Stations_Near_Work_2 digit_Charging_Stations_Near_Work_3 digit_Environmental_Concern_Level_-4 digit_Environmental_Concern_Level_-3 digit_Environmental_Concern_Level_-2 digit_Environmental_Concern_Level_-1 digit_Environmental_Concern_Level_0 digit_Environmental_Concern_Level_1 digit_Environmental_Concern_Level_2 digit_Environmental_Concern_Level_3 freqdig_Age_-4 freqdig_Age_-3 freqdig_Age_-2 freqdig_Age_-1 freqdig_Age_0 freqdig_Age_1 freqdig_Age_2 freqdig_Age_3 freqdig_Annual_Income_USD_-4 freqdig_Annual_Income_USD_-3 freqdig_Annual_Income_USD_-2 freqdig_Annual_Income_USD_-1 freqdig_Annual_Income_USD_0 freqdig_Annual_Income_USD_1 freqdig_Annual_Income_USD_2 freqdig_Annual_Income_USD_3 freqdig_Daily_Commute_km_-4 freqdig_Daily_Commute_km_-3 freqdig_Daily_Commute_km_-2 freqdig_Daily_Commute_km_-1 freqdig_Daily_Commute_km_0 freqdig_Daily_Commute_km_1 freqdig_Daily_Commute_km_2 freqdig_Daily_Commute_km_3 freqdig_Charging_Stations_Near_Home_-4 freqdig_Charging_Stations_Near_Home_-3 freqdig_Charging_Stations_Near_Home_-2 freqdig_Charging_Stations_Near_Home_-1 freqdig_Charging_Stations_Near_Home_0 freqdig_Charging_Stations_Near_Home_1 freqdig_Charging_Stations_Near_Home_2 freqdig_Charging_Stations_Near_Home_3 freqdig_Charging_Stations_Near_Work_-4 freqdig_Charging_Stations_Near_Work_-3 freqdig_Charging_Stations_Near_Work_-2 freqdig_Charging_Stations_Near_Work_-1 freqdig_Charging_Stations_Near_Work_0 freqdig_Charging_Stations_Near_Work_1 freqdig_Charging_Stations_Near_Work_2 freqdig_Charging_Stations_Near_Work_3 freqdig_Environmental_Concern_Level_-4 freqdig_Environmental_Concern_Level_-3 freqdig_Environmental_Concern_Level_-2 freqdig_Environmental_Concern_Level_-1 freqdig_Environmental_Concern_Level_0 freqdig_Environmental_Concern_Level_1 freqdig_Environmental_Concern_Level_2 freqdig_Environmental_Concern_Level_3,BARE,0.944209,lgb,,,,,,,"HYPOTHESIS: this is the deepest representation-degradation rung -- removes every supervised per-value/window encoder, leaving only unsupervised digit-decomposition and frequency features on top of the 13 raw columns. Anchors the low end of the Phase 19 OOF ladder, expected near R1/S1-era OOF (~0.9459) or below. Offline screening only, no submission. PRE-REGISTERED: frozen fit predicts LB 0.94435; refit predicts 0.94430. Rung 4 of 5."
9bbe0c46,2026-09-18T01:29:59+00:00,36951ccc76cc32e81dd58664096d428f6b99447c,,stack,,"logit_mean blend, 5 legs, equal weights",,,5,42,,,0.946121,,,experiments/preds/9bbe0c46,,,,,,blend,,,,,,,,,"Z3/B5: Phase 19's parked 5-leg rs-free logit MEAN, recomputed for Phase 20."
26ed552b,2026-09-18T01:30:13+00:00,36951ccc76cc32e81dd58664096d428f6b99447c,,stack,,"logit_mean blend, 6 legs, equal weights",,,5,42,,,0.94613,0.94633,,experiments/preds/26ed552b,,,,,,blend,,,,,,,,,"PHASE 20 SLOT 2, PRE-REGISTERED BEFORE SUBMISSION. B6 = equal-weight logit MEAN of six rs-free near-twins: WQ2 221f2964 + WR 874fe751 + WD 351fb556 + WQnoRS f5c9efb0 + LWQnoRS 2f08d839 + FQ 5794995c. Honest OOF 0.946130, +0.000050 over WQ2 and +0.000029 over FQ. Zero training. WHY A MEAN AND NOT THE FITTED STACK: Phase 19 parked this as 'OOF 0.946136 with near-equal fitted weights 0.199-0.203'. That 0.946136 is the FITTED combiner; the equal-weight mean of the same five legs is 0.946121. The +0.000015 gap is precisely the residual optimism stack_logit.py's own docstring flags (the meta-model consumes base-leg OOF from models fitted on this same partition), and weights coming back at 0.199-0.203 is direct evidence the combiner has nothing real to subtract -- Phase 2's discriminator, verbatim: a pool of near-twins gets AVERAGED, not fitted. So the honest number is the mean, and adding FQ as a sixth leg (B6 0.946130) beats both the parked 5-leg mean (B5 0.946121) and the WQ2->FQ swap (B5f 0.946129). GATE: +0.000050 MISSES the +0.0000949 ADD gate. This slot buys a MECHANISM answer, not a presumed champion. Promote only if LB >= 0.94634 AND it beats FQ's slot-1 score. THE QUESTION, with two distinguishable pre-registered outcomes: Phase 14/16b measured a stack penalty that grows monotonically with pool size (solo ~-0.00014, 7-leg -0.00018, 9-leg -0.00023 against the frozen line) and Phase 16b's 8-leg stack landed 0.94625, a wash. But every one of those was a FITTED combiner over a pool spanning two representations. B6 is a fixed-weight mean over one representation, and this is the first slot that separates the two. (a) NO PENALTY -> all-points line (n=45, slope 1.0248, int -0.02326, sigma 0.000085) raw 0.94633 plus the champion-family offset +0.000042 = PREDICTED LB 0.94638. (b) PENALTY APPLIES at the 7-leg fitted rate -> ~0.94626, i.e. BELOW WQ2's own 0.94631 despite a higher OOF -- the same inversion the 9-leg stack produced in Phase 15. The two predictions are 0.00012 apart, ~4x the near-twin paired SD, so this resolves cleanly."
a03e61c6,2026-09-18T01:30:20+00:00,36951ccc76cc32e81dd58664096d428f6b99447c,,stack,,"logit_mean blend, 5 legs, equal weights",,,5,42,,,0.946129,,,experiments/preds/a03e61c6,,,,,,blend,,,,,,,,,Z3/B5f: B5 with WQ2 swapped for FQ.
d7121f80,2026-09-18T01:45:50+00:00,59c22aae2715c1f84bc096f136df9924c4f7ff83,True,gcarno/s6e9-probe-ska,1.0,SKa: FQ + q_Annual_Income_USD_5000 (32 levels) as native LightGBM categorical,402.2,94.0,5,42,0.946105,0.000649,0.946097,,,experiments/preds/d7121f80,1139 1273 1113 918 1056,0.945078 0.945816 0.947018 0.946466 0.946146,42.0,"Annual_Income_USD,Daily_Commute_km,Age,q_Annual_Income_USD_10,q_Annual_Income_USD_50,q_Annual_Income_USD_500,q_Annual_Income_USD_5000",digit_Age_-4 digit_Age_-3 digit_Age_-2 digit_Age_-1 digit_Age_0 digit_Age_1 digit_Age_2 digit_Age_3 digit_Annual_Income_USD_-4 digit_Annual_Income_USD_-3 digit_Annual_Income_USD_-2 digit_Annual_Income_USD_-1 digit_Annual_Income_USD_0 digit_Annual_Income_USD_1 digit_Annual_Income_USD_2 digit_Annual_Income_USD_3 digit_Daily_Commute_km_-4 digit_Daily_Commute_km_-3 digit_Daily_Commute_km_-2 digit_Daily_Commute_km_-1 digit_Daily_Commute_km_0 digit_Daily_Commute_km_1 digit_Daily_Commute_km_2 digit_Daily_Commute_km_3 digit_Number_of_Cars_Owned_-4 digit_Number_of_Cars_Owned_-3 digit_Number_of_Cars_Owned_-2 digit_Number_of_Cars_Owned_-1 digit_Number_of_Cars_Owned_0 digit_Number_of_Cars_Owned_1 digit_Number_of_Cars_Owned_2 digit_Number_of_Cars_Owned_3 digit_Charging_Stations_Near_Home_-4 digit_Charging_Stations_Near_Home_-3 digit_Charging_Stations_Near_Home_-2 digit_Charging_Stations_Near_Home_-1 digit_Charging_Stations_Near_Home_0 digit_Charging_Stations_Near_Home_1 digit_Charging_Stations_Near_Home_2 digit_Charging_Stations_Near_Home_3 digit_Charging_Stations_Near_Work_-4 digit_Charging_Stations_Near_Work_-3 digit_Charging_Stations_Near_Work_-2 digit_Charging_Stations_Near_Work_-1 digit_Charging_Stations_Near_Work_0 digit_Charging_Stations_Near_Work_1 digit_Charging_Stations_Near_Work_2 digit_Charging_Stations_Near_Work_3 digit_Environmental_Concern_Level_-4 digit_Environmental_Concern_Level_-3 digit_Environmental_Concern_Level_-2 digit_Environmental_Concern_Level_-1 digit_Environmental_Concern_Level_0 digit_Environmental_Concern_Level_1 digit_Environmental_Concern_Level_2 digit_Environmental_Concern_Level_3 q_Annual_Income_USD_10 q_Annual_Income_USD_50 q_Annual_Income_USD_500 q_Annual_Income_USD_5000 cat_q_Annual_Income_USD_5000,SKa,0.946097,lgb,,,,,,,"HYPOTHESIS: LightGBM's categorical split (sorts levels by accumulated gradient/hessian, cuts the sorted order) is a lookup mechanism the numeric TE path lacks, and a coarse ladder key is cheap to test it on. MECHANISM: cat_cols=[q_Annual_Income_USD_5000], 32 levels, vocabulary built over train union test (unsupervised, not a leak per README section 3); LightGBM computes the categorical sort inside the fold. GATE: DeltaOOF vs FQ (0.946101) >= +0.0000949 reopens categoricals; watch best_iter for the F1/H2/H3/P3 displacement signature (collapse to 300-450) vs normal (~1000-1500) -- F1 (raw income, 13214 levels) measured -0.000999 with best_iter uncollapsed, so this rung locates whether the cost starts near-zero levels or only at high cardinality. Free Kaggle CPU screening, no slot spent."
ec6afd42,2026-09-18T01:46:59+00:00,59c22aae2715c1f84bc096f136df9924c4f7ff83,True,gcarno/s6e9-probe-skc,1.0,SKc: FQ + q_Annual_Income_USD_50 (2026 levels) as native LightGBM categorical,403.9,94.0,5,42,0.945772,0.000608,0.945759,0.94598,,experiments/preds/ec6afd42,823 1154 988 763 817,0.944755 0.945579 0.946593 0.946078 0.945855,42.0,"Annual_Income_USD,Daily_Commute_km,Age,q_Annual_Income_USD_10,q_Annual_Income_USD_50,q_Annual_Income_USD_500,q_Annual_Income_USD_5000",digit_Age_-4 digit_Age_-3 digit_Age_-2 digit_Age_-1 digit_Age_0 digit_Age_1 digit_Age_2 digit_Age_3 digit_Annual_Income_USD_-4 digit_Annual_Income_USD_-3 digit_Annual_Income_USD_-2 digit_Annual_Income_USD_-1 digit_Annual_Income_USD_0 digit_Annual_Income_USD_1 digit_Annual_Income_USD_2 digit_Annual_Income_USD_3 digit_Daily_Commute_km_-4 digit_Daily_Commute_km_-3 digit_Daily_Commute_km_-2 digit_Daily_Commute_km_-1 digit_Daily_Commute_km_0 digit_Daily_Commute_km_1 digit_Daily_Commute_km_2 digit_Daily_Commute_km_3 digit_Number_of_Cars_Owned_-4 digit_Number_of_Cars_Owned_-3 digit_Number_of_Cars_Owned_-2 digit_Number_of_Cars_Owned_-1 digit_Number_of_Cars_Owned_0 digit_Number_of_Cars_Owned_1 digit_Number_of_Cars_Owned_2 digit_Number_of_Cars_Owned_3 digit_Charging_Stations_Near_Home_-4 digit_Charging_Stations_Near_Home_-3 digit_Charging_Stations_Near_Home_-2 digit_Charging_Stations_Near_Home_-1 digit_Charging_Stations_Near_Home_0 digit_Charging_Stations_Near_Home_1 digit_Charging_Stations_Near_Home_2 digit_Charging_Stations_Near_Home_3 digit_Charging_Stations_Near_Work_-4 digit_Charging_Stations_Near_Work_-3 digit_Charging_Stations_Near_Work_-2 digit_Charging_Stations_Near_Work_-1 digit_Charging_Stations_Near_Work_0 digit_Charging_Stations_Near_Work_1 digit_Charging_Stations_Near_Work_2 digit_Charging_Stations_Near_Work_3 digit_Environmental_Concern_Level_-4 digit_Environmental_Concern_Level_-3 digit_Environmental_Concern_Level_-2 digit_Environmental_Concern_Level_-1 digit_Environmental_Concern_Level_0 digit_Environmental_Concern_Level_1 digit_Environmental_Concern_Level_2 digit_Environmental_Concern_Level_3 q_Annual_Income_USD_10 q_Annual_Income_USD_50 q_Annual_Income_USD_500 q_Annual_Income_USD_5000 cat_q_Annual_Income_USD_50,SKc,0.945759,lgb,,,,,,,"PHASE 20 SLOT 4, PRE-REGISTERED BEFORE SUBMISSION. SKc = FQ + q_Annual_Income_USD_50 (2,026 levels) as a native LightGBM categorical (cat_cols), the upper rung of a 3-point ladder (32/284/ 2,026 levels) built to locate F1's fatal cliff (raw income, 13,214 levels, -0.000999). Screened free on Kaggle CPU, full ladder now closed offline: SKa (32 lvl) Delta -0.000004 (null), SKb (284 lvl) Delta -0.000078, SKc (2,026 lvl) Delta -0.000342 -- a SMOOTH MONOTONE DECLINE with cardinality, not a cliff, and best_iter normal throughout (SKc: 823/1154/988/..., no collapse to 300-450) -- so this is information loss, not the F1/H2/H3/P3 displacement signature. Consistent with Phase 1c's structural finding that the per-value lookup is ALREADY FULLY EXTRACTED by the existing TE (residual variance ratios 0.68-0.88): handing the same identity to a second, coarser mechanism (the categorical split) only degrades LightGBM's split search, it does not recover anything the TE missed. SKc submitted (the widest-span, most informative rung) specifically to test whether a LARGE, no-displacement information loss still lands ON the calibration line the way the champion family and BARE/NE300 do (Phase 19 mechanism finding), or misses it -- which would mean best_iter's normality is misleading and something is displaced after all. PREDICTION: all-points line raw 0.94595, +family-style offset 0.94600; lean-line raw 0.94599. Both agree near 0.94600. A landing within ~1 sigma (0.000085) of that closes the categorical-identity axis outright, on top of closing it via OOF already; a miss by >2 sigma reopens the displacement question specifically for high-cardinality categoricals."
43db301d,2026-09-18T01:47:51+00:00,59c22aae2715c1f84bc096f136df9924c4f7ff83,True,gcarno/s6e9-probe-tex,,TEX: FQ + commute quantisation ladder added to te_cols -- Phase 15 X4's never-run TE key coverage lead,543.4,105.0,5,42,0.946128,0.000643,0.946122,0.94635,,experiments/preds/43db301d,1225 1394 1543 1061 1306,0.945114 0.945836 0.94704 0.946475 0.946172,42.0,"Annual_Income_USD,Daily_Commute_km,Age,q_Annual_Income_USD_10,q_Annual_Income_USD_50,q_Annual_Income_USD_500,q_Annual_Income_USD_5000,q_Daily_Commute_km_1,q_Daily_Commute_km_2,q_Daily_Commute_km_5,q_Daily_Commute_km_10",digit_Age_-4 digit_Age_-3 digit_Age_-2 digit_Age_-1 digit_Age_0 digit_Age_1 digit_Age_2 digit_Age_3 digit_Annual_Income_USD_-4 digit_Annual_Income_USD_-3 digit_Annual_Income_USD_-2 digit_Annual_Income_USD_-1 digit_Annual_Income_USD_0 digit_Annual_Income_USD_1 digit_Annual_Income_USD_2 digit_Annual_Income_USD_3 digit_Daily_Commute_km_-4 digit_Daily_Commute_km_-3 digit_Daily_Commute_km_-2 digit_Daily_Commute_km_-1 digit_Daily_Commute_km_0 digit_Daily_Commute_km_1 digit_Daily_Commute_km_2 digit_Daily_Commute_km_3 digit_Number_of_Cars_Owned_-4 digit_Number_of_Cars_Owned_-3 digit_Number_of_Cars_Owned_-2 digit_Number_of_Cars_Owned_-1 digit_Number_of_Cars_Owned_0 digit_Number_of_Cars_Owned_1 digit_Number_of_Cars_Owned_2 digit_Number_of_Cars_Owned_3 digit_Charging_Stations_Near_Home_-4 digit_Charging_Stations_Near_Home_-3 digit_Charging_Stations_Near_Home_-2 digit_Charging_Stations_Near_Home_-1 digit_Charging_Stations_Near_Home_0 digit_Charging_Stations_Near_Home_1 digit_Charging_Stations_Near_Home_2 digit_Charging_Stations_Near_Home_3 digit_Charging_Stations_Near_Work_-4 digit_Charging_Stations_Near_Work_-3 digit_Charging_Stations_Near_Work_-2 digit_Charging_Stations_Near_Work_-1 digit_Charging_Stations_Near_Work_0 digit_Charging_Stations_Near_Work_1 digit_Charging_Stations_Near_Work_2 digit_Charging_Stations_Near_Work_3 digit_Environmental_Concern_Level_-4 digit_Environmental_Concern_Level_-3 digit_Environmental_Concern_Level_-2 digit_Environmental_Concern_Level_-1 digit_Environmental_Concern_Level_0 digit_Environmental_Concern_Level_1 digit_Environmental_Concern_Level_2 digit_Environmental_Concern_Level_3 q_Annual_Income_USD_10 q_Annual_Income_USD_50 q_Annual_Income_USD_500 q_Annual_Income_USD_5000 q_Daily_Commute_km_1 q_Daily_Commute_km_2 q_Daily_Commute_km_5 q_Daily_Commute_km_10,TEX,0.946122,lgb,,,,,,,"PHASE 20 SLOT 3, PRE-REGISTERED BEFORE SUBMISSION. TEX = FQ + commute quantisation ladder (fe_quant_divisors_by_col: Daily_Commute_km -> [1,2,5,10], giving 89/47/19/9 levels vs the degenerate global-ladder 10/2/1/1) added to te_cols as 4 new q_Daily_Commute_km_* per-value TE keys. Phase 15 X4's named-and-never-run lead: the frontier's ~61-key TE coverage vs our 7 keys. Screened free on Kaggle CPU: OOF 0.946122, Delta +0.000021 vs FQ (0.946101) -- a near-twin, BELOW the +0.0000949 reopening gate. SUBMITTED ANYWAY per the plan: Phase 19's informational value came from rungs that scored WORSE than the champion too, read against a calibration line, not only from rungs that cleared a gate. PREDICTION: all-points line (n=45, slope 1.0248, intercept -0.02326, sigma 0.000085) gives raw 0.94633; plus the champion-family mean offset (+0.000042) -> 0.94637. Near-twin pair vs FQ, so the informative read is the delta: predicted +0.00002, within the near-twin paired SD (~0.00003, F2-vs-E1 class) of a wash. VERDICT IF SETTLED: >=+0.00003 keeps commute-ladder coverage as a live lead for a future TEX2 (extend to Age too); <=0.94635 closes Phase 15 X4's last named lead for good, alongside SKa/b/c below."
dad8253f,2026-09-18T01:47:52+00:00,59c22aae2715c1f84bc096f136df9924c4f7ff83,True,gcarno/s6e9-probe-tex,1.0,TEX: FQ + commute quantisation ladder added to te_cols -- Phase 15 X4's never-run TE key coverage lead,543.4,105.0,5,42,0.946128,0.000643,0.946122,0.94635,,experiments/preds/dad8253f,1225 1394 1543 1061 1306,0.945114 0.945836 0.94704 0.946475 0.946172,42.0,"Annual_Income_USD,Daily_Commute_km,Age,q_Annual_Income_USD_10,q_Annual_Income_USD_50,q_Annual_Income_USD_500,q_Annual_Income_USD_5000,q_Daily_Commute_km_1,q_Daily_Commute_km_2,q_Daily_Commute_km_5,q_Daily_Commute_km_10",digit_Age_-4 digit_Age_-3 digit_Age_-2 digit_Age_-1 digit_Age_0 digit_Age_1 digit_Age_2 digit_Age_3 digit_Annual_Income_USD_-4 digit_Annual_Income_USD_-3 digit_Annual_Income_USD_-2 digit_Annual_Income_USD_-1 digit_Annual_Income_USD_0 digit_Annual_Income_USD_1 digit_Annual_Income_USD_2 digit_Annual_Income_USD_3 digit_Daily_Commute_km_-4 digit_Daily_Commute_km_-3 digit_Daily_Commute_km_-2 digit_Daily_Commute_km_-1 digit_Daily_Commute_km_0 digit_Daily_Commute_km_1 digit_Daily_Commute_km_2 digit_Daily_Commute_km_3 digit_Number_of_Cars_Owned_-4 digit_Number_of_Cars_Owned_-3 digit_Number_of_Cars_Owned_-2 digit_Number_of_Cars_Owned_-1 digit_Number_of_Cars_Owned_0 digit_Number_of_Cars_Owned_1 digit_Number_of_Cars_Owned_2 digit_Number_of_Cars_Owned_3 digit_Charging_Stations_Near_Home_-4 digit_Charging_Stations_Near_Home_-3 digit_Charging_Stations_Near_Home_-2 digit_Charging_Stations_Near_Home_-1 digit_Charging_Stations_Near_Home_0 digit_Charging_Stations_Near_Home_1 digit_Charging_Stations_Near_Home_2 digit_Charging_Stations_Near_Home_3 digit_Charging_Stations_Near_Work_-4 digit_Charging_Stations_Near_Work_-3 digit_Charging_Stations_Near_Work_-2 digit_Charging_Stations_Near_Work_-1 digit_Charging_Stations_Near_Work_0 digit_Charging_Stations_Near_Work_1 digit_Charging_Stations_Near_Work_2 digit_Charging_Stations_Near_Work_3 digit_Environmental_Concern_Level_-4 digit_Environmental_Concern_Level_-3 digit_Environmental_Concern_Level_-2 digit_Environmental_Concern_Level_-1 digit_Environmental_Concern_Level_0 digit_Environmental_Concern_Level_1 digit_Environmental_Concern_Level_2 digit_Environmental_Concern_Level_3 q_Annual_Income_USD_10 q_Annual_Income_USD_50 q_Annual_Income_USD_500 q_Annual_Income_USD_5000 q_Daily_Commute_km_1 q_Daily_Commute_km_2 q_Daily_Commute_km_5 q_Daily_Commute_km_10,TEX,0.946122,lgb,,,,,,,"HYPOTHESIS: the frontier's ~61-key TE coverage vs our 7 keys is the residual gap Phase 15 X4 named and never tested. MECHANISM: fe_quant_divisors_by_col overrides Daily_Commute_km's ladder to [1,2,5,10] (10/47/19/9 levels vs income's degenerate 10/2/1/1 under the global divisors), those 4 new q_Daily_Commute_km_* columns added to te_cols. GATE: DeltaOOF vs FQ (0.946101) >= +0.0000949 reopens the axis; between 0 and gate is a near-twin; <= -0.00005 closes the last Phase 15 lead. Free Kaggle CPU screening, no slot spent."
d38d5c54,2026-09-18T01:49:00+00:00,59c22aae2715c1f84bc096f136df9924c4f7ff83,True,gcarno/s6e9-probe-skb,1.0,SKb: FQ + q_Annual_Income_USD_500 (284 levels) as native LightGBM categorical,538.1,94.0,5,42,0.946028,0.000611,0.946023,,,experiments/preds/d38d5c54,1142 1201 1120 1127 1335,0.945019 0.945814 0.946872 0.946315 0.946121,42.0,"Annual_Income_USD,Daily_Commute_km,Age,q_Annual_Income_USD_10,q_Annual_Income_USD_50,q_Annual_Income_USD_500,q_Annual_Income_USD_5000",digit_Age_-4 digit_Age_-3 digit_Age_-2 digit_Age_-1 digit_Age_0 digit_Age_1 digit_Age_2 digit_Age_3 digit_Annual_Income_USD_-4 digit_Annual_Income_USD_-3 digit_Annual_Income_USD_-2 digit_Annual_Income_USD_-1 digit_Annual_Income_USD_0 digit_Annual_Income_USD_1 digit_Annual_Income_USD_2 digit_Annual_Income_USD_3 digit_Daily_Commute_km_-4 digit_Daily_Commute_km_-3 digit_Daily_Commute_km_-2 digit_Daily_Commute_km_-1 digit_Daily_Commute_km_0 digit_Daily_Commute_km_1 digit_Daily_Commute_km_2 digit_Daily_Commute_km_3 digit_Number_of_Cars_Owned_-4 digit_Number_of_Cars_Owned_-3 digit_Number_of_Cars_Owned_-2 digit_Number_of_Cars_Owned_-1 digit_Number_of_Cars_Owned_0 digit_Number_of_Cars_Owned_1 digit_Number_of_Cars_Owned_2 digit_Number_of_Cars_Owned_3 digit_Charging_Stations_Near_Home_-4 digit_Charging_Stations_Near_Home_-3 digit_Charging_Stations_Near_Home_-2 digit_Charging_Stations_Near_Home_-1 digit_Charging_Stations_Near_Home_0 digit_Charging_Stations_Near_Home_1 digit_Charging_Stations_Near_Home_2 digit_Charging_Stations_Near_Home_3 digit_Charging_Stations_Near_Work_-4 digit_Charging_Stations_Near_Work_-3 digit_Charging_Stations_Near_Work_-2 digit_Charging_Stations_Near_Work_-1 digit_Charging_Stations_Near_Work_0 digit_Charging_Stations_Near_Work_1 digit_Charging_Stations_Near_Work_2 digit_Charging_Stations_Near_Work_3 digit_Environmental_Concern_Level_-4 digit_Environmental_Concern_Level_-3 digit_Environmental_Concern_Level_-2 digit_Environmental_Concern_Level_-1 digit_Environmental_Concern_Level_0 digit_Environmental_Concern_Level_1 digit_Environmental_Concern_Level_2 digit_Environmental_Concern_Level_3 q_Annual_Income_USD_10 q_Annual_Income_USD_50 q_Annual_Income_USD_500 q_Annual_Income_USD_5000 cat_q_Annual_Income_USD_500,SKb,0.946023,lgb,,,,,,,"HYPOTHESIS/MECHANISM: middle rung of the SK ladder (32/284/2026 levels), between SKa and SKc, locating whether F1's -0.000999 cost (13214 levels) is a cliff or a gradient. GATE: same three bands vs FQ (0.946101) as SKa. Watch best_iter for displacement (collapse to 300-450 = F1/H2/H3/P3 signature; normal ~1000-1500 = information loss only). Free Kaggle CPU screening, no slot spent."
67c48e45,2026-09-18T01:49:17+00:00,59c22aae2715c1f84bc096f136df9924c4f7ff83,True,gcarno/s6e9-probe-ts2,1.0,"TS2: FQ + te_multi_smooth strengthened to [2,10,auto] -- untested strengthening side of Phase 19 mechanism 2",548.7,100.0,5,42,0.946069,0.000648,0.946063,0.94628,,experiments/preds/67c48e45,1074 1629 1112 981 1430,0.945026 0.945816 0.946983 0.946395 0.946124,42.0,"Annual_Income_USD,Daily_Commute_km,Age,q_Annual_Income_USD_10,q_Annual_Income_USD_50,q_Annual_Income_USD_500,q_Annual_Income_USD_5000",digit_Age_-4 digit_Age_-3 digit_Age_-2 digit_Age_-1 digit_Age_0 digit_Age_1 digit_Age_2 digit_Age_3 digit_Annual_Income_USD_-4 digit_Annual_Income_USD_-3 digit_Annual_Income_USD_-2 digit_Annual_Income_USD_-1 digit_Annual_Income_USD_0 digit_Annual_Income_USD_1 digit_Annual_Income_USD_2 digit_Annual_Income_USD_3 digit_Daily_Commute_km_-4 digit_Daily_Commute_km_-3 digit_Daily_Commute_km_-2 digit_Daily_Commute_km_-1 digit_Daily_Commute_km_0 digit_Daily_Commute_km_1 digit_Daily_Commute_km_2 digit_Daily_Commute_km_3 digit_Number_of_Cars_Owned_-4 digit_Number_of_Cars_Owned_-3 digit_Number_of_Cars_Owned_-2 digit_Number_of_Cars_Owned_-1 digit_Number_of_Cars_Owned_0 digit_Number_of_Cars_Owned_1 digit_Number_of_Cars_Owned_2 digit_Number_of_Cars_Owned_3 digit_Charging_Stations_Near_Home_-4 digit_Charging_Stations_Near_Home_-3 digit_Charging_Stations_Near_Home_-2 digit_Charging_Stations_Near_Home_-1 digit_Charging_Stations_Near_Home_0 digit_Charging_Stations_Near_Home_1 digit_Charging_Stations_Near_Home_2 digit_Charging_Stations_Near_Home_3 digit_Charging_Stations_Near_Work_-4 digit_Charging_Stations_Near_Work_-3 digit_Charging_Stations_Near_Work_-2 digit_Charging_Stations_Near_Work_-1 digit_Charging_Stations_Near_Work_0 digit_Charging_Stations_Near_Work_1 digit_Charging_Stations_Near_Work_2 digit_Charging_Stations_Near_Work_3 digit_Environmental_Concern_Level_-4 digit_Environmental_Concern_Level_-3 digit_Environmental_Concern_Level_-2 digit_Environmental_Concern_Level_-1 digit_Environmental_Concern_Level_0 digit_Environmental_Concern_Level_1 digit_Environmental_Concern_Level_2 digit_Environmental_Concern_Level_3 q_Annual_Income_USD_10 q_Annual_Income_USD_50 q_Annual_Income_USD_500 q_Annual_Income_USD_5000,TS2,0.946063,lgb,,,,,,,"PHASE 20 SLOT 5, PRE-REGISTERED BEFORE SUBMISSION. TS2 = FQ + te_multi_smooth strengthened from [10,'auto'] to [2,10,'auto'] -- the untested STRENGTHENING side of Phase 19's mechanism 2. Phase 19 found a WEAKENED per-value TE (TS100b: te_multi_smooth->[100]; NOTE: te_cols emptied) costs LB MORE than its own OOF predicts -- both land 2.2-2.7 sigma below the lean calibration line, the worst residuals of any non-fe_recipe_score group. The strengthening direction has never been run on the champion base, and C2 (te_smooth 20->5, +0.000487 OOF, Phase 1c) showed that direction has paid before on this same lookup. Screened free on Kaggle CPU: OOF 0.946063, Delta -0.000038 vs FQ -- at the seed-noise floor, essentially a null on OOF, best_iter normal (1074/1629/1112/981/1430). SUBMITTED as a DIRECTIONAL test, not an OOF-gated one: mechanism 2 predicts TS2 should land ON the lean calibration line (like the champion family, -0.00001 to -0.00009) precisely BECAUSE it strengthens rather than weakens the encoder, regardless of its near-zero OOF delta -- a weakened TE at the same OOF distance from FQ would be expected to miss by 2+ sigma per Phase 19. PREDICTION: all-points line raw 0.94627, +family offset 0.94631; lean-line raw 0.94632. Landing within ~1 sigma of ~0.94631 confirms mechanism 2's directionality (strength, not magnitude of change, drives the miss); landing 2+ sigma below reopens mechanism 2 as still poorly understood."
b5a318cf,2026-09-18T01:53:57+00:00,59c22aae2715c1f84bc096f136df9924c4f7ff83,,stack,,"logit stack, 8 legs, C=0.1",,,5,42,,,0.946178,0.94634,,experiments/preds/b5a318cf,,,,,,logit_stack,,,,,,,,,"PHASE 21 SLOT 1, PRE-REGISTERED BEFORE SUBMISSION. Fitted 8-leg TEX stack (pool.json: E1/E4/E4d/F2/E2/D2/R0/TEX), OOF 0.946178, TEX's own fitted weight 1.919 -- the largest in the pool's history, a strong single-leg signal not stack-inflation. Phase 20 lead (4): parked, never submitted, unresolved against the ADD gate (TEX's own solo promotion made this stack's ADD contribution untested on the board). PREDICTION: raw all-points line (fit2, n=55, slope 1.0227, intercept -0.02131, sigma 0.000100) gives 0.94635; raw rich-subset line (fit3, n=24, slope 0.9974, intercept 0.00262, sigma 0.000061) gives 0.94634. Historical stack-penalty band (7-leg -0.00018, 8-leg -0.00019, 9-leg -0.00023, B6 equal-weight ~-0.00005) puts the honest expectation at 0.94620-0.94634. GATE: >0.94635 (TEX's own LB) promotes the stack and answers lead (4) affirmatively; <=0.94634 confirms the stack-penalty reading and every prior ADD gate refusal (Phase 15's 9-leg inversion, Phase 16b's 8-leg wash)."
9daece89,2026-09-19T00:49:32+00:00,3ae30b94e4001fe0641538cc6a74d0eba782d036,False,gcarno/s6e9-probe-texc,1,TEXC: TEX + per-value TE on the 4 columns with no supervised key at all,470.0,113,5,42,0.946109,0.000645,0.946101,0.94635,,experiments/preds/9daece89,1185 1600 1293 844 1170,0.94509 0.945828 0.947033 0.946436 0.946159,42,"Annual_Income_USD,Daily_Commute_km,Age,q_Annual_Income_USD_10,q_Annual_Income_USD_50,q_Annual_Income_USD_500,q_Annual_Income_USD_5000,q_Daily_Commute_km_1,q_Daily_Commute_km_2,q_Daily_Commute_km_5,q_Daily_Commute_km_10,Environmental_Concern_Level,Charging_Stations_Near_Home,Charging_Stations_Near_Work,Number_of_Cars_Owned",digit_Age_-4 digit_Age_-3 digit_Age_-2 digit_Age_-1 digit_Age_0 digit_Age_1 digit_Age_2 digit_Age_3 digit_Annual_Income_USD_-4 digit_Annual_Income_USD_-3 digit_Annual_Income_USD_-2 digit_Annual_Income_USD_-1 digit_Annual_Income_USD_0 digit_Annual_Income_USD_1 digit_Annual_Income_USD_2 digit_Annual_Income_USD_3 digit_Daily_Commute_km_-4 digit_Daily_Commute_km_-3 digit_Daily_Commute_km_-2 digit_Daily_Commute_km_-1 digit_Daily_Commute_km_0 digit_Daily_Commute_km_1 digit_Daily_Commute_km_2 digit_Daily_Commute_km_3 digit_Number_of_Cars_Owned_-4 digit_Number_of_Cars_Owned_-3 digit_Number_of_Cars_Owned_-2 digit_Number_of_Cars_Owned_-1 digit_Number_of_Cars_Owned_0 digit_Number_of_Cars_Owned_1 digit_Number_of_Cars_Owned_2 digit_Number_of_Cars_Owned_3 digit_Charging_Stations_Near_Home_-4 digit_Charging_Stations_Near_Home_-3 digit_Charging_Stations_Near_Home_-2 digit_Charging_Stations_Near_Home_-1 digit_Charging_Stations_Near_Home_0 digit_Charging_Stations_Near_Home_1 digit_Charging_Stations_Near_Home_2 digit_Charging_Stations_Near_Home_3 digit_Charging_Stations_Near_Work_-4 digit_Charging_Stations_Near_Work_-3 digit_Charging_Stations_Near_Work_-2 digit_Charging_Stations_Near_Work_-1 digit_Charging_Stations_Near_Work_0 digit_Charging_Stations_Near_Work_1 digit_Charging_Stations_Near_Work_2 digit_Charging_Stations_Near_Work_3 digit_Environmental_Concern_Level_-4 digit_Environmental_Concern_Level_-3 digit_Environmental_Concern_Level_-2 digit_Environmental_Concern_Level_-1 digit_Environmental_Concern_Level_0 digit_Environmental_Concern_Level_1 digit_Environmental_Concern_Level_2 digit_Environmental_Concern_Level_3 q_Annual_Income_USD_10 q_Annual_Income_USD_50 q_Annual_Income_USD_500 q_Annual_Income_USD_5000 q_Daily_Commute_km_1 q_Daily_Commute_km_2 q_Daily_Commute_km_5 q_Daily_Commute_km_10,TEXC,0.946101,lgb,,,,,,,"PHASE 21 SLOT, PRE-REGISTERED BEFORE SUBMISSION. TEXC = TEX + per-value TE added for the 4 columns with no supervised key at all (Environmental_Concern_Level, Charging_Stations_Near_Home, Charging_Stations_Near_Work, Number_of_Cars_Owned) -- the widest remaining coverage gap, and Phase 6's SHAP flagged real non-monotonic structure in 3 of the 4. RESULT (screened free): OOF 0.946101, delta -0.000021 vs TEX (0.946122) -- a null, best_iter normal (844-1600), no displacement -- confirms Phase 1c's C7 (TE on all 7 numerics, -0.000075 on the 16-feature E1 base) transfers to TEX's 105-feature representation: low-cardinality per-value structure is already captured by native tree splits, an explicit key is redundant. NOT a champion candidate. PREDICTION: fit2 raw 0.94627, fit3 raw 0.94626; champion-family-adjusted 0.94629-0.94631. PURPOSE: closes the low-cardinality coverage axis for good; one of 3 coverage instrument points feeding the Phase 21 bias-check."
c924bc0a,2026-09-19T00:51:06+00:00,3ae30b94e4001fe0641538cc6a74d0eba782d036,False,gcarno/s6e9-probe-tex2,1,"TEX2: TEX + Age quantisation ladder ([2,5,10]) added to te_cols",635.7,114,5,42,0.946116,0.000647,0.946109,0.94635,,experiments/preds/c924bc0a,1279 1440 1445 1119 1342,0.945077 0.945855 0.94701 0.946493 0.946144,42,"Annual_Income_USD,Daily_Commute_km,Age,q_Annual_Income_USD_10,q_Annual_Income_USD_50,q_Annual_Income_USD_500,q_Annual_Income_USD_5000,q_Daily_Commute_km_1,q_Daily_Commute_km_2,q_Daily_Commute_km_5,q_Daily_Commute_km_10,q_Age_2,q_Age_5,q_Age_10",digit_Age_-4 digit_Age_-3 digit_Age_-2 digit_Age_-1 digit_Age_0 digit_Age_1 digit_Age_2 digit_Age_3 digit_Annual_Income_USD_-4 digit_Annual_Income_USD_-3 digit_Annual_Income_USD_-2 digit_Annual_Income_USD_-1 digit_Annual_Income_USD_0 digit_Annual_Income_USD_1 digit_Annual_Income_USD_2 digit_Annual_Income_USD_3 digit_Daily_Commute_km_-4 digit_Daily_Commute_km_-3 digit_Daily_Commute_km_-2 digit_Daily_Commute_km_-1 digit_Daily_Commute_km_0 digit_Daily_Commute_km_1 digit_Daily_Commute_km_2 digit_Daily_Commute_km_3 digit_Number_of_Cars_Owned_-4 digit_Number_of_Cars_Owned_-3 digit_Number_of_Cars_Owned_-2 digit_Number_of_Cars_Owned_-1 digit_Number_of_Cars_Owned_0 digit_Number_of_Cars_Owned_1 digit_Number_of_Cars_Owned_2 digit_Number_of_Cars_Owned_3 digit_Charging_Stations_Near_Home_-4 digit_Charging_Stations_Near_Home_-3 digit_Charging_Stations_Near_Home_-2 digit_Charging_Stations_Near_Home_-1 digit_Charging_Stations_Near_Home_0 digit_Charging_Stations_Near_Home_1 digit_Charging_Stations_Near_Home_2 digit_Charging_Stations_Near_Home_3 digit_Charging_Stations_Near_Work_-4 digit_Charging_Stations_Near_Work_-3 digit_Charging_Stations_Near_Work_-2 digit_Charging_Stations_Near_Work_-1 digit_Charging_Stations_Near_Work_0 digit_Charging_Stations_Near_Work_1 digit_Charging_Stations_Near_Work_2 digit_Charging_Stations_Near_Work_3 digit_Environmental_Concern_Level_-4 digit_Environmental_Concern_Level_-3 digit_Environmental_Concern_Level_-2 digit_Environmental_Concern_Level_-1 digit_Environmental_Concern_Level_0 digit_Environmental_Concern_Level_1 digit_Environmental_Concern_Level_2 digit_Environmental_Concern_Level_3 q_Annual_Income_USD_10 q_Annual_Income_USD_50 q_Annual_Income_USD_500 q_Annual_Income_USD_5000 q_Daily_Commute_km_1 q_Daily_Commute_km_2 q_Daily_Commute_km_5 q_Daily_Commute_km_10 q_Age_2 q_Age_5 q_Age_10,TEX2,0.946109,lgb,,,,,,,"PHASE 21 SLOT, PRE-REGISTERED BEFORE SUBMISSION. TEX2 = TEX + Age quantisation ladder ([2,5,10], 23/9/5 levels) added to te_cols as 3 new q_Age_* per-value TE keys -- testing whether Phase 20's commute-ladder coverage win (TEX, +0.000021 OOF vs FQ) generalizes to a second column. RESULT (screened free): OOF 0.946109, delta -0.000013 vs TEX (0.946122) -- a null inside the 0.000038 seed floor, best_iter normal (1119-1445), so this is not displacement, just no information gain. NOT a champion candidate. PREDICTION: fit2 raw 0.94628, fit3 raw 0.94627; champion-family offset (TEX's own residual +0.00003 to +0.00005) puts the honest expectation at 0.94630-0.94632, i.e. below TEX's actual 0.94635. PURPOSE: one of 3 coverage-axis instrument points bought tonight to (a) close the 'coverage generalizes to any column' hypothesis for good and (b) contribute a paired point to the Phase 21 10-point bias-check (Stage 3: is the 0.00001-0.00008-below-prediction pattern in 3 of Phase 20's 5 slots a real bias or just the line's own sigma)."
ad44e7d4,2026-09-19T00:51:12+00:00,3ae30b94e4001fe0641538cc6a74d0eba782d036,False,gcarno/s6e9-probe-txwc,1,TXWC: TEX + centred-window encoder extended from income-only to income+commute,635.0,111,5,42,0.946116,0.000639,0.946111,,,experiments/preds/ad44e7d4,1176 1472 1186 1022 1329,0.945072 0.945877 0.946994 0.946467 0.946171,42,"Annual_Income_USD,Daily_Commute_km,Age,q_Annual_Income_USD_10,q_Annual_Income_USD_50,q_Annual_Income_USD_500,q_Annual_Income_USD_5000,q_Daily_Commute_km_1,q_Daily_Commute_km_2,q_Daily_Commute_km_5,q_Daily_Commute_km_10",digit_Age_-4 digit_Age_-3 digit_Age_-2 digit_Age_-1 digit_Age_0 digit_Age_1 digit_Age_2 digit_Age_3 digit_Annual_Income_USD_-4 digit_Annual_Income_USD_-3 digit_Annual_Income_USD_-2 digit_Annual_Income_USD_-1 digit_Annual_Income_USD_0 digit_Annual_Income_USD_1 digit_Annual_Income_USD_2 digit_Annual_Income_USD_3 digit_Daily_Commute_km_-4 digit_Daily_Commute_km_-3 digit_Daily_Commute_km_-2 digit_Daily_Commute_km_-1 digit_Daily_Commute_km_0 digit_Daily_Commute_km_1 digit_Daily_Commute_km_2 digit_Daily_Commute_km_3 digit_Number_of_Cars_Owned_-4 digit_Number_of_Cars_Owned_-3 digit_Number_of_Cars_Owned_-2 digit_Number_of_Cars_Owned_-1 digit_Number_of_Cars_Owned_0 digit_Number_of_Cars_Owned_1 digit_Number_of_Cars_Owned_2 digit_Number_of_Cars_Owned_3 digit_Charging_Stations_Near_Home_-4 digit_Charging_Stations_Near_Home_-3 digit_Charging_Stations_Near_Home_-2 digit_Charging_Stations_Near_Home_-1 digit_Charging_Stations_Near_Home_0 digit_Charging_Stations_Near_Home_1 digit_Charging_Stations_Near_Home_2 digit_Charging_Stations_Near_Home_3 digit_Charging_Stations_Near_Work_-4 digit_Charging_Stations_Near_Work_-3 digit_Charging_Stations_Near_Work_-2 digit_Charging_Stations_Near_Work_-1 digit_Charging_Stations_Near_Work_0 digit_Charging_Stations_Near_Work_1 digit_Charging_Stations_Near_Work_2 digit_Charging_Stations_Near_Work_3 digit_Environmental_Concern_Level_-4 digit_Environmental_Concern_Level_-3 digit_Environmental_Concern_Level_-2 digit_Environmental_Concern_Level_-1 digit_Environmental_Concern_Level_0 digit_Environmental_Concern_Level_1 digit_Environmental_Concern_Level_2 digit_Environmental_Concern_Level_3 q_Annual_Income_USD_10 q_Annual_Income_USD_50 q_Annual_Income_USD_500 q_Annual_Income_USD_5000 q_Daily_Commute_km_1 q_Daily_Commute_km_2 q_Daily_Commute_km_5 q_Daily_Commute_km_10,TXWC,0.946111,lgb,,,,,,,"HYPOTHESIS: the window encoder (te_window_cols) has only ever run on Annual_Income_USD across Phases 14-20; the coverage axis Phase 20 just proved real for the quantisation ladder and per-value TE may also apply to the window encoder. MECHANISM: a centred multi-radius neighbour-pooled rate cuts the per-value SE the same way for any numeric column with enough rows/value; commute has 805 distinct values over 668k rows, comparable density to income. Default radii [2,5,10,25,50,200] are income-scaled (dollars) and will be coarse in commute's 5.0-98.7 km range -- accepted for wave 1, to be refined with column-appropriate radii in a wave-2 probe if this moves. GATE: +0.0000949 OOF over TEX (0.946122) -> need OOF >= 0.946217. Screened free on Kaggle CPU, no slot spent."
98f5bf60,2026-09-19T00:51:17+00:00,3ae30b94e4001fe0641538cc6a74d0eba782d036,False,gcarno/s6e9-probe-txwa,1,TXWA: TEX + centred-window encoder extended from income-only to income+age,594.3,111,5,42,0.946105,0.000649,0.946099,0.94636,,experiments/preds/98f5bf60,1098 1505 1258 1115 1288,0.945056 0.945834 0.946995 0.946477 0.946161,42,"Annual_Income_USD,Daily_Commute_km,Age,q_Annual_Income_USD_10,q_Annual_Income_USD_50,q_Annual_Income_USD_500,q_Annual_Income_USD_5000,q_Daily_Commute_km_1,q_Daily_Commute_km_2,q_Daily_Commute_km_5,q_Daily_Commute_km_10",digit_Age_-4 digit_Age_-3 digit_Age_-2 digit_Age_-1 digit_Age_0 digit_Age_1 digit_Age_2 digit_Age_3 digit_Annual_Income_USD_-4 digit_Annual_Income_USD_-3 digit_Annual_Income_USD_-2 digit_Annual_Income_USD_-1 digit_Annual_Income_USD_0 digit_Annual_Income_USD_1 digit_Annual_Income_USD_2 digit_Annual_Income_USD_3 digit_Daily_Commute_km_-4 digit_Daily_Commute_km_-3 digit_Daily_Commute_km_-2 digit_Daily_Commute_km_-1 digit_Daily_Commute_km_0 digit_Daily_Commute_km_1 digit_Daily_Commute_km_2 digit_Daily_Commute_km_3 digit_Number_of_Cars_Owned_-4 digit_Number_of_Cars_Owned_-3 digit_Number_of_Cars_Owned_-2 digit_Number_of_Cars_Owned_-1 digit_Number_of_Cars_Owned_0 digit_Number_of_Cars_Owned_1 digit_Number_of_Cars_Owned_2 digit_Number_of_Cars_Owned_3 digit_Charging_Stations_Near_Home_-4 digit_Charging_Stations_Near_Home_-3 digit_Charging_Stations_Near_Home_-2 digit_Charging_Stations_Near_Home_-1 digit_Charging_Stations_Near_Home_0 digit_Charging_Stations_Near_Home_1 digit_Charging_Stations_Near_Home_2 digit_Charging_Stations_Near_Home_3 digit_Charging_Stations_Near_Work_-4 digit_Charging_Stations_Near_Work_-3 digit_Charging_Stations_Near_Work_-2 digit_Charging_Stations_Near_Work_-1 digit_Charging_Stations_Near_Work_0 digit_Charging_Stations_Near_Work_1 digit_Charging_Stations_Near_Work_2 digit_Charging_Stations_Near_Work_3 digit_Environmental_Concern_Level_-4 digit_Environmental_Concern_Level_-3 digit_Environmental_Concern_Level_-2 digit_Environmental_Concern_Level_-1 digit_Environmental_Concern_Level_0 digit_Environmental_Concern_Level_1 digit_Environmental_Concern_Level_2 digit_Environmental_Concern_Level_3 q_Annual_Income_USD_10 q_Annual_Income_USD_50 q_Annual_Income_USD_500 q_Annual_Income_USD_5000 q_Daily_Commute_km_1 q_Daily_Commute_km_2 q_Daily_Commute_km_5 q_Daily_Commute_km_10,TXWA,0.946099,lgb,,,,,,,"PHASE 21 SLOT, PRE-REGISTERED BEFORE SUBMISSION. TXWA = TEX + centred-window encoder (te_window_cols) extended from income-only to income+Age, default radii [2,5,10,25,50,200] (saturating past r=25 given Age's 25-69 range -- itself informative if flat). RESULT (screened free): OOF 0.946099, delta -0.000023 vs TEX (0.946122) -- a null near the 0.000038 seed floor, best_iter normal (1098-1505). NOT a champion candidate. PREDICTION: fit2 raw 0.94627, fit3 raw 0.94626; champion-family-adjusted expectation 0.94629-0.94631. PURPOSE: closes the window-encoder coverage question for Age (Phase 6's SHAP flagged Age-adjacent non-monotonic structure only weakly, unlike Charging_Stations_Near_Home/Work); one of 3 coverage instrument points feeding the Phase 21 bias-check."
1b80818a,2026-09-19T00:52:02+00:00,3ae30b94e4001fe0641538cc6a74d0eba782d036,False,gcarno/s6e9-probe-texf,1,TEXF: TEX + WQ2's freq_cols/freq_digit_cols blocks restored,664.9,166,5,42,0.94613,0.00065,0.946125,0.94637,,experiments/preds/1b80818a,1168 1312 1506 1037 1352,0.945097 0.945853 0.947048 0.946477 0.946176,42,"Annual_Income_USD,Daily_Commute_km,Age,q_Annual_Income_USD_10,q_Annual_Income_USD_50,q_Annual_Income_USD_500,q_Annual_Income_USD_5000,q_Daily_Commute_km_1,q_Daily_Commute_km_2,q_Daily_Commute_km_5,q_Daily_Commute_km_10",freq_Age freq_Annual_Income_USD freq_Daily_Commute_km freq_Number_of_Cars_Owned freq_Charging_Stations_Near_Home freq_Charging_Stations_Near_Work freq_Environmental_Concern_Level freq_Gender freq_City_Type freq_Current_Car_Type freq_Home_Charging_Possible freq_Subsidy_Available freq_Range_Anxiety_Level digit_Age_-4 digit_Age_-3 digit_Age_-2 digit_Age_-1 digit_Age_0 digit_Age_1 digit_Age_2 digit_Age_3 digit_Annual_Income_USD_-4 digit_Annual_Income_USD_-3 digit_Annual_Income_USD_-2 digit_Annual_Income_USD_-1 digit_Annual_Income_USD_0 digit_Annual_Income_USD_1 digit_Annual_Income_USD_2 digit_Annual_Income_USD_3 digit_Daily_Commute_km_-4 digit_Daily_Commute_km_-3 digit_Daily_Commute_km_-2 digit_Daily_Commute_km_-1 digit_Daily_Commute_km_0 digit_Daily_Commute_km_1 digit_Daily_Commute_km_2 digit_Daily_Commute_km_3 digit_Number_of_Cars_Owned_-4 digit_Number_of_Cars_Owned_-3 digit_Number_of_Cars_Owned_-2 digit_Number_of_Cars_Owned_-1 digit_Number_of_Cars_Owned_0 digit_Number_of_Cars_Owned_1 digit_Number_of_Cars_Owned_2 digit_Number_of_Cars_Owned_3 digit_Charging_Stations_Near_Home_-4 digit_Charging_Stations_Near_Home_-3 digit_Charging_Stations_Near_Home_-2 digit_Charging_Stations_Near_Home_-1 digit_Charging_Stations_Near_Home_0 digit_Charging_Stations_Near_Home_1 digit_Charging_Stations_Near_Home_2 digit_Charging_Stations_Near_Home_3 digit_Charging_Stations_Near_Work_-4 digit_Charging_Stations_Near_Work_-3 digit_Charging_Stations_Near_Work_-2 digit_Charging_Stations_Near_Work_-1 digit_Charging_Stations_Near_Work_0 digit_Charging_Stations_Near_Work_1 digit_Charging_Stations_Near_Work_2 digit_Charging_Stations_Near_Work_3 digit_Environmental_Concern_Level_-4 digit_Environmental_Concern_Level_-3 digit_Environmental_Concern_Level_-2 digit_Environmental_Concern_Level_-1 digit_Environmental_Concern_Level_0 digit_Environmental_Concern_Level_1 digit_Environmental_Concern_Level_2 digit_Environmental_Concern_Level_3 freqdig_Age_-4 freqdig_Age_-3 freqdig_Age_-2 freqdig_Age_-1 freqdig_Age_0 freqdig_Age_1 freqdig_Age_2 freqdig_Age_3 freqdig_Annual_Income_USD_-4 freqdig_Annual_Income_USD_-3 freqdig_Annual_Income_USD_-2 freqdig_Annual_Income_USD_-1 freqdig_Annual_Income_USD_0 freqdig_Annual_Income_USD_1 freqdig_Annual_Income_USD_2 freqdig_Annual_Income_USD_3 freqdig_Daily_Commute_km_-4 freqdig_Daily_Commute_km_-3 freqdig_Daily_Commute_km_-2 freqdig_Daily_Commute_km_-1 freqdig_Daily_Commute_km_0 freqdig_Daily_Commute_km_1 freqdig_Daily_Commute_km_2 freqdig_Daily_Commute_km_3 freqdig_Charging_Stations_Near_Home_-4 freqdig_Charging_Stations_Near_Home_-3 freqdig_Charging_Stations_Near_Home_-2 freqdig_Charging_Stations_Near_Home_-1 freqdig_Charging_Stations_Near_Home_0 freqdig_Charging_Stations_Near_Home_1 freqdig_Charging_Stations_Near_Home_2 freqdig_Charging_Stations_Near_Home_3 freqdig_Charging_Stations_Near_Work_-4 freqdig_Charging_Stations_Near_Work_-3 freqdig_Charging_Stations_Near_Work_-2 freqdig_Charging_Stations_Near_Work_-1 freqdig_Charging_Stations_Near_Work_0 freqdig_Charging_Stations_Near_Work_1 freqdig_Charging_Stations_Near_Work_2 freqdig_Charging_Stations_Near_Work_3 freqdig_Environmental_Concern_Level_-4 freqdig_Environmental_Concern_Level_-3 freqdig_Environmental_Concern_Level_-2 freqdig_Environmental_Concern_Level_-1 freqdig_Environmental_Concern_Level_0 freqdig_Environmental_Concern_Level_1 freqdig_Environmental_Concern_Level_2 freqdig_Environmental_Concern_Level_3 q_Annual_Income_USD_10 q_Annual_Income_USD_50 q_Annual_Income_USD_500 q_Annual_Income_USD_5000 q_Daily_Commute_km_1 q_Daily_Commute_km_2 q_Daily_Commute_km_5 q_Daily_Commute_km_10,TEXF,0.946125,lgb,,,,,,,"PHASE 21 SLOT, PRE-REGISTERED BEFORE SUBMISSION. TEXF = TEX + WQ2's freq_cols/freq_digit_cols blocks restored -- isolates Phase 20's unexplained FQ residual (FQ: WQ2 with freq blocks dropped, +0.000021 OOF but a real -0.00008 LB residual against the all-points line, never chased further). RESULT: OOF 0.946125, delta +0.000003 vs TEX (0.946122) -- flat, as predicted (freq_cols are unsupervised value-count features, historically near-null on OOF alone). NOT expected to move OOF; the LB read is the actual question. PREDICTION: fit2 raw 0.94629, fit3 raw 0.94629; champion-family-adjusted 0.94631-0.94633. GATE: if TEXF's LB > TEX's 0.94635 at this flat OOF, the freq blocks were costing something on the board that OOF cannot see and should return to every future recipe; if TEXF <= TEX, FQ's residual was the calibration line's own sigma (0.000061-0.000100) and this lead closes for good."
61fb5598,2026-09-21T00:02:43+00:00,1afeff02f824f43acd3102ef5869677d9021fdc0,,stack,,"logit_mean blend, 2 legs, equal weights",,,5,42,,,0.946151,0.94638,,experiments/preds/61fb5598,,,,,,blend,,,,,,,,,"Phase 22 instrument point (computed free, no slot spent): 2-leg fixed logit-mean blend of TEX (champion, 0.946122/0.94635) + TEXF (best public, 0.946125/0.94637), corr ~0.999+ (near-identical champion-family reps, one freq-block diff). HYPOTHESIS: tests whether the fixed-blend 'wash' pattern confirmed 4x at 6-8 legs (Phase 15 9-leg inversion, Phase 16b 8-leg WQ-pool wash, Phase 20 B6 6-leg wash, Phase 21 8-leg TEX-anchored stack wash) is leg-count-dependent or inherent to averaging near-twins at any pool size -- the one Phase-20-flagged lead nobody has touched since ('the fixed-weight blend penalty question'). GATE: OOF alone can't settle a wash (all prior washes had OOF gains too) -- if OOF clears both solo legs by a non-trivial margin, worth a submission slot to see whether 2-leg averaging escapes the pattern; if OOF is a near-twin wash already (~flat vs max(TEX,TEXF)), the pattern likely holds even at n=2 and the question closes without spending a slot."
f0ba7251,2026-09-21T00:16:49+00:00,1afeff02f824f43acd3102ef5869677d9021fdc0,False,gcarno/s6e9-probe-tex2f,,TEX2F: TEX2 + freq_cols/freq_digit_cols restored -- second independent confirmatory test of TEXF's freq-block LB edge,664.1,175,5,42,0.94613,0.000649,0.946124,0.94636,,experiments/preds/f0ba7251,1179 1224 1559 1012 1386,0.9451 0.945847 0.947053 0.946466 0.946184,42,"Annual_Income_USD,Daily_Commute_km,Age,q_Annual_Income_USD_10,q_Annual_Income_USD_50,q_Annual_Income_USD_500,q_Annual_Income_USD_5000,q_Daily_Commute_km_1,q_Daily_Commute_km_2,q_Daily_Commute_km_5,q_Daily_Commute_km_10,q_Age_2,q_Age_5,q_Age_10",freq_Age freq_Annual_Income_USD freq_Daily_Commute_km freq_Number_of_Cars_Owned freq_Charging_Stations_Near_Home freq_Charging_Stations_Near_Work freq_Environmental_Concern_Level freq_Gender freq_City_Type freq_Current_Car_Type freq_Home_Charging_Possible freq_Subsidy_Available freq_Range_Anxiety_Level digit_Age_-4 digit_Age_-3 digit_Age_-2 digit_Age_-1 digit_Age_0 digit_Age_1 digit_Age_2 digit_Age_3 digit_Annual_Income_USD_-4 digit_Annual_Income_USD_-3 digit_Annual_Income_USD_-2 digit_Annual_Income_USD_-1 digit_Annual_Income_USD_0 digit_Annual_Income_USD_1 digit_Annual_Income_USD_2 digit_Annual_Income_USD_3 digit_Daily_Commute_km_-4 digit_Daily_Commute_km_-3 digit_Daily_Commute_km_-2 digit_Daily_Commute_km_-1 digit_Daily_Commute_km_0 digit_Daily_Commute_km_1 digit_Daily_Commute_km_2 digit_Daily_Commute_km_3 digit_Number_of_Cars_Owned_-4 digit_Number_of_Cars_Owned_-3 digit_Number_of_Cars_Owned_-2 digit_Number_of_Cars_Owned_-1 digit_Number_of_Cars_Owned_0 digit_Number_of_Cars_Owned_1 digit_Number_of_Cars_Owned_2 digit_Number_of_Cars_Owned_3 digit_Charging_Stations_Near_Home_-4 digit_Charging_Stations_Near_Home_-3 digit_Charging_Stations_Near_Home_-2 digit_Charging_Stations_Near_Home_-1 digit_Charging_Stations_Near_Home_0 digit_Charging_Stations_Near_Home_1 digit_Charging_Stations_Near_Home_2 digit_Charging_Stations_Near_Home_3 digit_Charging_Stations_Near_Work_-4 digit_Charging_Stations_Near_Work_-3 digit_Charging_Stations_Near_Work_-2 digit_Charging_Stations_Near_Work_-1 digit_Charging_Stations_Near_Work_0 digit_Charging_Stations_Near_Work_1 digit_Charging_Stations_Near_Work_2 digit_Charging_Stations_Near_Work_3 digit_Environmental_Concern_Level_-4 digit_Environmental_Concern_Level_-3 digit_Environmental_Concern_Level_-2 digit_Environmental_Concern_Level_-1 digit_Environmental_Concern_Level_0 digit_Environmental_Concern_Level_1 digit_Environmental_Concern_Level_2 digit_Environmental_Concern_Level_3 freqdig_Age_-4 freqdig_Age_-3 freqdig_Age_-2 freqdig_Age_-1 freqdig_Age_0 freqdig_Age_1 freqdig_Age_2 freqdig_Age_3 freqdig_Annual_Income_USD_-4 freqdig_Annual_Income_USD_-3 freqdig_Annual_Income_USD_-2 freqdig_Annual_Income_USD_-1 freqdig_Annual_Income_USD_0 freqdig_Annual_Income_USD_1 freqdig_Annual_Income_USD_2 freqdig_Annual_Income_USD_3 freqdig_Daily_Commute_km_-4 freqdig_Daily_Commute_km_-3 freqdig_Daily_Commute_km_-2 freqdig_Daily_Commute_km_-1 freqdig_Daily_Commute_km_0 freqdig_Daily_Commute_km_1 freqdig_Daily_Commute_km_2 freqdig_Daily_Commute_km_3 freqdig_Charging_Stations_Near_Home_-4 freqdig_Charging_Stations_Near_Home_-3 freqdig_Charging_Stations_Near_Home_-2 freqdig_Charging_Stations_Near_Home_-1 freqdig_Charging_Stations_Near_Home_0 freqdig_Charging_Stations_Near_Home_1 freqdig_Charging_Stations_Near_Home_2 freqdig_Charging_Stations_Near_Home_3 freqdig_Charging_Stations_Near_Work_-4 freqdig_Charging_Stations_Near_Work_-3 freqdig_Charging_Stations_Near_Work_-2 freqdig_Charging_Stations_Near_Work_-1 freqdig_Charging_Stations_Near_Work_0 freqdig_Charging_Stations_Near_Work_1 freqdig_Charging_Stations_Near_Work_2 freqdig_Charging_Stations_Near_Work_3 freqdig_Environmental_Concern_Level_-4 freqdig_Environmental_Concern_Level_-3 freqdig_Environmental_Concern_Level_-2 freqdig_Environmental_Concern_Level_-1 freqdig_Environmental_Concern_Level_0 freqdig_Environmental_Concern_Level_1 freqdig_Environmental_Concern_Level_2 freqdig_Environmental_Concern_Level_3 q_Annual_Income_USD_10 q_Annual_Income_USD_50 q_Annual_Income_USD_500 q_Annual_Income_USD_5000 q_Daily_Commute_km_1 q_Daily_Commute_km_2 q_Daily_Commute_km_5 q_Daily_Commute_km_10 q_Age_2 q_Age_5 q_Age_10,TEX2F,0.946124,lgb,,,,,,,"HYPOTHESIS: freq blocks add ~0 OOF (historically null solo, TEXF: +0.000003) but a real, reproducible +0.00002-0.00005 LB edge over their freq-off twin, on a DIFFERENT base than TEXF's (TEX2 instead of TEX) so this is a genuine second paired point, not a re-read of TEXF's own prediction vector. GATE: LB(TEX2F) - LB(TEX2, known 0.94635) >= 0.000027 (near-twin paired SD) with flat OOF => freq blocks are a real LB-only effect, restore into every future recipe including champion. <=0 => TEXF's edge was noise, retire the lead for good. Screened free on Kaggle CPU, no slot spent yet."
f59fab26,2026-09-21T00:16:52+00:00,1afeff02f824f43acd3102ef5869677d9021fdc0,False,gcarno/s6e9-probe-tex2f,1,TEX2F: TEX2 + freq_cols/freq_digit_cols restored -- second independent confirmatory test of TEXF's freq-block LB edge,664.1,175,5,42,0.94613,0.000649,0.946124,,,experiments/preds/f59fab26,1179 1224 1559 1012 1386,0.9451 0.945847 0.947053 0.946466 0.946184,42,"Annual_Income_USD,Daily_Commute_km,Age,q_Annual_Income_USD_10,q_Annual_Income_USD_50,q_Annual_Income_USD_500,q_Annual_Income_USD_5000,q_Daily_Commute_km_1,q_Daily_Commute_km_2,q_Daily_Commute_km_5,q_Daily_Commute_km_10,q_Age_2,q_Age_5,q_Age_10",freq_Age freq_Annual_Income_USD freq_Daily_Commute_km freq_Number_of_Cars_Owned freq_Charging_Stations_Near_Home freq_Charging_Stations_Near_Work freq_Environmental_Concern_Level freq_Gender freq_City_Type freq_Current_Car_Type freq_Home_Charging_Possible freq_Subsidy_Available freq_Range_Anxiety_Level digit_Age_-4 digit_Age_-3 digit_Age_-2 digit_Age_-1 digit_Age_0 digit_Age_1 digit_Age_2 digit_Age_3 digit_Annual_Income_USD_-4 digit_Annual_Income_USD_-3 digit_Annual_Income_USD_-2 digit_Annual_Income_USD_-1 digit_Annual_Income_USD_0 digit_Annual_Income_USD_1 digit_Annual_Income_USD_2 digit_Annual_Income_USD_3 digit_Daily_Commute_km_-4 digit_Daily_Commute_km_-3 digit_Daily_Commute_km_-2 digit_Daily_Commute_km_-1 digit_Daily_Commute_km_0 digit_Daily_Commute_km_1 digit_Daily_Commute_km_2 digit_Daily_Commute_km_3 digit_Number_of_Cars_Owned_-4 digit_Number_of_Cars_Owned_-3 digit_Number_of_Cars_Owned_-2 digit_Number_of_Cars_Owned_-1 digit_Number_of_Cars_Owned_0 digit_Number_of_Cars_Owned_1 digit_Number_of_Cars_Owned_2 digit_Number_of_Cars_Owned_3 digit_Charging_Stations_Near_Home_-4 digit_Charging_Stations_Near_Home_-3 digit_Charging_Stations_Near_Home_-2 digit_Charging_Stations_Near_Home_-1 digit_Charging_Stations_Near_Home_0 digit_Charging_Stations_Near_Home_1 digit_Charging_Stations_Near_Home_2 digit_Charging_Stations_Near_Home_3 digit_Charging_Stations_Near_Work_-4 digit_Charging_Stations_Near_Work_-3 digit_Charging_Stations_Near_Work_-2 digit_Charging_Stations_Near_Work_-1 digit_Charging_Stations_Near_Work_0 digit_Charging_Stations_Near_Work_1 digit_Charging_Stations_Near_Work_2 digit_Charging_Stations_Near_Work_3 digit_Environmental_Concern_Level_-4 digit_Environmental_Concern_Level_-3 digit_Environmental_Concern_Level_-2 digit_Environmental_Concern_Level_-1 digit_Environmental_Concern_Level_0 digit_Environmental_Concern_Level_1 digit_Environmental_Concern_Level_2 digit_Environmental_Concern_Level_3 freqdig_Age_-4 freqdig_Age_-3 freqdig_Age_-2 freqdig_Age_-1 freqdig_Age_0 freqdig_Age_1 freqdig_Age_2 freqdig_Age_3 freqdig_Annual_Income_USD_-4 freqdig_Annual_Income_USD_-3 freqdig_Annual_Income_USD_-2 freqdig_Annual_Income_USD_-1 freqdig_Annual_Income_USD_0 freqdig_Annual_Income_USD_1 freqdig_Annual_Income_USD_2 freqdig_Annual_Income_USD_3 freqdig_Daily_Commute_km_-4 freqdig_Daily_Commute_km_-3 freqdig_Daily_Commute_km_-2 freqdig_Daily_Commute_km_-1 freqdig_Daily_Commute_km_0 freqdig_Daily_Commute_km_1 freqdig_Daily_Commute_km_2 freqdig_Daily_Commute_km_3 freqdig_Charging_Stations_Near_Home_-4 freqdig_Charging_Stations_Near_Home_-3 freqdig_Charging_Stations_Near_Home_-2 freqdig_Charging_Stations_Near_Home_-1 freqdig_Charging_Stations_Near_Home_0 freqdig_Charging_Stations_Near_Home_1 freqdig_Charging_Stations_Near_Home_2 freqdig_Charging_Stations_Near_Home_3 freqdig_Charging_Stations_Near_Work_-4 freqdig_Charging_Stations_Near_Work_-3 freqdig_Charging_Stations_Near_Work_-2 freqdig_Charging_Stations_Near_Work_-1 freqdig_Charging_Stations_Near_Work_0 freqdig_Charging_Stations_Near_Work_1 freqdig_Charging_Stations_Near_Work_2 freqdig_Charging_Stations_Near_Work_3 freqdig_Environmental_Concern_Level_-4 freqdig_Environmental_Concern_Level_-3 freqdig_Environmental_Concern_Level_-2 freqdig_Environmental_Concern_Level_-1 freqdig_Environmental_Concern_Level_0 freqdig_Environmental_Concern_Level_1 freqdig_Environmental_Concern_Level_2 freqdig_Environmental_Concern_Level_3 q_Annual_Income_USD_10 q_Annual_Income_USD_50 q_Annual_Income_USD_500 q_Annual_Income_USD_5000 q_Daily_Commute_km_1 q_Daily_Commute_km_2 q_Daily_Commute_km_5 q_Daily_Commute_km_10 q_Age_2 q_Age_5 q_Age_10,TEX2F,0.946124,lgb,,,,,,,"HYPOTHESIS: freq blocks add ~0 OOF (historically null solo, TEXF: +0.000003) but a real, reproducible +0.00002-0.00005 LB edge over their freq-off twin, on a DIFFERENT base than TEXF's (TEX2 instead of TEX) so this is a genuine second paired point, not a re-read of TEXF's own prediction vector. MECHANISM: unknown -- freq_cols/freq_digit_cols are unsupervised value-count features that have never shown OOF signal alone; if the LB edge is real it must be something the OOF instrument cannot see, structurally similar to Phase 20's unexplained FQ residual. GATE: LB(TEX2F) - LB(TEX2, known 0.94635) >= 0.000027 (near-twin paired SD) with flat OOF => freq blocks are a real LB-only effect, restore into every future recipe including champion. <=0 => TEXF's edge was noise, retire the lead for good. Screened free on Kaggle CPU, no slot spent yet."
50d84171,2026-09-21T00:29:26+00:00,1afeff02f824f43acd3102ef5869677d9021fdc0,False,gcarno/s6e9-probe-texbag,1,TEXbag: TEX + seed_bag=3 (F2/G1rB in-fold model-seed bagging) -- Final-B variance-reduced twin candidate,1417.4,105,5,42,0.946143,0.000632,0.946137,0.94636,,experiments/preds/50d84171,1225 1681 1543 1126 1406,0.94513 0.945879 0.94703 0.946482 0.946192,42,"Annual_Income_USD,Daily_Commute_km,Age,q_Annual_Income_USD_10,q_Annual_Income_USD_50,q_Annual_Income_USD_500,q_Annual_Income_USD_5000,q_Daily_Commute_km_1,q_Daily_Commute_km_2,q_Daily_Commute_km_5,q_Daily_Commute_km_10",digit_Age_-4 digit_Age_-3 digit_Age_-2 digit_Age_-1 digit_Age_0 digit_Age_1 digit_Age_2 digit_Age_3 digit_Annual_Income_USD_-4 digit_Annual_Income_USD_-3 digit_Annual_Income_USD_-2 digit_Annual_Income_USD_-1 digit_Annual_Income_USD_0 digit_Annual_Income_USD_1 digit_Annual_Income_USD_2 digit_Annual_Income_USD_3 digit_Daily_Commute_km_-4 digit_Daily_Commute_km_-3 digit_Daily_Commute_km_-2 digit_Daily_Commute_km_-1 digit_Daily_Commute_km_0 digit_Daily_Commute_km_1 digit_Daily_Commute_km_2 digit_Daily_Commute_km_3 digit_Number_of_Cars_Owned_-4 digit_Number_of_Cars_Owned_-3 digit_Number_of_Cars_Owned_-2 digit_Number_of_Cars_Owned_-1 digit_Number_of_Cars_Owned_0 digit_Number_of_Cars_Owned_1 digit_Number_of_Cars_Owned_2 digit_Number_of_Cars_Owned_3 digit_Charging_Stations_Near_Home_-4 digit_Charging_Stations_Near_Home_-3 digit_Charging_Stations_Near_Home_-2 digit_Charging_Stations_Near_Home_-1 digit_Charging_Stations_Near_Home_0 digit_Charging_Stations_Near_Home_1 digit_Charging_Stations_Near_Home_2 digit_Charging_Stations_Near_Home_3 digit_Charging_Stations_Near_Work_-4 digit_Charging_Stations_Near_Work_-3 digit_Charging_Stations_Near_Work_-2 digit_Charging_Stations_Near_Work_-1 digit_Charging_Stations_Near_Work_0 digit_Charging_Stations_Near_Work_1 digit_Charging_Stations_Near_Work_2 digit_Charging_Stations_Near_Work_3 digit_Environmental_Concern_Level_-4 digit_Environmental_Concern_Level_-3 digit_Environmental_Concern_Level_-2 digit_Environmental_Concern_Level_-1 digit_Environmental_Concern_Level_0 digit_Environmental_Concern_Level_1 digit_Environmental_Concern_Level_2 digit_Environmental_Concern_Level_3 q_Annual_Income_USD_10 q_Annual_Income_USD_50 q_Annual_Income_USD_500 q_Annual_Income_USD_5000 q_Daily_Commute_km_1 q_Daily_Commute_km_2 q_Daily_Commute_km_5 q_Daily_Commute_km_10,TEXbag,0.946137,lgb,,,,,,,"HYPOTHESIS: OOF stays within noise of TEX (F2's own bagging of E1 bought +0.000034, a null) but the recipe is the variance-reduced twin the playbook sec 9 says to bank ahead of the deadline (Final A = best OOF/simplest recipe, Final B = same idea with less fitted machinery / lower variance). GATE: none to clear for promotion -- this ships regardless of OOF delta once screened, purely to bank a Final-B candidate and its LB residual before 2026-09-30. Screened free on Kaggle CPU first, no slot spent yet."
74c16e6e,2026-09-21T00:45:51+00:00,1afeff02f824f43acd3102ef5869677d9021fdc0,False,gcarno/s6e9-probe-catincome,1,CatIncome: CatTEX + Annual_Income_USD handed to CatBoost as a native (ordered-TE) categorical,2446.9,106,5,42,0.945991,0.000581,0.945985,0.94613,,experiments/preds/74c16e6e,1134 867 912 762 752,0.945137 0.945656 0.946838 0.946351 0.945975,42,"Annual_Income_USD,Daily_Commute_km,Age,q_Annual_Income_USD_10,q_Annual_Income_USD_50,q_Annual_Income_USD_500,q_Annual_Income_USD_5000,q_Daily_Commute_km_1,q_Daily_Commute_km_2,q_Daily_Commute_km_5,q_Daily_Commute_km_10",digit_Age_-4 digit_Age_-3 digit_Age_-2 digit_Age_-1 digit_Age_0 digit_Age_1 digit_Age_2 digit_Age_3 digit_Annual_Income_USD_-4 digit_Annual_Income_USD_-3 digit_Annual_Income_USD_-2 digit_Annual_Income_USD_-1 digit_Annual_Income_USD_0 digit_Annual_Income_USD_1 digit_Annual_Income_USD_2 digit_Annual_Income_USD_3 digit_Daily_Commute_km_-4 digit_Daily_Commute_km_-3 digit_Daily_Commute_km_-2 digit_Daily_Commute_km_-1 digit_Daily_Commute_km_0 digit_Daily_Commute_km_1 digit_Daily_Commute_km_2 digit_Daily_Commute_km_3 digit_Number_of_Cars_Owned_-4 digit_Number_of_Cars_Owned_-3 digit_Number_of_Cars_Owned_-2 digit_Number_of_Cars_Owned_-1 digit_Number_of_Cars_Owned_0 digit_Number_of_Cars_Owned_1 digit_Number_of_Cars_Owned_2 digit_Number_of_Cars_Owned_3 digit_Charging_Stations_Near_Home_-4 digit_Charging_Stations_Near_Home_-3 digit_Charging_Stations_Near_Home_-2 digit_Charging_Stations_Near_Home_-1 digit_Charging_Stations_Near_Home_0 digit_Charging_Stations_Near_Home_1 digit_Charging_Stations_Near_Home_2 digit_Charging_Stations_Near_Home_3 digit_Charging_Stations_Near_Work_-4 digit_Charging_Stations_Near_Work_-3 digit_Charging_Stations_Near_Work_-2 digit_Charging_Stations_Near_Work_-1 digit_Charging_Stations_Near_Work_0 digit_Charging_Stations_Near_Work_1 digit_Charging_Stations_Near_Work_2 digit_Charging_Stations_Near_Work_3 digit_Environmental_Concern_Level_-4 digit_Environmental_Concern_Level_-3 digit_Environmental_Concern_Level_-2 digit_Environmental_Concern_Level_-1 digit_Environmental_Concern_Level_0 digit_Environmental_Concern_Level_1 digit_Environmental_Concern_Level_2 digit_Environmental_Concern_Level_3 q_Annual_Income_USD_10 q_Annual_Income_USD_50 q_Annual_Income_USD_500 q_Annual_Income_USD_5000 q_Daily_Commute_km_1 q_Daily_Commute_km_2 q_Daily_Commute_km_5 q_Daily_Commute_km_10 cat_Annual_Income_USD,CatIncome,,cat,,0.945985,,,,,"HYPOTHESIS: CatBoost's ordered-boosting categorical statistics regularize differently than LightGBM's free-form split search, which memorizes an unregularized high-cardinality categorical (F1: -0.000999 vs E1) and degrades smoothly with cardinality even when coarsened (SKa/b/c: -0.000004/-0.000078/-0.000342 vs FQ). Untested: does an ordered-boosting-based encoder recover any of the ~12-32% residual per-value structure Phase 1c's residual-variance-ratio test left on the table (0.68-0.88 of expected, not fully 1.0)? MECHANISM: ordered TE only uses PAST rows in the (randomly permuted) training order to encode each row's categorical value, which is a fundamentally different leakage-control/regularization scheme than LightGBM's greedy leaf-wise split search over one-hot-style categorical partitions. GATE vs CatTEX (this probe's own same-representation baseline, screened in parallel): >=+0.0000949 OOF reopens the categorical-identity axis Phase 20's SK ladder closed for LightGBM specifically (not for boosting generally); a null or negative result confirms Phase 1c's structural finding (the per-value lookup is already fully extracted by the TE, no boosting family's native categorical handling adds information) generalizes beyond LightGBM. Screened free on Kaggle CPU, no slot spent yet."
3da3ad60,2026-09-21T01:26:50+00:00,1afeff02f824f43acd3102ef5869677d9021fdc0,True,gcarno/s6e9-probe-cattex,,"CatTEX: TEX's exact 105-feature representation, learner switched to CatBoost, no native categoricals",4864.2,105,5,42,0.946118,0.000625,0.946114,0.94625,,experiments/preds/3da3ad60,1406 1538 2605 1577 1906,0.945201 0.945738 0.947042 0.946454 0.946155,42,"Annual_Income_USD,Daily_Commute_km,Age,q_Annual_Income_USD_10,q_Annual_Income_USD_50,q_Annual_Income_USD_500,q_Annual_Income_USD_5000,q_Daily_Commute_km_1,q_Daily_Commute_km_2,q_Daily_Commute_km_5,q_Daily_Commute_km_10",digit_Age_-4 digit_Age_-3 digit_Age_-2 digit_Age_-1 digit_Age_0 digit_Age_1 digit_Age_2 digit_Age_3 digit_Annual_Income_USD_-4 digit_Annual_Income_USD_-3 digit_Annual_Income_USD_-2 digit_Annual_Income_USD_-1 digit_Annual_Income_USD_0 digit_Annual_Income_USD_1 digit_Annual_Income_USD_2 digit_Annual_Income_USD_3 digit_Daily_Commute_km_-4 digit_Daily_Commute_km_-3 digit_Daily_Commute_km_-2 digit_Daily_Commute_km_-1 digit_Daily_Commute_km_0 digit_Daily_Commute_km_1 digit_Daily_Commute_km_2 digit_Daily_Commute_km_3 digit_Number_of_Cars_Owned_-4 digit_Number_of_Cars_Owned_-3 digit_Number_of_Cars_Owned_-2 digit_Number_of_Cars_Owned_-1 digit_Number_of_Cars_Owned_0 digit_Number_of_Cars_Owned_1 digit_Number_of_Cars_Owned_2 digit_Number_of_Cars_Owned_3 digit_Charging_Stations_Near_Home_-4 digit_Charging_Stations_Near_Home_-3 digit_Charging_Stations_Near_Home_-2 digit_Charging_Stations_Near_Home_-1 digit_Charging_Stations_Near_Home_0 digit_Charging_Stations_Near_Home_1 digit_Charging_Stations_Near_Home_2 digit_Charging_Stations_Near_Home_3 digit_Charging_Stations_Near_Work_-4 digit_Charging_Stations_Near_Work_-3 digit_Charging_Stations_Near_Work_-2 digit_Charging_Stations_Near_Work_-1 digit_Charging_Stations_Near_Work_0 digit_Charging_Stations_Near_Work_1 digit_Charging_Stations_Near_Work_2 digit_Charging_Stations_Near_Work_3 digit_Environmental_Concern_Level_-4 digit_Environmental_Concern_Level_-3 digit_Environmental_Concern_Level_-2 digit_Environmental_Concern_Level_-1 digit_Environmental_Concern_Level_0 digit_Environmental_Concern_Level_1 digit_Environmental_Concern_Level_2 digit_Environmental_Concern_Level_3 q_Annual_Income_USD_10 q_Annual_Income_USD_50 q_Annual_Income_USD_500 q_Annual_Income_USD_5000 q_Daily_Commute_km_1 q_Daily_Commute_km_2 q_Daily_Commute_km_5 q_Daily_Commute_km_10,CatTEX,,cat,,0.946114,,,,,"HYPOTHESIS: baseline for CatIncome. CatBoost on this representation has never been run -- E5r0 (0.945886) used the older, superseded R0 recipe. Expect CatTEX to land somewhat below TEX's LightGBM OOF (0.946122), consistent with CatBoost consistently trailing LightGBM on this feature set throughout the competition; the point is a clean same-representation baseline for CatIncome's delta, not a promotion attempt. GATE: none -- pure baseline, no slot spent."
7844a725,2026-09-22T01:26:07+00:00,54dd98b896d8435d4ef79af6aed880b83c7287d5,,stack,,"logit_mean blend, 4 legs, equal weights",,,5,42,,,0.946196,0.94634,,experiments/preds/7844a725,,,,,,blend,,,,,,,,,"PHASE 23 SLOT 1, PRE-REGISTERED BEFORE SUBMISSION. Best ours-only fixed blend found by exhaustive 2-6 leg enumeration over 14 distinct champion-family recipes (6461 combos, zero slots). HYPOTHESIS: none -- this is BANKED, not promoted. OOF 0.946196 is +0.000045 over champion blend(TEX,TEXF) 0.946151, BELOW the +0.0000949 shipping gate, so no promotion is claimed whatever the LB says. MECHANISM/FINDING: the ours-only blend axis is a PLATEAU, not a hump -- best OOF at k=2/3/4/5/6 is 0.946189/0.946194/0.946196/0.946196/0.946196. Phase 22's 'small blends gain, 6-8 legs wash' does not survive full enumeration: there is no wash by leg count, and the 8-leg stack's wash was a property of FITTING, not of leg count. CatTEX appears in all 10 top blends -- the CatBoost leg is the only real diversity in our own pool. TWO PURPOSES: (1) banks the best ours-only Final A candidate, which must be a submitted entry to be selectable on 2026-09-30 under tonight's A/B hedge; (2) tests whether CatBoost's measured -0.00010 LB family offset (Phase 22, CatTEX solo 0.946114 -> 0.94625 at matched OOF) PROPAGATES through a fixed blend. PRE-REGISTERED FORK: if the offset propagates at its 1/4 weight, LB lands near 0.94635 or below and the current champion stays Final A; if LB >= 0.94640 the offset does not survive averaging and CatTEX becomes a live blend ingredient."
413d78a3,2026-09-22T01:27:12+00:00,54dd98b896d8435d4ef79af6aed880b83c7287d5,,public_blend,,public-mix logit blend: OURS(61fb5598)*0.50 + 6view+rmlp*0.50,,,5,42,,,0.946329,0.94644,,experiments/preds/413d78a3,,,,,,blend,,,,,,,,,"PHASE 23 SLOT 2, PRE-REGISTERED BEFORE SUBMISSION. First shipped model in this competition containing PUBLIC artifacts -- README section 5's scheduled artifact-sharing reassessment was held 2026-09-21, the date it was pinned to on day one, and OPENED, with the hedge structured as Final A = ours-only, Final B = public mix. Price of the ours-only rule at decision time: ~350 places of public rank (our 0.94638 = rank 448/2648; public artifact-pooling reaches ~0.94656 = rank ~90). HYPOTHESIS: public legs from a different modelling lineage add real ranking diversity to our champion. OOF 0.946329, +0.000178 over champion, clears the +0.0000949 gate on paper. GATE/CAUTION, pre-registered: this OOF is NOT trustworthy on this axis for two measured reasons -- (a) both public legs are 10-fold OOF, which reads ~0.00018 optimistic against this LB (our own e1495238/X4_10fold: OOF 0.946122 -> LB 0.94617 where TEX at the IDENTICAL OOF scored 0.94635); (b) RealMLP is non-GBDT and Phase 3 measured that one non-GBDT point blows the OOF->LB residual sigma from 0.000103 to 0.000340. So the LB is the arbiter here, not our OOF. This is slot 2 of a 3-point DOSE-RESPONSE (ours-weight 0.50/0.34/0.25) with a matched-weight 5-fold-only control at slot 5. PREDICTION: if public diversity is real, LB rises monotonically as ours-weight falls; if the OOF gain is 10-fold inflation plus best-of-60 selection bias, LB comes out flat or inverted across slots 2-4."
3096f75f,2026-09-22T01:28:20+00:00,54dd98b896d8435d4ef79af6aed880b83c7287d5,,public_blend,,public-mix logit blend: OURS(61fb5598)*0.34 + 6view+rmlp*0.66,,,5,42,,,0.946374,0.94646,,experiments/preds/3096f75f,,,,,,blend,,,,,,,,,"PHASE 23 SLOT 3, PRE-REGISTERED BEFORE SUBMISSION. Middle point of the 3-point public dose-response (ours-weight 0.50 -> 0.34 -> 0.25). OOF 0.946374, +0.000223 over champion, +0.000045 over slot 2's 0.946329. HYPOTHESIS: if the public legs carry real ranking diversity rather than inflated OOF, increasing their share from 0.50 to 0.66 raises LB further; slot 2 already returned 0.94644 (+0.00006 over champion, best public score of the competition), so the axis is real and this measures its SHAPE. The competing model is that OOF overstates the public side (both legs 10-fold, ~0.00018 optimistic per e1495238) and there is an interior optimum where our own 5-fold-honest side still carries most of the weight -- under which this lands at or below slot 2. Same caveat as slot 2: RealMLP is non-GBDT, so Phase 3's family-generalization caution applies and the LB is the arbiter, not our OOF. Public provenance recorded in manifest.json per the new policy: megayak/s6e9-six-feature-views-oof-library (ensemble + RealMLP 3seed)."
e685c35f,2026-09-22T01:29:23+00:00,54dd98b896d8435d4ef79af6aed880b83c7287d5,,public_blend,,public-mix logit blend: OURS(61fb5598)*0.25 + 6view+rmlp*0.75,,,5,42,,,0.946393,0.94645,,experiments/preds/e685c35f,,,,,,blend,,,,,,,,,"PHASE 23 SLOT 4, PRE-REGISTERED BEFORE SUBMISSION. Third and heaviest point of the public dose-response (ours-weight 0.25, public share 0.75) and the OOF-max candidate of the 60-combination offline search: OOF 0.946393, +0.000243 over champion. This is the FINAL B SEED under tonight's A/B hedge -- Final A stays ours-only, Final B carries the public mix. Dose-response so far: champion 0.94638 (ours-only) -> slot 2 w=0.50 0.94644 -> slot 3 w=0.34 0.94646, monotone rising as public share rises, which is the signature of REAL added diversity rather than 10-fold OOF inflation (inflation would show flat or inverted LB while OOF kept climbing). This slot tests whether that monotonicity CONTINUES to 0.75 public share or turns over -- an interior optimum would say our own 5-fold-honest side still carries irreplaceable weight. Note the selection caveat: OOF picked this as best-of-60, so roughly +0.00005 of its OOF edge may be selection bias; the LB reading is what counts. Public provenance in manifest.json: megayak/s6e9-six-feature-views-oof-library (ensemble + RealMLP 3seed), both 10-fold."
4b46b9dd,2026-09-22T01:30:27+00:00,54dd98b896d8435d4ef79af6aed880b83c7287d5,,public_blend,,public-mix logit blend: OURS(61fb5598)*0.50 + xgb5f*0.50,,,5,42,,,0.946255,0.94644,,experiments/preds/4b46b9dd,,,,,,blend,,,,,,,,,"PHASE 23 SLOT 5, PRE-REGISTERED BEFORE SUBMISSION. THE CONTROL that makes slots 2-4 readable. Matched to slot 2 on our own weight (0.50) but its single public leg is 5-FOLD (najiama/s6e9-oof, XGBoost_Triple_TE_5folds, solo OOF 0.946142) -- no 10-fold leg anywhere in it, so it carries NONE of the ~0.00018 OOF inflation measured on our own e1495238. OOF 0.946255, +0.000105 over champion, which is +0.0000949-clearing but a full +0.000073 BELOW slot 2's 0.946329 at the same ours-weight; ALL of that difference comes from the 10-fold legs. PRE-REGISTERED READ: if slot 2 (0.94644) beats this by roughly the +0.000073 OOF difference, the 10-fold legs are genuinely adding and the dose-response is real. If this MATCHES or beats slot 2, then the 10-fold inflation explains slot 2's OOF edge, the public axis is worth about +0.0001 rather than +0.00024, and the honest Final B should be built on 5-fold-honest public artifacts only. Either way this is the cleanest single point of the night: it isolates fold-count inflation from real ranking diversity at constant weight on our own side."
e6db88da,2026-09-22T23:55:41+00:00,04850b4a9d2a01e39494a27ee55f4c86d1e43eb1,,public_blend,,P24 s1 FOLDHONEST: rank_mean OURS(61fb5598)*0.34 + [xgb5f+lgbV5]*0.66,,,5,42,,,0.946304,,,experiments/preds/e6db88da,,,,,,blend,,,,,,,,,"PHASE 24 SLOT 1, PRE-REGISTERED BEFORE SUBMISSION. THE HEADLINE PROBE. HYPOTHESIS: the 10-fold OOF discount is a PREDICTOR, not just a description of Phase 23 slot 5. MECHANISM: a 10-fold OOF row is scored by a model trained on 90% of the file, a 5-fold row by one trained on 80%; the extra training data makes a 10-fold leg's OOF optimistic relative to what it does on test. Measured at ~0.00018 on our own e1495238 (OOF 0.946122 -> LB 0.94617 where TEX at the IDENTICAL OOF scored 0.94635) and reproduced on public artifacts by Phase 23 slot 5. PREDICTION: this blend is -0.000070 OOF below Phase 23 slot 3 (0.946374 -> LB 0.94646) but carries ZERO fold inflation on its public side, while slot 3 carries 0.66 x 0.00018 = ~0.00012 of it; discount-adjusted this leads by ~+0.00005. Combiner is a NO-OP here (logit 0.946305 vs rank 0.946304) because every leg is in probability space -- that is what leaves this unconfounded against slot 2. GATE: LB >= 0.94646 CONFIRMS and moves Final B to the fold-honest recipe. LB <= 0.94643 (a drop past the 0.000027 near-twin resolution) FALSIFIES: OOF ranks this axis correctly and the discount is descriptive only. 0.94644-0.94645 = NO RESOLUTION, read as one score per Phase 21, NOT as a weak positive."
b0eaa810,2026-09-22T23:55:50+00:00,04850b4a9d2a01e39494a27ee55f4c86d1e43eb1,,public_blend,,P24 s2 RANKCTRL: rank_mean OURS(61fb5598)*0.34 + [6view+rmlp]*0.66,,,5,42,,,0.946395,,,experiments/preds/b0eaa810,,,,,,blend,,,,,,,,,"PHASE 24 SLOT 2, PRE-REGISTERED BEFORE SUBMISSION. THE CONTROL THAT MAKES SLOT 1 READABLE. Strict twin of Phase 23 slot 3 (3096f75f, OOF 0.946374 -> LB 0.94646) in exactly one field: combiner logit_mean -> rank_mean. Without it slot 1 differs from slot 3 in BOTH legs and combiner. HYPOTHESIS: Phase 23's nominal weights were not its effective weights, because 6view/rmlp ship PERCENTILE RANKS (logit SD 1.81) while our side ships probabilities (3.18), so '0.34 ours' actually weighted us 0.34*3.18=1.08 against 0.66*1.81=1.20, an effective ~47/53. MECHANISM: rank_mean is scale-free. Offline it is worth +0.000021 OOF here (+0.000039 at w=0.50, +0.000008 at w=0.25 -- correctly signed, largest where the mismatch is worst) and is BELOW the +0.0000949 shipping gate, so this is a parameterization correction and not a free win. GATE: expect a TIE with 0.94646, which closes the combiner question and licenses rank_mean as the standing default. A move >= +0.00003 is a genuine surprise and earns an independent confirmatory twin rather than a promotion."
1184af71,2026-09-22T23:55:59+00:00,04850b4a9d2a01e39494a27ee55f4c86d1e43eb1,,public_blend,,P24 s3 MIX: rank_mean OURS(61fb5598)*0.25 + [6view+rmlp+xgb5f+lgbV5]*0.75,,,5,42,,,0.946388,,,experiments/preds/1184af71,,,,,,blend,,,,,,,,,"PHASE 24 SLOT 3, PRE-REGISTERED BEFORE SUBMISSION. THE FINAL B CANDIDATE. Half the public side fold-honest (xgb5f, lgbV5 at 5 folds) and half 10-fold (6view, rmlp). HYPOTHESIS: if slot 1's fold-honesty mechanism holds, mixing honest legs into the 10-fold pool should beat either pool alone, because the honest legs contribute real ranking rather than inflated OOF. Pairs against Phase 23 slot 4 (e685c35f, OOF 0.946393 -> LB 0.94645), which is the same public share (0.75) carried entirely by 10-fold legs. Note this sits BELOW slot 4's OOF (0.946388 vs 0.946393) and that is the point: OOF prefers the inflated pool. GATE: LB > 0.94646 makes this the best score of the competition and Final B. Otherwise Final B stays Phase 23 slot 3's recipe (3096f75f)."
7c4cdc76,2026-09-22T23:56:07+00:00,04850b4a9d2a01e39494a27ee55f4c86d1e43eb1,,public_blend,,P24 s4 FOLDHONEST50: rank_mean OURS(61fb5598)*0.50 + [xgb5f+lgbV5]*0.50,,,5,42,,,0.946297,,,experiments/preds/7c4cdc76,,,,,,blend,,,,,,,,,"PHASE 24 SLOT 4, PRE-REGISTERED BEFORE SUBMISSION. THE SECOND DOSE POINT, which is what turns slot 1 from one point into a slope. Same test as slot 1 at public share 0.50 instead of 0.66, and it pairs against TWO known Phase 23 scores that both read 0.94644: slot 2 (413d78a3, 0.50 ours + two 10-fold legs, OOF 0.946329) and slot 5 (4b46b9dd, 0.50 ours + one 5-fold leg, OOF 0.946255). This blend sits between them on OOF (0.946297). GATE: LB >= 0.94644. SLOTS 1 AND 4 BOTH CLEARING => the discount is a consistent property of fold count and is promoted to a standing correction. ONLY ONE CLEARING => a single-point coincidence, and the mechanism is NOT promoted however good that one point looks."
44e81167,2026-09-22T23:56:14+00:00,04850b4a9d2a01e39494a27ee55f4c86d1e43eb1,,public_only,,"P24 s5 PUBONLY: rank_mean [xgb5f+lgbV5], no ours (PROBE, not final-selectable)",,,5,42,,,0.946249,,,experiments/preds/44e81167,,,,,,blend,,,,,,,,,"PHASE 24 SLOT 5, PRE-REGISTERED BEFORE SUBMISSION. THE ABSOLUTE ANCHOR. We have never measured a public artifact's own LB -- every public reading in Phase 23 was a mixture, so the 10-fold discount is known only as a ratio. This is the pure fold-honest public side, OOF 0.946249, +0.000098 over our own champion's 0.946151. READING: LB >= 0.94638 (our champion) => the public legs are genuinely better models and our side is ballast on this axis. Well below => the public OOF advantage is largely fold inflation and our champion is carrying the mix. Either way it converts the discount from a ratio into a number and calibrates every future public blend. NOT FINAL-SELECTABLE: it contains no leg we trained, i.e. it is the inverse of README section 5's hedge, and manifest.json records final_selectable=false so the deadline audit can see that at a glance. Logged as a probe."
